ISO-10303-21;
HEADER;
/* Generated by software containing ST-Developer
 * from STEP Tools, Inc. (www.steptools.com) 
 */
/* OPTION: using custom renumber hook */

FILE_DESCRIPTION(
/* description */ ('STEP AP242 Edition 2',
'CAx-IF Rec.Pracs.---Representation and Presentation of Product Manufa
cturing Information (PMI)---4.0---2014-10-13',
'CAx-IF Rec.Pracs.---3D Tessellated Geometry---0.4---2014-09-14','2;1',
'CAx-IF Rec.Pracs.---User Defined Attributes---1.5---2016-08-15'),
/* implementation_level */ '2;1');

FILE_NAME(
/* name */ 'Part Studio 1 - Nema17 stepper housing',
/* time_stamp */ '2026-09-23T17:26:42Z',
/* author */ (''),
/* organization */ (''),
/* preprocessor_version */ 'ST-DEVELOPER v20',
/* originating_system */ 'ONSHAPE BY PTC INC, 1.221',
/* authorisation */ '  ');

FILE_SCHEMA (('AP242_MANAGED_MODEL_BASED_3D_ENGINEERING_MIM_LF { 1 0 10303 442 3 1 4 }'));
ENDSEC;

DATA;
#10=SHAPE_REPRESENTATION_RELATIONSHIP('','',#1909,#11);
#11=ADVANCED_BREP_SHAPE_REPRESENTATION('',(#1907),#3269);
#12=B_SPLINE_CURVE_WITH_KNOTS('',3,(#2835,#2836,#2837,#2838),
 .UNSPECIFIED.,.F.,.F.,(4,4),(0.,0.000176844939665555),.UNSPECIFIED.);
#13=B_SPLINE_CURVE_WITH_KNOTS('',3,(#2841,#2842,#2843,#2844,#2845,#2846),
 .UNSPECIFIED.,.F.,.F.,(4,1,1,4),(0.,0.000982510588377676,0.00196502117675535,
0.00393004235351071),.UNSPECIFIED.);
#14=B_SPLINE_CURVE_WITH_KNOTS('',3,(#2850,#2851,#2852,#2853,#2854,#2855),
 .UNSPECIFIED.,.F.,.F.,(4,1,1,4),(2.31076627351483E-16,0.000982510588378492,
0.00196502117675675,0.00393004235351327),.UNSPECIFIED.);
#15=B_SPLINE_CURVE_WITH_KNOTS('',3,(#2857,#2858,#2859,#2860),
 .UNSPECIFIED.,.F.,.F.,(4,4),(0.,0.000177444224966773),.UNSPECIFIED.);
#16=B_SPLINE_CURVE_WITH_KNOTS('',3,(#2864,#2865,#2866,#2867),
 .UNSPECIFIED.,.F.,.F.,(4,4),(0.,1.),.UNSPECIFIED.);
#17=B_SPLINE_CURVE_WITH_KNOTS('',3,(#2871,#2872,#2873,#2874),
 .UNSPECIFIED.,.F.,.F.,(4,4),(0.,1.),.UNSPECIFIED.);
#18=B_SPLINE_CURVE_WITH_KNOTS('',3,(#2876,#2877,#2878,#2879,#2880),
 .UNSPECIFIED.,.F.,.F.,(4,1,4),(0.,0.00161271665693124,0.00322543331386247),
 .UNSPECIFIED.);
#19=PLANE('',#1932);
#20=PLANE('',#1935);
#21=PLANE('',#1949);
#22=PLANE('',#1950);
#23=PLANE('',#1981);
#24=PLANE('',#1986);
#25=PLANE('',#1991);
#26=PLANE('',#2012);
#27=PLANE('',#2015);
#28=PLANE('',#2020);
#29=PLANE('',#2024);
#30=PLANE('',#2028);
#31=PLANE('',#2032);
#32=PLANE('',#2033);
#33=PLANE('',#2034);
#34=PLANE('',#2035);
#35=PLANE('',#2036);
#36=PLANE('',#2037);
#37=PLANE('',#2040);
#38=PLANE('',#2045);
#39=PLANE('',#2046);
#40=PLANE('',#2049);
#41=PLANE('',#2054);
#42=PLANE('',#2055);
#43=PLANE('',#2058);
#44=PLANE('',#2060);
#45=PLANE('',#2062);
#46=PLANE('',#2063);
#47=PLANE('',#2066);
#48=PLANE('',#2068);
#49=PLANE('',#2075);
#50=PLANE('',#2079);
#51=PLANE('',#2083);
#52=PLANE('',#2088);
#53=PLANE('',#2089);
#54=PLANE('',#2092);
#55=PLANE('',#2095);
#56=PLANE('',#2096);
#57=PLANE('',#2099);
#58=PLANE('',#2100);
#59=PLANE('',#2101);
#60=PLANE('',#2102);
#61=PLANE('',#2104);
#62=PLANE('',#2105);
#63=PLANE('',#2107);
#64=PLANE('',#2110);
#65=PLANE('',#2113);
#66=PLANE('',#2116);
#67=PLANE('',#2119);
#68=LINE('',#2718,#219);
#69=LINE('',#2723,#220);
#70=LINE('',#2730,#221);
#71=LINE('',#2734,#222);
#72=LINE('',#2736,#223);
#73=LINE('',#2738,#224);
#74=LINE('',#2742,#225);
#75=LINE('',#2746,#226);
#76=LINE('',#2747,#227);
#77=LINE('',#2749,#228);
#78=LINE('',#2751,#229);
#79=LINE('',#2753,#230);
#80=LINE('',#2757,#231);
#81=LINE('',#2759,#232);
#82=LINE('',#2761,#233);
#83=LINE('',#2763,#234);
#84=LINE('',#2765,#235);
#85=LINE('',#2767,#236);
#86=LINE('',#2769,#237);
#87=LINE('',#2773,#238);
#88=LINE('',#2777,#239);
#89=LINE('',#2781,#240);
#90=LINE('',#2785,#241);
#91=LINE('',#2789,#242);
#92=LINE('',#2793,#243);
#93=LINE('',#2798,#244);
#94=LINE('',#2802,#245);
#95=LINE('',#2807,#246);
#96=LINE('',#2811,#247);
#97=LINE('',#2812,#248);
#98=LINE('',#2814,#249);
#99=LINE('',#2816,#250);
#100=LINE('',#2818,#251);
#101=LINE('',#2820,#252);
#102=LINE('',#2821,#253);
#103=LINE('',#2823,#254);
#104=LINE('',#2824,#255);
#105=LINE('',#2826,#256);
#106=LINE('',#2828,#257);
#107=LINE('',#2830,#258);
#108=LINE('',#2832,#259);
#109=LINE('',#2833,#260);
#110=LINE('',#2870,#261);
#111=LINE('',#2882,#262);
#112=LINE('',#2884,#263);
#113=LINE('',#2891,#264);
#114=LINE('',#2895,#265);
#115=LINE('',#2902,#266);
#116=LINE('',#2912,#267);
#117=LINE('',#2916,#268);
#118=LINE('',#2923,#269);
#119=LINE('',#2930,#270);
#120=LINE('',#2932,#271);
#121=LINE('',#2934,#272);
#122=LINE('',#2936,#273);
#123=LINE('',#2938,#274);
#124=LINE('',#2942,#275);
#125=LINE('',#2946,#276);
#126=LINE('',#2950,#277);
#127=LINE('',#2954,#278);
#128=LINE('',#2956,#279);
#129=LINE('',#2958,#280);
#130=LINE('',#2960,#281);
#131=LINE('',#2963,#282);
#132=LINE('',#2965,#283);
#133=LINE('',#2967,#284);
#134=LINE('',#2971,#285);
#135=LINE('',#2975,#286);
#136=LINE('',#2979,#287);
#137=LINE('',#2983,#288);
#138=LINE('',#2985,#289);
#139=LINE('',#2987,#290);
#140=LINE('',#2989,#291);
#141=LINE('',#2990,#292);
#142=LINE('',#2995,#293);
#143=LINE('',#2999,#294);
#144=LINE('',#3003,#295);
#145=LINE('',#3007,#296);
#146=LINE('',#3015,#297);
#147=LINE('',#3019,#298);
#148=LINE('',#3023,#299);
#149=LINE('',#3025,#300);
#150=LINE('',#3029,#301);
#151=LINE('',#3033,#302);
#152=LINE('',#3035,#303);
#153=LINE('',#3039,#304);
#154=LINE('',#3041,#305);
#155=LINE('',#3043,#306);
#156=LINE('',#3045,#307);
#157=LINE('',#3047,#308);
#158=LINE('',#3048,#309);
#159=LINE('',#3052,#310);
#160=LINE('',#3056,#311);
#161=LINE('',#3060,#312);
#162=LINE('',#3064,#313);
#163=LINE('',#3068,#314);
#164=LINE('',#3072,#315);
#165=LINE('',#3074,#316);
#166=LINE('',#3078,#317);
#167=LINE('',#3082,#318);
#168=LINE('',#3083,#319);
#169=LINE('',#3084,#320);
#170=LINE('',#3085,#321);
#171=LINE('',#3091,#322);
#172=LINE('',#3092,#323);
#173=LINE('',#3093,#324);
#174=LINE('',#3094,#325);
#175=LINE('',#3109,#326);
#176=LINE('',#3111,#327);
#177=LINE('',#3113,#328);
#178=LINE('',#3115,#329);
#179=LINE('',#3119,#330);
#180=LINE('',#3121,#331);
#181=LINE('',#3123,#332);
#182=LINE('',#3130,#333);
#183=LINE('',#3131,#334);
#184=LINE('',#3133,#335);
#185=LINE('',#3135,#336);
#186=LINE('',#3139,#337);
#187=LINE('',#3141,#338);
#188=LINE('',#3143,#339);
#189=LINE('',#3147,#340);
#190=LINE('',#3152,#341);
#191=LINE('',#3154,#342);
#192=LINE('',#3155,#343);
#193=LINE('',#3157,#344);
#194=LINE('',#3159,#345);
#195=LINE('',#3160,#346);
#196=LINE('',#3162,#347);
#197=LINE('',#3164,#348);
#198=LINE('',#3166,#349);
#199=LINE('',#3170,#350);
#200=LINE('',#3171,#351);
#201=LINE('',#3174,#352);
#202=LINE('',#3176,#353);
#203=LINE('',#3178,#354);
#204=LINE('',#3180,#355);
#205=LINE('',#3190,#356);
#206=LINE('',#3194,#357);
#207=LINE('',#3198,#358);
#208=LINE('',#3218,#359);
#209=LINE('',#3220,#360);
#210=LINE('',#3224,#361);
#211=LINE('',#3226,#362);
#212=LINE('',#3228,#363);
#213=LINE('',#3232,#364);
#214=LINE('',#3234,#365);
#215=LINE('',#3244,#366);
#216=LINE('',#3245,#367);
#217=LINE('',#3248,#368);
#218=LINE('',#3250,#369);
#219=VECTOR('',#2154,1.);
#220=VECTOR('',#2157,1.);
#221=VECTOR('',#2164,1.);
#222=VECTOR('',#2167,1.);
#223=VECTOR('',#2170,1.);
#224=VECTOR('',#2171,1.);
#225=VECTOR('',#2174,1.);
#226=VECTOR('',#2177,1.);
#227=VECTOR('',#2178,1.);
#228=VECTOR('',#2179,1.);
#229=VECTOR('',#2180,1.);
#230=VECTOR('',#2181,1.);
#231=VECTOR('',#2186,1.);
#232=VECTOR('',#2187,1.);
#233=VECTOR('',#2188,1.);
#234=VECTOR('',#2189,1.);
#235=VECTOR('',#2190,1.);
#236=VECTOR('',#2191,1.);
#237=VECTOR('',#2192,1.);
#238=VECTOR('',#2195,1.);
#239=VECTOR('',#2198,1.);
#240=VECTOR('',#2201,1.);
#241=VECTOR('',#2204,1.);
#242=VECTOR('',#2207,1.);
#243=VECTOR('',#2212,1.);
#244=VECTOR('',#2215,1.);
#245=VECTOR('',#2220,1.);
#246=VECTOR('',#2223,1.);
#247=VECTOR('',#2228,1.);
#248=VECTOR('',#2229,1.);
#249=VECTOR('',#2230,1.);
#250=VECTOR('',#2231,1.);
#251=VECTOR('',#2232,1.);
#252=VECTOR('',#2233,1.);
#253=VECTOR('',#2234,1.);
#254=VECTOR('',#2237,1.);
#255=VECTOR('',#2238,1.);
#256=VECTOR('',#2239,1.);
#257=VECTOR('',#2240,1.);
#258=VECTOR('',#2241,1.);
#259=VECTOR('',#2242,1.);
#260=VECTOR('',#2243,1.);
#261=VECTOR('',#2252,1.);
#262=VECTOR('',#2255,1.);
#263=VECTOR('',#2256,1.);
#264=VECTOR('',#2263,1.);
#265=VECTOR('',#2266,1.);
#266=VECTOR('',#2277,1.);
#267=VECTOR('',#2290,1.);
#268=VECTOR('',#2293,1.);
#269=VECTOR('',#2304,1.);
#270=VECTOR('',#2315,1.);
#271=VECTOR('',#2316,1.);
#272=VECTOR('',#2317,1.);
#273=VECTOR('',#2318,1.);
#274=VECTOR('',#2319,1.);
#275=VECTOR('',#2322,1.);
#276=VECTOR('',#2325,1.);
#277=VECTOR('',#2328,1.);
#278=VECTOR('',#2331,1.);
#279=VECTOR('',#2332,1.);
#280=VECTOR('',#2333,1.);
#281=VECTOR('',#2336,1.);
#282=VECTOR('',#2337,1.);
#283=VECTOR('',#2338,1.);
#284=VECTOR('',#2339,1.);
#285=VECTOR('',#2342,1.);
#286=VECTOR('',#2345,1.);
#287=VECTOR('',#2348,1.);
#288=VECTOR('',#2351,1.);
#289=VECTOR('',#2354,1.);
#290=VECTOR('',#2355,1.);
#291=VECTOR('',#2356,1.);
#292=VECTOR('',#2357,1.);
#293=VECTOR('',#2360,1.);
#294=VECTOR('',#2363,1.);
#295=VECTOR('',#2366,1.);
#296=VECTOR('',#2371,1.);
#297=VECTOR('',#2380,1.);
#298=VECTOR('',#2385,1.);
#299=VECTOR('',#2388,1.);
#300=VECTOR('',#2391,1.);
#301=VECTOR('',#2394,1.);
#302=VECTOR('',#2401,1.);
#303=VECTOR('',#2404,1.);
#304=VECTOR('',#2411,1.);
#305=VECTOR('',#2412,1.);
#306=VECTOR('',#2413,1.);
#307=VECTOR('',#2414,1.);
#308=VECTOR('',#2415,1.);
#309=VECTOR('',#2416,1.);
#310=VECTOR('',#2419,1.);
#311=VECTOR('',#2424,1.);
#312=VECTOR('',#2427,1.);
#313=VECTOR('',#2430,1.);
#314=VECTOR('',#2433,1.);
#315=VECTOR('',#2436,1.);
#316=VECTOR('',#2439,1.);
#317=VECTOR('',#2442,1.);
#318=VECTOR('',#2445,1.);
#319=VECTOR('',#2446,1.);
#320=VECTOR('',#2447,1.);
#321=VECTOR('',#2448,1.);
#322=VECTOR('',#2455,1.);
#323=VECTOR('',#2456,1.);
#324=VECTOR('',#2457,1.);
#325=VECTOR('',#2458,1.);
#326=VECTOR('',#2481,1.);
#327=VECTOR('',#2482,1.);
#328=VECTOR('',#2485,1.);
#329=VECTOR('',#2486,1.);
#330=VECTOR('',#2491,1.);
#331=VECTOR('',#2494,1.);
#332=VECTOR('',#2495,1.);
#333=VECTOR('',#2506,1.);
#334=VECTOR('',#2507,1.);
#335=VECTOR('',#2510,1.);
#336=VECTOR('',#2511,1.);
#337=VECTOR('',#2516,1.);
#338=VECTOR('',#2519,1.);
#339=VECTOR('',#2520,1.);
#340=VECTOR('',#2525,1.);
#341=VECTOR('',#2532,1.);
#342=VECTOR('',#2535,1.);
#343=VECTOR('',#2536,1.);
#344=VECTOR('',#2539,1.);
#345=VECTOR('',#2542,1.);
#346=VECTOR('',#2543,1.);
#347=VECTOR('',#2546,1.);
#348=VECTOR('',#2549,1.);
#349=VECTOR('',#2552,1.);
#350=VECTOR('',#2559,1.);
#351=VECTOR('',#2560,1.);
#352=VECTOR('',#2565,1.);
#353=VECTOR('',#2568,1.);
#354=VECTOR('',#2571,1.);
#355=VECTOR('',#2574,1.);
#356=VECTOR('',#2589,1.);
#357=VECTOR('',#2592,1.);
#358=VECTOR('',#2595,1.);
#359=VECTOR('',#2620,1.);
#360=VECTOR('',#2621,1.);
#361=VECTOR('',#2626,1.);
#362=VECTOR('',#2629,1.);
#363=VECTOR('',#2630,1.);
#364=VECTOR('',#2635,1.);
#365=VECTOR('',#2638,1.);
#366=VECTOR('',#2655,1.);
#367=VECTOR('',#2656,1.);
#368=VECTOR('',#2661,1.);
#369=VECTOR('',#2664,1.);
#370=TOROIDAL_SURFACE('',#1923,0.0360857864376269,0.00141421356237309);
#371=TOROIDAL_SURFACE('',#1951,0.0396213203435596,0.00212132034355961);
#372=TOROIDAL_SURFACE('',#1960,0.00353553390593272,0.00212132034355963);
#373=TOROIDAL_SURFACE('',#1966,0.00353553390593272,0.00212132034355963);
#374=TOROIDAL_SURFACE('',#1972,0.00353553390593272,0.00212132034355963);
#375=TOROIDAL_SURFACE('',#1978,0.00353553390593272,0.00212132034355963);
#376=ORIENTED_EDGE('',*,*,#900,.F.);
#377=ORIENTED_EDGE('',*,*,#901,.T.);
#378=ORIENTED_EDGE('',*,*,#902,.F.);
#379=ORIENTED_EDGE('',*,*,#903,.T.);
#380=ORIENTED_EDGE('',*,*,#904,.F.);
#381=ORIENTED_EDGE('',*,*,#905,.T.);
#382=ORIENTED_EDGE('',*,*,#906,.F.);
#383=ORIENTED_EDGE('',*,*,#907,.T.);
#384=ORIENTED_EDGE('',*,*,#908,.F.);
#385=ORIENTED_EDGE('',*,*,#909,.F.);
#386=ORIENTED_EDGE('',*,*,#910,.F.);
#387=ORIENTED_EDGE('',*,*,#911,.F.);
#388=ORIENTED_EDGE('',*,*,#912,.F.);
#389=ORIENTED_EDGE('',*,*,#913,.F.);
#390=ORIENTED_EDGE('',*,*,#914,.F.);
#391=ORIENTED_EDGE('',*,*,#915,.F.);
#392=ORIENTED_EDGE('',*,*,#916,.F.);
#393=ORIENTED_EDGE('',*,*,#917,.F.);
#394=ORIENTED_EDGE('',*,*,#918,.T.);
#395=ORIENTED_EDGE('',*,*,#913,.T.);
#396=ORIENTED_EDGE('',*,*,#919,.F.);
#397=ORIENTED_EDGE('',*,*,#920,.F.);
#398=ORIENTED_EDGE('',*,*,#921,.T.);
#399=ORIENTED_EDGE('',*,*,#922,.F.);
#400=ORIENTED_EDGE('',*,*,#923,.T.);
#401=ORIENTED_EDGE('',*,*,#916,.T.);
#402=ORIENTED_EDGE('',*,*,#924,.T.);
#403=ORIENTED_EDGE('',*,*,#925,.T.);
#404=ORIENTED_EDGE('',*,*,#926,.T.);
#405=ORIENTED_EDGE('',*,*,#927,.T.);
#406=ORIENTED_EDGE('',*,*,#928,.F.);
#407=ORIENTED_EDGE('',*,*,#924,.F.);
#408=ORIENTED_EDGE('',*,*,#915,.T.);
#409=ORIENTED_EDGE('',*,*,#929,.T.);
#410=ORIENTED_EDGE('',*,*,#930,.T.);
#411=ORIENTED_EDGE('',*,*,#931,.F.);
#412=ORIENTED_EDGE('',*,*,#932,.T.);
#413=ORIENTED_EDGE('',*,*,#933,.F.);
#414=ORIENTED_EDGE('',*,*,#934,.T.);
#415=ORIENTED_EDGE('',*,*,#935,.T.);
#416=ORIENTED_EDGE('',*,*,#936,.T.);
#417=ORIENTED_EDGE('',*,*,#937,.T.);
#418=ORIENTED_EDGE('',*,*,#938,.F.);
#419=ORIENTED_EDGE('',*,*,#939,.T.);
#420=ORIENTED_EDGE('',*,*,#940,.T.);
#421=ORIENTED_EDGE('',*,*,#941,.F.);
#422=ORIENTED_EDGE('',*,*,#942,.T.);
#423=ORIENTED_EDGE('',*,*,#943,.F.);
#424=ORIENTED_EDGE('',*,*,#944,.F.);
#425=ORIENTED_EDGE('',*,*,#945,.T.);
#426=ORIENTED_EDGE('',*,*,#946,.T.);
#427=ORIENTED_EDGE('',*,*,#947,.F.);
#428=ORIENTED_EDGE('',*,*,#948,.T.);
#429=ORIENTED_EDGE('',*,*,#949,.F.);
#430=ORIENTED_EDGE('',*,*,#950,.T.);
#431=ORIENTED_EDGE('',*,*,#951,.F.);
#432=ORIENTED_EDGE('',*,*,#952,.T.);
#433=ORIENTED_EDGE('',*,*,#953,.F.);
#434=ORIENTED_EDGE('',*,*,#954,.T.);
#435=ORIENTED_EDGE('',*,*,#955,.F.);
#436=ORIENTED_EDGE('',*,*,#933,.T.);
#437=ORIENTED_EDGE('',*,*,#956,.T.);
#438=ORIENTED_EDGE('',*,*,#957,.F.);
#439=ORIENTED_EDGE('',*,*,#958,.T.);
#440=ORIENTED_EDGE('',*,*,#959,.T.);
#441=ORIENTED_EDGE('',*,*,#960,.T.);
#442=ORIENTED_EDGE('',*,*,#952,.F.);
#443=ORIENTED_EDGE('',*,*,#961,.F.);
#444=ORIENTED_EDGE('',*,*,#948,.F.);
#445=ORIENTED_EDGE('',*,*,#950,.F.);
#446=ORIENTED_EDGE('',*,*,#962,.T.);
#447=ORIENTED_EDGE('',*,*,#954,.F.);
#448=ORIENTED_EDGE('',*,*,#963,.F.);
#449=ORIENTED_EDGE('',*,*,#964,.F.);
#450=ORIENTED_EDGE('',*,*,#965,.T.);
#451=ORIENTED_EDGE('',*,*,#966,.T.);
#452=ORIENTED_EDGE('',*,*,#967,.T.);
#453=ORIENTED_EDGE('',*,*,#935,.F.);
#454=ORIENTED_EDGE('',*,*,#968,.T.);
#455=ORIENTED_EDGE('',*,*,#969,.F.);
#456=ORIENTED_EDGE('',*,*,#970,.T.);
#457=ORIENTED_EDGE('',*,*,#971,.F.);
#458=ORIENTED_EDGE('',*,*,#972,.T.);
#459=ORIENTED_EDGE('',*,*,#973,.F.);
#460=ORIENTED_EDGE('',*,*,#974,.F.);
#461=ORIENTED_EDGE('',*,*,#975,.F.);
#462=ORIENTED_EDGE('',*,*,#976,.F.);
#463=ORIENTED_EDGE('',*,*,#970,.F.);
#464=ORIENTED_EDGE('',*,*,#977,.F.);
#465=ORIENTED_EDGE('',*,*,#978,.T.);
#466=ORIENTED_EDGE('',*,*,#979,.F.);
#467=ORIENTED_EDGE('',*,*,#972,.F.);
#468=ORIENTED_EDGE('',*,*,#980,.F.);
#469=ORIENTED_EDGE('',*,*,#981,.T.);
#470=ORIENTED_EDGE('',*,*,#982,.F.);
#471=ORIENTED_EDGE('',*,*,#983,.F.);
#472=ORIENTED_EDGE('',*,*,#984,.T.);
#473=ORIENTED_EDGE('',*,*,#985,.F.);
#474=ORIENTED_EDGE('',*,*,#984,.F.);
#475=ORIENTED_EDGE('',*,*,#986,.F.);
#476=ORIENTED_EDGE('',*,*,#987,.T.);
#477=ORIENTED_EDGE('',*,*,#988,.F.);
#478=ORIENTED_EDGE('',*,*,#987,.F.);
#479=ORIENTED_EDGE('',*,*,#989,.F.);
#480=ORIENTED_EDGE('',*,*,#990,.T.);
#481=ORIENTED_EDGE('',*,*,#966,.F.);
#482=ORIENTED_EDGE('',*,*,#990,.F.);
#483=ORIENTED_EDGE('',*,*,#991,.F.);
#484=ORIENTED_EDGE('',*,*,#992,.T.);
#485=ORIENTED_EDGE('',*,*,#993,.F.);
#486=ORIENTED_EDGE('',*,*,#992,.F.);
#487=ORIENTED_EDGE('',*,*,#994,.F.);
#488=ORIENTED_EDGE('',*,*,#995,.T.);
#489=ORIENTED_EDGE('',*,*,#996,.F.);
#490=ORIENTED_EDGE('',*,*,#995,.F.);
#491=ORIENTED_EDGE('',*,*,#997,.F.);
#492=ORIENTED_EDGE('',*,*,#998,.T.);
#493=ORIENTED_EDGE('',*,*,#999,.F.);
#494=ORIENTED_EDGE('',*,*,#998,.F.);
#495=ORIENTED_EDGE('',*,*,#1000,.F.);
#496=ORIENTED_EDGE('',*,*,#1001,.T.);
#497=ORIENTED_EDGE('',*,*,#926,.F.);
#498=ORIENTED_EDGE('',*,*,#1002,.F.);
#499=ORIENTED_EDGE('',*,*,#982,.T.);
#500=ORIENTED_EDGE('',*,*,#1003,.F.);
#501=ORIENTED_EDGE('',*,*,#1001,.F.);
#502=ORIENTED_EDGE('',*,*,#1004,.T.);
#503=ORIENTED_EDGE('',*,*,#985,.T.);
#504=ORIENTED_EDGE('',*,*,#1005,.T.);
#505=ORIENTED_EDGE('',*,*,#1006,.T.);
#506=ORIENTED_EDGE('',*,*,#1007,.T.);
#507=ORIENTED_EDGE('',*,*,#1008,.T.);
#508=ORIENTED_EDGE('',*,*,#1009,.F.);
#509=ORIENTED_EDGE('',*,*,#1010,.T.);
#510=ORIENTED_EDGE('',*,*,#1011,.F.);
#511=ORIENTED_EDGE('',*,*,#1012,.T.);
#512=ORIENTED_EDGE('',*,*,#1013,.F.);
#513=ORIENTED_EDGE('',*,*,#1014,.F.);
#514=ORIENTED_EDGE('',*,*,#1015,.F.);
#515=ORIENTED_EDGE('',*,*,#1016,.T.);
#516=ORIENTED_EDGE('',*,*,#1017,.T.);
#517=ORIENTED_EDGE('',*,*,#1018,.T.);
#518=ORIENTED_EDGE('',*,*,#1019,.T.);
#519=ORIENTED_EDGE('',*,*,#1020,.T.);
#520=ORIENTED_EDGE('',*,*,#1021,.F.);
#521=ORIENTED_EDGE('',*,*,#1022,.T.);
#522=ORIENTED_EDGE('',*,*,#1023,.F.);
#523=ORIENTED_EDGE('',*,*,#1024,.T.);
#524=ORIENTED_EDGE('',*,*,#1025,.F.);
#525=ORIENTED_EDGE('',*,*,#1026,.F.);
#526=ORIENTED_EDGE('',*,*,#1027,.F.);
#527=ORIENTED_EDGE('',*,*,#1028,.F.);
#528=ORIENTED_EDGE('',*,*,#1029,.F.);
#529=ORIENTED_EDGE('',*,*,#1030,.T.);
#530=ORIENTED_EDGE('',*,*,#931,.T.);
#531=ORIENTED_EDGE('',*,*,#1031,.T.);
#532=ORIENTED_EDGE('',*,*,#1032,.F.);
#533=ORIENTED_EDGE('',*,*,#1033,.T.);
#534=ORIENTED_EDGE('',*,*,#1034,.F.);
#535=ORIENTED_EDGE('',*,*,#1035,.T.);
#536=ORIENTED_EDGE('',*,*,#1036,.F.);
#537=ORIENTED_EDGE('',*,*,#1037,.T.);
#538=ORIENTED_EDGE('',*,*,#1038,.T.);
#539=ORIENTED_EDGE('',*,*,#1039,.T.);
#540=ORIENTED_EDGE('',*,*,#1040,.T.);
#541=ORIENTED_EDGE('',*,*,#1041,.T.);
#542=ORIENTED_EDGE('',*,*,#1042,.F.);
#543=ORIENTED_EDGE('',*,*,#1043,.T.);
#544=ORIENTED_EDGE('',*,*,#1007,.F.);
#545=ORIENTED_EDGE('',*,*,#1044,.T.);
#546=ORIENTED_EDGE('',*,*,#1017,.F.);
#547=ORIENTED_EDGE('',*,*,#1045,.T.);
#548=ORIENTED_EDGE('',*,*,#1046,.F.);
#549=ORIENTED_EDGE('',*,*,#1047,.T.);
#550=ORIENTED_EDGE('',*,*,#1048,.F.);
#551=ORIENTED_EDGE('',*,*,#1049,.T.);
#552=ORIENTED_EDGE('',*,*,#1050,.F.);
#553=ORIENTED_EDGE('',*,*,#944,.T.);
#554=ORIENTED_EDGE('',*,*,#1051,.F.);
#555=ORIENTED_EDGE('',*,*,#1052,.T.);
#556=ORIENTED_EDGE('',*,*,#1053,.F.);
#557=ORIENTED_EDGE('',*,*,#938,.T.);
#558=ORIENTED_EDGE('',*,*,#1005,.F.);
#559=ORIENTED_EDGE('',*,*,#988,.T.);
#560=ORIENTED_EDGE('',*,*,#965,.F.);
#561=ORIENTED_EDGE('',*,*,#1054,.F.);
#562=ORIENTED_EDGE('',*,*,#967,.F.);
#563=ORIENTED_EDGE('',*,*,#993,.T.);
#564=ORIENTED_EDGE('',*,*,#1055,.F.);
#565=ORIENTED_EDGE('',*,*,#936,.F.);
#566=ORIENTED_EDGE('',*,*,#1056,.F.);
#567=ORIENTED_EDGE('',*,*,#999,.T.);
#568=ORIENTED_EDGE('',*,*,#925,.F.);
#569=ORIENTED_EDGE('',*,*,#946,.F.);
#570=ORIENTED_EDGE('',*,*,#927,.F.);
#571=ORIENTED_EDGE('',*,*,#1003,.T.);
#572=ORIENTED_EDGE('',*,*,#1004,.F.);
#573=ORIENTED_EDGE('',*,*,#1057,.F.);
#574=ORIENTED_EDGE('',*,*,#1058,.F.);
#575=ORIENTED_EDGE('',*,*,#911,.T.);
#576=ORIENTED_EDGE('',*,*,#1059,.F.);
#577=ORIENTED_EDGE('',*,*,#1060,.T.);
#578=ORIENTED_EDGE('',*,*,#1061,.T.);
#579=ORIENTED_EDGE('',*,*,#1062,.T.);
#580=ORIENTED_EDGE('',*,*,#929,.F.);
#581=ORIENTED_EDGE('',*,*,#914,.T.);
#582=ORIENTED_EDGE('',*,*,#1063,.T.);
#583=ORIENTED_EDGE('',*,*,#1064,.F.);
#584=ORIENTED_EDGE('',*,*,#1065,.T.);
#585=ORIENTED_EDGE('',*,*,#1066,.F.);
#586=ORIENTED_EDGE('',*,*,#1055,.T.);
#587=ORIENTED_EDGE('',*,*,#996,.T.);
#588=ORIENTED_EDGE('',*,*,#1056,.T.);
#589=ORIENTED_EDGE('',*,*,#945,.F.);
#590=ORIENTED_EDGE('',*,*,#1050,.T.);
#591=ORIENTED_EDGE('',*,*,#1067,.F.);
#592=ORIENTED_EDGE('',*,*,#1068,.F.);
#593=ORIENTED_EDGE('',*,*,#1069,.F.);
#594=ORIENTED_EDGE('',*,*,#1070,.F.);
#595=ORIENTED_EDGE('',*,*,#1071,.T.);
#596=ORIENTED_EDGE('',*,*,#1072,.F.);
#597=ORIENTED_EDGE('',*,*,#1073,.T.);
#598=ORIENTED_EDGE('',*,*,#1074,.F.);
#599=ORIENTED_EDGE('',*,*,#1075,.F.);
#600=ORIENTED_EDGE('',*,*,#1051,.T.);
#601=ORIENTED_EDGE('',*,*,#937,.F.);
#602=ORIENTED_EDGE('',*,*,#1059,.T.);
#603=ORIENTED_EDGE('',*,*,#910,.T.);
#604=ORIENTED_EDGE('',*,*,#918,.F.);
#605=ORIENTED_EDGE('',*,*,#1057,.T.);
#606=ORIENTED_EDGE('',*,*,#1018,.F.);
#607=ORIENTED_EDGE('',*,*,#1047,.F.);
#608=ORIENTED_EDGE('',*,*,#1076,.T.);
#609=ORIENTED_EDGE('',*,*,#1077,.T.);
#610=ORIENTED_EDGE('',*,*,#1078,.T.);
#611=ORIENTED_EDGE('',*,*,#1079,.T.);
#612=ORIENTED_EDGE('',*,*,#1080,.F.);
#613=ORIENTED_EDGE('',*,*,#1044,.F.);
#614=ORIENTED_EDGE('',*,*,#1006,.F.);
#615=ORIENTED_EDGE('',*,*,#1054,.T.);
#616=ORIENTED_EDGE('',*,*,#964,.T.);
#617=ORIENTED_EDGE('',*,*,#1081,.F.);
#618=ORIENTED_EDGE('',*,*,#959,.F.);
#619=ORIENTED_EDGE('',*,*,#1082,.T.);
#620=ORIENTED_EDGE('',*,*,#1021,.T.);
#621=ORIENTED_EDGE('',*,*,#1083,.T.);
#622=ORIENTED_EDGE('',*,*,#1084,.F.);
#623=ORIENTED_EDGE('',*,*,#906,.T.);
#624=ORIENTED_EDGE('',*,*,#904,.T.);
#625=ORIENTED_EDGE('',*,*,#902,.T.);
#626=ORIENTED_EDGE('',*,*,#900,.T.);
#627=ORIENTED_EDGE('',*,*,#1085,.F.);
#628=ORIENTED_EDGE('',*,*,#1032,.T.);
#629=ORIENTED_EDGE('',*,*,#1086,.T.);
#630=ORIENTED_EDGE('',*,*,#1061,.F.);
#631=ORIENTED_EDGE('',*,*,#1087,.T.);
#632=ORIENTED_EDGE('',*,*,#1019,.F.);
#633=ORIENTED_EDGE('',*,*,#1088,.T.);
#634=ORIENTED_EDGE('',*,*,#957,.T.);
#635=ORIENTED_EDGE('',*,*,#1089,.T.);
#636=ORIENTED_EDGE('',*,*,#1090,.F.);
#637=ORIENTED_EDGE('',*,*,#1085,.T.);
#638=ORIENTED_EDGE('',*,*,#1091,.F.);
#639=ORIENTED_EDGE('',*,*,#1090,.T.);
#640=ORIENTED_EDGE('',*,*,#1091,.T.);
#641=ORIENTED_EDGE('',*,*,#1092,.T.);
#642=ORIENTED_EDGE('',*,*,#1086,.F.);
#643=ORIENTED_EDGE('',*,*,#1031,.F.);
#644=ORIENTED_EDGE('',*,*,#930,.F.);
#645=ORIENTED_EDGE('',*,*,#1062,.F.);
#646=ORIENTED_EDGE('',*,*,#1087,.F.);
#647=ORIENTED_EDGE('',*,*,#1060,.F.);
#648=ORIENTED_EDGE('',*,*,#1083,.F.);
#649=ORIENTED_EDGE('',*,*,#1020,.F.);
#650=ORIENTED_EDGE('',*,*,#1089,.F.);
#651=ORIENTED_EDGE('',*,*,#956,.F.);
#652=ORIENTED_EDGE('',*,*,#932,.F.);
#653=ORIENTED_EDGE('',*,*,#1033,.F.);
#654=ORIENTED_EDGE('',*,*,#1088,.F.);
#655=ORIENTED_EDGE('',*,*,#1022,.F.);
#656=ORIENTED_EDGE('',*,*,#1082,.F.);
#657=ORIENTED_EDGE('',*,*,#958,.F.);
#658=ORIENTED_EDGE('',*,*,#1093,.F.);
#659=ORIENTED_EDGE('',*,*,#1048,.T.);
#660=ORIENTED_EDGE('',*,*,#943,.T.);
#661=ORIENTED_EDGE('',*,*,#1094,.F.);
#662=ORIENTED_EDGE('',*,*,#939,.F.);
#663=ORIENTED_EDGE('',*,*,#1053,.T.);
#664=ORIENTED_EDGE('',*,*,#1095,.T.);
#665=ORIENTED_EDGE('',*,*,#1096,.T.);
#666=ORIENTED_EDGE('',*,*,#940,.F.);
#667=ORIENTED_EDGE('',*,*,#1096,.F.);
#668=ORIENTED_EDGE('',*,*,#1097,.T.);
#669=ORIENTED_EDGE('',*,*,#1098,.T.);
#670=ORIENTED_EDGE('',*,*,#941,.T.);
#671=ORIENTED_EDGE('',*,*,#1098,.F.);
#672=ORIENTED_EDGE('',*,*,#1099,.F.);
#673=ORIENTED_EDGE('',*,*,#1100,.T.);
#674=ORIENTED_EDGE('',*,*,#942,.F.);
#675=ORIENTED_EDGE('',*,*,#1100,.F.);
#676=ORIENTED_EDGE('',*,*,#1101,.T.);
#677=ORIENTED_EDGE('',*,*,#1094,.T.);
#678=ORIENTED_EDGE('',*,*,#1102,.F.);
#679=ORIENTED_EDGE('',*,*,#928,.T.);
#680=ORIENTED_EDGE('',*,*,#1067,.T.);
#681=ORIENTED_EDGE('',*,*,#1049,.F.);
#682=ORIENTED_EDGE('',*,*,#1093,.T.);
#683=ORIENTED_EDGE('',*,*,#1101,.F.);
#684=ORIENTED_EDGE('',*,*,#1099,.T.);
#685=ORIENTED_EDGE('',*,*,#1097,.F.);
#686=ORIENTED_EDGE('',*,*,#1095,.F.);
#687=ORIENTED_EDGE('',*,*,#1052,.F.);
#688=ORIENTED_EDGE('',*,*,#1075,.T.);
#689=ORIENTED_EDGE('',*,*,#1103,.T.);
#690=ORIENTED_EDGE('',*,*,#1040,.F.);
#691=ORIENTED_EDGE('',*,*,#1104,.F.);
#692=ORIENTED_EDGE('',*,*,#1102,.T.);
#693=ORIENTED_EDGE('',*,*,#1076,.F.);
#694=ORIENTED_EDGE('',*,*,#1046,.T.);
#695=ORIENTED_EDGE('',*,*,#1105,.T.);
#696=ORIENTED_EDGE('',*,*,#1106,.T.);
#697=ORIENTED_EDGE('',*,*,#1077,.F.);
#698=ORIENTED_EDGE('',*,*,#1106,.F.);
#699=ORIENTED_EDGE('',*,*,#1107,.T.);
#700=ORIENTED_EDGE('',*,*,#1108,.T.);
#701=ORIENTED_EDGE('',*,*,#1078,.F.);
#702=ORIENTED_EDGE('',*,*,#1108,.F.);
#703=ORIENTED_EDGE('',*,*,#1109,.T.);
#704=ORIENTED_EDGE('',*,*,#1110,.T.);
#705=ORIENTED_EDGE('',*,*,#1079,.F.);
#706=ORIENTED_EDGE('',*,*,#1110,.F.);
#707=ORIENTED_EDGE('',*,*,#1111,.T.);
#708=ORIENTED_EDGE('',*,*,#1112,.T.);
#709=ORIENTED_EDGE('',*,*,#1113,.F.);
#710=ORIENTED_EDGE('',*,*,#1084,.T.);
#711=ORIENTED_EDGE('',*,*,#1114,.F.);
#712=ORIENTED_EDGE('',*,*,#1042,.T.);
#713=ORIENTED_EDGE('',*,*,#1080,.T.);
#714=ORIENTED_EDGE('',*,*,#1112,.F.);
#715=ORIENTED_EDGE('',*,*,#1113,.T.);
#716=ORIENTED_EDGE('',*,*,#1008,.F.);
#717=ORIENTED_EDGE('',*,*,#1043,.F.);
#718=ORIENTED_EDGE('',*,*,#1114,.T.);
#719=ORIENTED_EDGE('',*,*,#1111,.F.);
#720=ORIENTED_EDGE('',*,*,#1109,.F.);
#721=ORIENTED_EDGE('',*,*,#1107,.F.);
#722=ORIENTED_EDGE('',*,*,#1105,.F.);
#723=ORIENTED_EDGE('',*,*,#1045,.F.);
#724=ORIENTED_EDGE('',*,*,#1016,.F.);
#725=ORIENTED_EDGE('',*,*,#1115,.F.);
#726=ORIENTED_EDGE('',*,*,#1026,.T.);
#727=ORIENTED_EDGE('',*,*,#1116,.T.);
#728=ORIENTED_EDGE('',*,*,#1103,.F.);
#729=ORIENTED_EDGE('',*,*,#1074,.T.);
#730=ORIENTED_EDGE('',*,*,#1117,.T.);
#731=ORIENTED_EDGE('',*,*,#1041,.F.);
#732=ORIENTED_EDGE('',*,*,#1118,.F.);
#733=ORIENTED_EDGE('',*,*,#1072,.T.);
#734=ORIENTED_EDGE('',*,*,#1119,.T.);
#735=ORIENTED_EDGE('',*,*,#1035,.F.);
#736=ORIENTED_EDGE('',*,*,#1036,.T.);
#737=ORIENTED_EDGE('',*,*,#1119,.F.);
#738=ORIENTED_EDGE('',*,*,#1071,.F.);
#739=ORIENTED_EDGE('',*,*,#1120,.T.);
#740=ORIENTED_EDGE('',*,*,#1120,.F.);
#741=ORIENTED_EDGE('',*,*,#1070,.T.);
#742=ORIENTED_EDGE('',*,*,#1121,.T.);
#743=ORIENTED_EDGE('',*,*,#1037,.F.);
#744=ORIENTED_EDGE('',*,*,#1121,.F.);
#745=ORIENTED_EDGE('',*,*,#1069,.T.);
#746=ORIENTED_EDGE('',*,*,#1122,.T.);
#747=ORIENTED_EDGE('',*,*,#1038,.F.);
#748=ORIENTED_EDGE('',*,*,#1122,.F.);
#749=ORIENTED_EDGE('',*,*,#1068,.T.);
#750=ORIENTED_EDGE('',*,*,#1104,.T.);
#751=ORIENTED_EDGE('',*,*,#1039,.F.);
#752=ORIENTED_EDGE('',*,*,#1034,.T.);
#753=ORIENTED_EDGE('',*,*,#1117,.F.);
#754=ORIENTED_EDGE('',*,*,#1073,.F.);
#755=ORIENTED_EDGE('',*,*,#1118,.T.);
#756=ORIENTED_EDGE('',*,*,#1123,.T.);
#757=ORIENTED_EDGE('',*,*,#1010,.F.);
#758=ORIENTED_EDGE('',*,*,#1124,.F.);
#759=ORIENTED_EDGE('',*,*,#1024,.F.);
#760=ORIENTED_EDGE('',*,*,#1025,.T.);
#761=ORIENTED_EDGE('',*,*,#1124,.T.);
#762=ORIENTED_EDGE('',*,*,#1009,.T.);
#763=ORIENTED_EDGE('',*,*,#1116,.F.);
#764=ORIENTED_EDGE('',*,*,#1027,.T.);
#765=ORIENTED_EDGE('',*,*,#1115,.T.);
#766=ORIENTED_EDGE('',*,*,#1015,.T.);
#767=ORIENTED_EDGE('',*,*,#1125,.F.);
#768=ORIENTED_EDGE('',*,*,#1028,.T.);
#769=ORIENTED_EDGE('',*,*,#1125,.T.);
#770=ORIENTED_EDGE('',*,*,#1014,.T.);
#771=ORIENTED_EDGE('',*,*,#1126,.F.);
#772=ORIENTED_EDGE('',*,*,#1029,.T.);
#773=ORIENTED_EDGE('',*,*,#1126,.T.);
#774=ORIENTED_EDGE('',*,*,#1013,.T.);
#775=ORIENTED_EDGE('',*,*,#1127,.F.);
#776=ORIENTED_EDGE('',*,*,#1127,.T.);
#777=ORIENTED_EDGE('',*,*,#1012,.F.);
#778=ORIENTED_EDGE('',*,*,#1128,.F.);
#779=ORIENTED_EDGE('',*,*,#1030,.F.);
#780=ORIENTED_EDGE('',*,*,#1023,.T.);
#781=ORIENTED_EDGE('',*,*,#1128,.T.);
#782=ORIENTED_EDGE('',*,*,#1011,.T.);
#783=ORIENTED_EDGE('',*,*,#1123,.F.);
#784=ORIENTED_EDGE('',*,*,#908,.T.);
#785=ORIENTED_EDGE('',*,*,#971,.T.);
#786=ORIENTED_EDGE('',*,*,#976,.T.);
#787=ORIENTED_EDGE('',*,*,#975,.T.);
#788=ORIENTED_EDGE('',*,*,#1129,.F.);
#789=ORIENTED_EDGE('',*,*,#980,.T.);
#790=ORIENTED_EDGE('',*,*,#1130,.F.);
#791=ORIENTED_EDGE('',*,*,#1131,.T.);
#792=ORIENTED_EDGE('',*,*,#981,.F.);
#793=ORIENTED_EDGE('',*,*,#1129,.T.);
#794=ORIENTED_EDGE('',*,*,#978,.F.);
#795=ORIENTED_EDGE('',*,*,#1132,.F.);
#796=ORIENTED_EDGE('',*,*,#1133,.T.);
#797=ORIENTED_EDGE('',*,*,#1134,.T.);
#798=ORIENTED_EDGE('',*,*,#1135,.T.);
#799=ORIENTED_EDGE('',*,*,#1136,.F.);
#800=ORIENTED_EDGE('',*,*,#1137,.F.);
#801=ORIENTED_EDGE('',*,*,#1131,.F.);
#802=ORIENTED_EDGE('',*,*,#1138,.F.);
#803=ORIENTED_EDGE('',*,*,#1130,.T.);
#804=ORIENTED_EDGE('',*,*,#1138,.T.);
#805=ORIENTED_EDGE('',*,*,#1139,.F.);
#806=ORIENTED_EDGE('',*,*,#1140,.F.);
#807=ORIENTED_EDGE('',*,*,#1141,.F.);
#808=ORIENTED_EDGE('',*,*,#1142,.F.);
#809=ORIENTED_EDGE('',*,*,#1143,.F.);
#810=ORIENTED_EDGE('',*,*,#1139,.T.);
#811=ORIENTED_EDGE('',*,*,#1092,.F.);
#812=ORIENTED_EDGE('',*,*,#909,.T.);
#813=ORIENTED_EDGE('',*,*,#983,.T.);
#814=ORIENTED_EDGE('',*,*,#1002,.T.);
#815=ORIENTED_EDGE('',*,*,#1000,.T.);
#816=ORIENTED_EDGE('',*,*,#997,.T.);
#817=ORIENTED_EDGE('',*,*,#994,.T.);
#818=ORIENTED_EDGE('',*,*,#991,.T.);
#819=ORIENTED_EDGE('',*,*,#989,.T.);
#820=ORIENTED_EDGE('',*,*,#986,.T.);
#821=ORIENTED_EDGE('',*,*,#1132,.T.);
#822=ORIENTED_EDGE('',*,*,#977,.T.);
#823=ORIENTED_EDGE('',*,*,#969,.T.);
#824=ORIENTED_EDGE('',*,*,#1144,.F.);
#825=ORIENTED_EDGE('',*,*,#1145,.T.);
#826=ORIENTED_EDGE('',*,*,#1133,.F.);
#827=ORIENTED_EDGE('',*,*,#1145,.F.);
#828=ORIENTED_EDGE('',*,*,#1146,.T.);
#829=ORIENTED_EDGE('',*,*,#1147,.T.);
#830=ORIENTED_EDGE('',*,*,#1134,.F.);
#831=ORIENTED_EDGE('',*,*,#1147,.F.);
#832=ORIENTED_EDGE('',*,*,#1148,.T.);
#833=ORIENTED_EDGE('',*,*,#1149,.T.);
#834=ORIENTED_EDGE('',*,*,#1135,.F.);
#835=ORIENTED_EDGE('',*,*,#1149,.F.);
#836=ORIENTED_EDGE('',*,*,#1150,.T.);
#837=ORIENTED_EDGE('',*,*,#1151,.T.);
#838=ORIENTED_EDGE('',*,*,#1152,.F.);
#839=ORIENTED_EDGE('',*,*,#973,.T.);
#840=ORIENTED_EDGE('',*,*,#979,.T.);
#841=ORIENTED_EDGE('',*,*,#1136,.T.);
#842=ORIENTED_EDGE('',*,*,#1151,.F.);
#843=ORIENTED_EDGE('',*,*,#1144,.T.);
#844=ORIENTED_EDGE('',*,*,#974,.T.);
#845=ORIENTED_EDGE('',*,*,#1152,.T.);
#846=ORIENTED_EDGE('',*,*,#1150,.F.);
#847=ORIENTED_EDGE('',*,*,#1148,.F.);
#848=ORIENTED_EDGE('',*,*,#1146,.F.);
#849=ORIENTED_EDGE('',*,*,#1153,.F.);
#850=ORIENTED_EDGE('',*,*,#1137,.T.);
#851=ORIENTED_EDGE('',*,*,#1153,.T.);
#852=ORIENTED_EDGE('',*,*,#962,.F.);
#853=ORIENTED_EDGE('',*,*,#949,.T.);
#854=ORIENTED_EDGE('',*,*,#961,.T.);
#855=ORIENTED_EDGE('',*,*,#951,.T.);
#856=ORIENTED_EDGE('',*,*,#955,.T.);
#857=ORIENTED_EDGE('',*,*,#947,.T.);
#858=ORIENTED_EDGE('',*,*,#968,.F.);
#859=ORIENTED_EDGE('',*,*,#934,.F.);
#860=ORIENTED_EDGE('',*,*,#963,.T.);
#861=ORIENTED_EDGE('',*,*,#953,.T.);
#862=ORIENTED_EDGE('',*,*,#960,.F.);
#863=ORIENTED_EDGE('',*,*,#1081,.T.);
#864=ORIENTED_EDGE('',*,*,#1066,.T.);
#865=ORIENTED_EDGE('',*,*,#1154,.T.);
#866=ORIENTED_EDGE('',*,*,#920,.T.);
#867=ORIENTED_EDGE('',*,*,#1155,.F.);
#868=ORIENTED_EDGE('',*,*,#919,.T.);
#869=ORIENTED_EDGE('',*,*,#912,.T.);
#870=ORIENTED_EDGE('',*,*,#1058,.T.);
#871=ORIENTED_EDGE('',*,*,#1155,.T.);
#872=ORIENTED_EDGE('',*,*,#1063,.F.);
#873=ORIENTED_EDGE('',*,*,#917,.T.);
#874=ORIENTED_EDGE('',*,*,#923,.F.);
#875=ORIENTED_EDGE('',*,*,#1156,.F.);
#876=ORIENTED_EDGE('',*,*,#1064,.T.);
#877=ORIENTED_EDGE('',*,*,#1156,.T.);
#878=ORIENTED_EDGE('',*,*,#922,.T.);
#879=ORIENTED_EDGE('',*,*,#1157,.F.);
#880=ORIENTED_EDGE('',*,*,#1157,.T.);
#881=ORIENTED_EDGE('',*,*,#921,.F.);
#882=ORIENTED_EDGE('',*,*,#1154,.F.);
#883=ORIENTED_EDGE('',*,*,#1065,.F.);
#884=ORIENTED_EDGE('',*,*,#1158,.F.);
#885=ORIENTED_EDGE('',*,*,#1143,.T.);
#886=ORIENTED_EDGE('',*,*,#907,.F.);
#887=ORIENTED_EDGE('',*,*,#1158,.T.);
#888=ORIENTED_EDGE('',*,*,#1159,.F.);
#889=ORIENTED_EDGE('',*,*,#1141,.T.);
#890=ORIENTED_EDGE('',*,*,#905,.F.);
#891=ORIENTED_EDGE('',*,*,#1159,.T.);
#892=ORIENTED_EDGE('',*,*,#1160,.F.);
#893=ORIENTED_EDGE('',*,*,#1142,.T.);
#894=ORIENTED_EDGE('',*,*,#903,.F.);
#895=ORIENTED_EDGE('',*,*,#1160,.T.);
#896=ORIENTED_EDGE('',*,*,#1161,.F.);
#897=ORIENTED_EDGE('',*,*,#1140,.T.);
#898=ORIENTED_EDGE('',*,*,#901,.F.);
#899=ORIENTED_EDGE('',*,*,#1161,.T.);
#900=EDGE_CURVE('',#1162,#1162,#1345,.T.);
#901=EDGE_CURVE('',#1163,#1163,#1346,.T.);
#902=EDGE_CURVE('',#1164,#1164,#1347,.T.);
#903=EDGE_CURVE('',#1165,#1165,#1348,.T.);
#904=EDGE_CURVE('',#1166,#1166,#1349,.T.);
#905=EDGE_CURVE('',#1167,#1167,#1350,.T.);
#906=EDGE_CURVE('',#1168,#1168,#1351,.T.);
#907=EDGE_CURVE('',#1169,#1169,#1352,.T.);
#908=EDGE_CURVE('',#1170,#1170,#1353,.T.);
#909=EDGE_CURVE('',#1171,#1171,#1354,.F.);
#910=EDGE_CURVE('',#1172,#1173,#68,.T.);
#911=EDGE_CURVE('',#1174,#1172,#1355,.T.);
#912=EDGE_CURVE('',#1175,#1174,#69,.F.);
#913=EDGE_CURVE('',#1173,#1175,#1356,.F.);
#914=EDGE_CURVE('',#1176,#1177,#1357,.T.);
#915=EDGE_CURVE('',#1178,#1176,#70,.T.);
#916=EDGE_CURVE('',#1179,#1178,#1358,.F.);
#917=EDGE_CURVE('',#1177,#1179,#71,.F.);
#918=EDGE_CURVE('',#1180,#1173,#72,.T.);
#919=EDGE_CURVE('',#1181,#1175,#73,.T.);
#920=EDGE_CURVE('',#1182,#1181,#1359,.T.);
#921=EDGE_CURVE('',#1182,#1183,#74,.T.);
#922=EDGE_CURVE('',#1184,#1183,#1360,.T.);
#923=EDGE_CURVE('',#1184,#1179,#75,.T.);
#924=EDGE_CURVE('',#1178,#1185,#76,.T.);
#925=EDGE_CURVE('',#1185,#1186,#77,.T.);
#926=EDGE_CURVE('',#1186,#1187,#78,.T.);
#927=EDGE_CURVE('',#1187,#1180,#79,.T.);
#928=EDGE_CURVE('',#1188,#1188,#1361,.T.);
#929=EDGE_CURVE('',#1176,#1189,#80,.T.);
#930=EDGE_CURVE('',#1189,#1190,#81,.T.);
#931=EDGE_CURVE('',#1191,#1190,#82,.T.);
#932=EDGE_CURVE('',#1191,#1192,#83,.F.);
#933=EDGE_CURVE('',#1193,#1192,#84,.T.);
#934=EDGE_CURVE('',#1193,#1194,#85,.T.);
#935=EDGE_CURVE('',#1194,#1195,#86,.T.);
#936=EDGE_CURVE('',#1195,#1196,#1362,.F.);
#937=EDGE_CURVE('',#1196,#1197,#87,.T.);
#938=EDGE_CURVE('',#1198,#1197,#1363,.F.);
#939=EDGE_CURVE('',#1198,#1199,#88,.T.);
#940=EDGE_CURVE('',#1199,#1200,#1364,.T.);
#941=EDGE_CURVE('',#1201,#1200,#89,.T.);
#942=EDGE_CURVE('',#1201,#1202,#1365,.T.);
#943=EDGE_CURVE('',#1203,#1202,#90,.T.);
#944=EDGE_CURVE('',#1204,#1203,#1366,.F.);
#945=EDGE_CURVE('',#1204,#1205,#91,.T.);
#946=EDGE_CURVE('',#1205,#1185,#1367,.F.);
#947=EDGE_CURVE('',#1206,#1207,#92,.F.);
#948=EDGE_CURVE('',#1206,#1208,#1368,.F.);
#949=EDGE_CURVE('',#1209,#1208,#93,.T.);
#950=EDGE_CURVE('',#1209,#1207,#1369,.T.);
#951=EDGE_CURVE('',#1210,#1211,#94,.T.);
#952=EDGE_CURVE('',#1210,#1212,#1370,.F.);
#953=EDGE_CURVE('',#1213,#1212,#95,.F.);
#954=EDGE_CURVE('',#1213,#1211,#1371,.T.);
#955=EDGE_CURVE('',#1193,#1206,#96,.T.);
#956=EDGE_CURVE('',#1192,#1214,#97,.T.);
#957=EDGE_CURVE('',#1215,#1214,#98,.T.);
#958=EDGE_CURVE('',#1215,#1216,#99,.T.);
#959=EDGE_CURVE('',#1216,#1217,#100,.T.);
#960=EDGE_CURVE('',#1217,#1212,#101,.T.);
#961=EDGE_CURVE('',#1208,#1210,#102,.T.);
#962=EDGE_CURVE('',#1209,#1211,#103,.T.);
#963=EDGE_CURVE('',#1218,#1213,#104,.T.);
#964=EDGE_CURVE('',#1219,#1218,#105,.T.);
#965=EDGE_CURVE('',#1219,#1220,#106,.T.);
#966=EDGE_CURVE('',#1220,#1221,#107,.F.);
#967=EDGE_CURVE('',#1221,#1195,#108,.T.);
#968=EDGE_CURVE('',#1194,#1207,#109,.T.);
#969=EDGE_CURVE('',#1222,#1223,#12,.F.);
#970=EDGE_CURVE('',#1222,#1224,#13,.T.);
#971=EDGE_CURVE('',#1225,#1224,#1372,.T.);
#972=EDGE_CURVE('',#1225,#1226,#14,.F.);
#973=EDGE_CURVE('',#1227,#1226,#15,.T.);
#974=EDGE_CURVE('',#1223,#1227,#1373,.T.);
#975=EDGE_CURVE('',#1228,#1229,#16,.F.);
#976=EDGE_CURVE('',#1224,#1228,#110,.F.);
#977=EDGE_CURVE('',#1230,#1222,#17,.T.);
#978=EDGE_CURVE('',#1230,#1229,#18,.F.);
#979=EDGE_CURVE('',#1226,#1231,#111,.F.);
#980=EDGE_CURVE('',#1232,#1225,#112,.T.);
#981=EDGE_CURVE('',#1232,#1231,#1374,.T.);
#982=EDGE_CURVE('',#1233,#1234,#1375,.F.);
#983=EDGE_CURVE('',#1235,#1233,#113,.F.);
#984=EDGE_CURVE('',#1235,#1236,#1376,.T.);
#985=EDGE_CURVE('',#1234,#1236,#114,.T.);
#986=EDGE_CURVE('',#1237,#1235,#1377,.T.);
#987=EDGE_CURVE('',#1237,#1220,#1378,.F.);
#988=EDGE_CURVE('',#1236,#1220,#1379,.F.);
#989=EDGE_CURVE('',#1238,#1237,#115,.T.);
#990=EDGE_CURVE('',#1238,#1221,#1380,.T.);
#991=EDGE_CURVE('',#1239,#1238,#1381,.T.);
#992=EDGE_CURVE('',#1239,#1240,#1382,.F.);
#993=EDGE_CURVE('',#1221,#1240,#1383,.F.);
#994=EDGE_CURVE('',#1241,#1239,#116,.T.);
#995=EDGE_CURVE('',#1241,#1242,#1384,.T.);
#996=EDGE_CURVE('',#1240,#1242,#117,.F.);
#997=EDGE_CURVE('',#1243,#1241,#1385,.T.);
#998=EDGE_CURVE('',#1243,#1186,#1386,.F.);
#999=EDGE_CURVE('',#1242,#1186,#1387,.F.);
#1000=EDGE_CURVE('',#1244,#1243,#118,.F.);
#1001=EDGE_CURVE('',#1244,#1187,#1388,.T.);
#1002=EDGE_CURVE('',#1233,#1244,#1389,.T.);
#1003=EDGE_CURVE('',#1187,#1234,#1390,.F.);
#1004=EDGE_CURVE('',#1245,#1234,#119,.F.);
#1005=EDGE_CURVE('',#1236,#1246,#120,.F.);
#1006=EDGE_CURVE('',#1246,#1247,#121,.T.);
#1007=EDGE_CURVE('',#1247,#1248,#122,.T.);
#1008=EDGE_CURVE('',#1248,#1249,#123,.T.);
#1009=EDGE_CURVE('',#1250,#1249,#1391,.T.);
#1010=EDGE_CURVE('',#1250,#1251,#124,.T.);
#1011=EDGE_CURVE('',#1252,#1251,#1392,.T.);
#1012=EDGE_CURVE('',#1252,#1253,#125,.T.);
#1013=EDGE_CURVE('',#1254,#1253,#1393,.T.);
#1014=EDGE_CURVE('',#1255,#1254,#126,.T.);
#1015=EDGE_CURVE('',#1256,#1255,#1394,.T.);
#1016=EDGE_CURVE('',#1256,#1257,#127,.T.);
#1017=EDGE_CURVE('',#1257,#1258,#128,.T.);
#1018=EDGE_CURVE('',#1258,#1245,#129,.T.);
#1019=EDGE_CURVE('',#1259,#1260,#130,.T.);
#1020=EDGE_CURVE('',#1260,#1261,#131,.T.);
#1021=EDGE_CURVE('',#1262,#1261,#132,.T.);
#1022=EDGE_CURVE('',#1262,#1259,#133,.T.);
#1023=EDGE_CURVE('',#1263,#1264,#1395,.T.);
#1024=EDGE_CURVE('',#1263,#1265,#134,.T.);
#1025=EDGE_CURVE('',#1266,#1265,#1396,.T.);
#1026=EDGE_CURVE('',#1267,#1266,#135,.T.);
#1027=EDGE_CURVE('',#1268,#1267,#1397,.T.);
#1028=EDGE_CURVE('',#1269,#1268,#136,.T.);
#1029=EDGE_CURVE('',#1270,#1269,#1398,.T.);
#1030=EDGE_CURVE('',#1270,#1264,#137,.T.);
#1031=EDGE_CURVE('',#1190,#1271,#138,.T.);
#1032=EDGE_CURVE('',#1272,#1271,#139,.T.);
#1033=EDGE_CURVE('',#1272,#1191,#140,.T.);
#1034=EDGE_CURVE('',#1273,#1274,#141,.T.);
#1035=EDGE_CURVE('',#1273,#1275,#1399,.T.);
#1036=EDGE_CURVE('',#1276,#1275,#142,.T.);
#1037=EDGE_CURVE('',#1276,#1277,#1400,.T.);
#1038=EDGE_CURVE('',#1277,#1278,#143,.T.);
#1039=EDGE_CURVE('',#1278,#1279,#1401,.T.);
#1040=EDGE_CURVE('',#1279,#1280,#144,.T.);
#1041=EDGE_CURVE('',#1280,#1274,#1402,.T.);
#1042=EDGE_CURVE('',#1281,#1282,#145,.F.);
#1043=EDGE_CURVE('',#1281,#1248,#1403,.F.);
#1044=EDGE_CURVE('',#1247,#1282,#1404,.F.);
#1045=EDGE_CURVE('',#1257,#1283,#1405,.F.);
#1046=EDGE_CURVE('',#1284,#1283,#146,.F.);
#1047=EDGE_CURVE('',#1284,#1258,#1406,.F.);
#1048=EDGE_CURVE('',#1285,#1203,#147,.T.);
#1049=EDGE_CURVE('',#1285,#1286,#1407,.F.);
#1050=EDGE_CURVE('',#1204,#1286,#148,.F.);
#1051=EDGE_CURVE('',#1287,#1197,#149,.F.);
#1052=EDGE_CURVE('',#1287,#1288,#1408,.F.);
#1053=EDGE_CURVE('',#1198,#1288,#150,.T.);
#1054=EDGE_CURVE('',#1246,#1219,#1409,.F.);
#1055=EDGE_CURVE('',#1196,#1240,#151,.F.);
#1056=EDGE_CURVE('',#1242,#1205,#152,.F.);
#1057=EDGE_CURVE('',#1180,#1245,#1410,.F.);
#1058=EDGE_CURVE('',#1174,#1289,#153,.T.);
#1059=EDGE_CURVE('',#1290,#1172,#154,.T.);
#1060=EDGE_CURVE('',#1290,#1291,#155,.T.);
#1061=EDGE_CURVE('',#1291,#1292,#156,.T.);
#1062=EDGE_CURVE('',#1292,#1189,#157,.T.);
#1063=EDGE_CURVE('',#1177,#1293,#158,.T.);
#1064=EDGE_CURVE('',#1294,#1293,#1411,.T.);
#1065=EDGE_CURVE('',#1294,#1295,#159,.T.);
#1066=EDGE_CURVE('',#1289,#1295,#1412,.T.);
#1067=EDGE_CURVE('',#1296,#1286,#160,.T.);
#1068=EDGE_CURVE('',#1297,#1296,#1413,.T.);
#1069=EDGE_CURVE('',#1298,#1297,#161,.T.);
#1070=EDGE_CURVE('',#1299,#1298,#1414,.T.);
#1071=EDGE_CURVE('',#1299,#1300,#162,.T.);
#1072=EDGE_CURVE('',#1301,#1300,#1415,.T.);
#1073=EDGE_CURVE('',#1301,#1302,#163,.T.);
#1074=EDGE_CURVE('',#1303,#1302,#1416,.T.);
#1075=EDGE_CURVE('',#1287,#1303,#164,.T.);
#1076=EDGE_CURVE('',#1284,#1304,#165,.T.);
#1077=EDGE_CURVE('',#1304,#1305,#1417,.T.);
#1078=EDGE_CURVE('',#1305,#1306,#166,.T.);
#1079=EDGE_CURVE('',#1306,#1307,#1418,.T.);
#1080=EDGE_CURVE('',#1282,#1307,#167,.T.);
#1081=EDGE_CURVE('',#1217,#1218,#168,.T.);
#1082=EDGE_CURVE('',#1216,#1262,#169,.T.);
#1083=EDGE_CURVE('',#1261,#1290,#170,.F.);
#1084=EDGE_CURVE('',#1308,#1308,#1419,.T.);
#1085=EDGE_CURVE('',#1309,#1309,#1420,.T.);
#1086=EDGE_CURVE('',#1271,#1292,#171,.T.);
#1087=EDGE_CURVE('',#1291,#1260,#172,.F.);
#1088=EDGE_CURVE('',#1259,#1215,#173,.T.);
#1089=EDGE_CURVE('',#1214,#1272,#174,.F.);
#1090=EDGE_CURVE('',#1310,#1310,#1421,.T.);
#1091=EDGE_CURVE('',#1311,#1311,#1422,.T.);
#1092=EDGE_CURVE('',#1312,#1312,#1423,.T.);
#1093=EDGE_CURVE('',#1285,#1313,#175,.T.);
#1094=EDGE_CURVE('',#1313,#1202,#176,.T.);
#1095=EDGE_CURVE('',#1288,#1314,#177,.T.);
#1096=EDGE_CURVE('',#1314,#1199,#178,.T.);
#1097=EDGE_CURVE('',#1314,#1315,#1424,.T.);
#1098=EDGE_CURVE('',#1315,#1200,#179,.T.);
#1099=EDGE_CURVE('',#1316,#1315,#180,.T.);
#1100=EDGE_CURVE('',#1316,#1201,#181,.T.);
#1101=EDGE_CURVE('',#1316,#1313,#1425,.T.);
#1102=EDGE_CURVE('',#1317,#1317,#1426,.T.);
#1103=EDGE_CURVE('',#1303,#1280,#182,.T.);
#1104=EDGE_CURVE('',#1296,#1279,#183,.T.);
#1105=EDGE_CURVE('',#1283,#1318,#184,.T.);
#1106=EDGE_CURVE('',#1318,#1304,#185,.T.);
#1107=EDGE_CURVE('',#1318,#1319,#1427,.T.);
#1108=EDGE_CURVE('',#1319,#1305,#186,.T.);
#1109=EDGE_CURVE('',#1319,#1320,#187,.T.);
#1110=EDGE_CURVE('',#1320,#1306,#188,.T.);
#1111=EDGE_CURVE('',#1320,#1321,#1428,.T.);
#1112=EDGE_CURVE('',#1321,#1307,#189,.T.);
#1113=EDGE_CURVE('',#1322,#1322,#1429,.T.);
#1114=EDGE_CURVE('',#1281,#1321,#190,.T.);
#1115=EDGE_CURVE('',#1267,#1256,#191,.T.);
#1116=EDGE_CURVE('',#1266,#1249,#192,.T.);
#1117=EDGE_CURVE('',#1302,#1274,#193,.T.);
#1118=EDGE_CURVE('',#1301,#1273,#194,.T.);
#1119=EDGE_CURVE('',#1300,#1275,#195,.T.);
#1120=EDGE_CURVE('',#1299,#1276,#196,.T.);
#1121=EDGE_CURVE('',#1298,#1277,#197,.T.);
#1122=EDGE_CURVE('',#1297,#1278,#198,.T.);
#1123=EDGE_CURVE('',#1263,#1251,#199,.T.);
#1124=EDGE_CURVE('',#1265,#1250,#200,.T.);
#1125=EDGE_CURVE('',#1268,#1255,#201,.T.);
#1126=EDGE_CURVE('',#1269,#1254,#202,.T.);
#1127=EDGE_CURVE('',#1270,#1253,#203,.T.);
#1128=EDGE_CURVE('',#1264,#1252,#204,.T.);
#1129=EDGE_CURVE('',#1232,#1229,#1430,.T.);
#1130=EDGE_CURVE('',#1323,#1323,#1431,.T.);
#1131=EDGE_CURVE('',#1324,#1324,#1432,.T.);
#1132=EDGE_CURVE('',#1325,#1230,#205,.T.);
#1133=EDGE_CURVE('',#1325,#1326,#1433,.T.);
#1134=EDGE_CURVE('',#1326,#1327,#206,.T.);
#1135=EDGE_CURVE('',#1327,#1328,#1434,.T.);
#1136=EDGE_CURVE('',#1231,#1328,#207,.T.);
#1137=EDGE_CURVE('',#1329,#1329,#1435,.T.);
#1138=EDGE_CURVE('',#1330,#1330,#1436,.T.);
#1139=EDGE_CURVE('',#1331,#1331,#1437,.T.);
#1140=EDGE_CURVE('',#1332,#1332,#1438,.T.);
#1141=EDGE_CURVE('',#1333,#1333,#1439,.T.);
#1142=EDGE_CURVE('',#1334,#1334,#1440,.T.);
#1143=EDGE_CURVE('',#1335,#1335,#1441,.T.);
#1144=EDGE_CURVE('',#1336,#1223,#208,.T.);
#1145=EDGE_CURVE('',#1336,#1325,#209,.T.);
#1146=EDGE_CURVE('',#1336,#1337,#1442,.T.);
#1147=EDGE_CURVE('',#1337,#1326,#210,.T.);
#1148=EDGE_CURVE('',#1337,#1338,#211,.T.);
#1149=EDGE_CURVE('',#1338,#1327,#212,.T.);
#1150=EDGE_CURVE('',#1338,#1339,#1443,.T.);
#1151=EDGE_CURVE('',#1339,#1328,#213,.T.);
#1152=EDGE_CURVE('',#1227,#1339,#214,.T.);
#1153=EDGE_CURVE('',#1340,#1340,#1444,.T.);
#1154=EDGE_CURVE('',#1295,#1182,#215,.T.);
#1155=EDGE_CURVE('',#1289,#1181,#216,.T.);
#1156=EDGE_CURVE('',#1293,#1184,#217,.T.);
#1157=EDGE_CURVE('',#1294,#1183,#218,.T.);
#1158=EDGE_CURVE('',#1341,#1341,#1445,.T.);
#1159=EDGE_CURVE('',#1342,#1342,#1446,.T.);
#1160=EDGE_CURVE('',#1343,#1343,#1447,.T.);
#1161=EDGE_CURVE('',#1344,#1344,#1448,.T.);
#1162=VERTEX_POINT('',#2694);
#1163=VERTEX_POINT('',#2696);
#1164=VERTEX_POINT('',#2699);
#1165=VERTEX_POINT('',#2701);
#1166=VERTEX_POINT('',#2704);
#1167=VERTEX_POINT('',#2706);
#1168=VERTEX_POINT('',#2709);
#1169=VERTEX_POINT('',#2711);
#1170=VERTEX_POINT('',#2714);
#1171=VERTEX_POINT('',#2716);
#1172=VERTEX_POINT('',#2719);
#1173=VERTEX_POINT('',#2720);
#1174=VERTEX_POINT('',#2722);
#1175=VERTEX_POINT('',#2724);
#1176=VERTEX_POINT('',#2728);
#1177=VERTEX_POINT('',#2729);
#1178=VERTEX_POINT('',#2731);
#1179=VERTEX_POINT('',#2733);
#1180=VERTEX_POINT('',#2737);
#1181=VERTEX_POINT('',#2739);
#1182=VERTEX_POINT('',#2741);
#1183=VERTEX_POINT('',#2743);
#1184=VERTEX_POINT('',#2745);
#1185=VERTEX_POINT('',#2748);
#1186=VERTEX_POINT('',#2750);
#1187=VERTEX_POINT('',#2752);
#1188=VERTEX_POINT('',#2756);
#1189=VERTEX_POINT('',#2758);
#1190=VERTEX_POINT('',#2760);
#1191=VERTEX_POINT('',#2762);
#1192=VERTEX_POINT('',#2764);
#1193=VERTEX_POINT('',#2766);
#1194=VERTEX_POINT('',#2768);
#1195=VERTEX_POINT('',#2770);
#1196=VERTEX_POINT('',#2772);
#1197=VERTEX_POINT('',#2774);
#1198=VERTEX_POINT('',#2776);
#1199=VERTEX_POINT('',#2778);
#1200=VERTEX_POINT('',#2780);
#1201=VERTEX_POINT('',#2782);
#1202=VERTEX_POINT('',#2784);
#1203=VERTEX_POINT('',#2786);
#1204=VERTEX_POINT('',#2788);
#1205=VERTEX_POINT('',#2790);
#1206=VERTEX_POINT('',#2794);
#1207=VERTEX_POINT('',#2795);
#1208=VERTEX_POINT('',#2797);
#1209=VERTEX_POINT('',#2799);
#1210=VERTEX_POINT('',#2803);
#1211=VERTEX_POINT('',#2804);
#1212=VERTEX_POINT('',#2806);
#1213=VERTEX_POINT('',#2808);
#1214=VERTEX_POINT('',#2813);
#1215=VERTEX_POINT('',#2815);
#1216=VERTEX_POINT('',#2817);
#1217=VERTEX_POINT('',#2819);
#1218=VERTEX_POINT('',#2825);
#1219=VERTEX_POINT('',#2827);
#1220=VERTEX_POINT('',#2829);
#1221=VERTEX_POINT('',#2831);
#1222=VERTEX_POINT('',#2839);
#1223=VERTEX_POINT('',#2840);
#1224=VERTEX_POINT('',#2847);
#1225=VERTEX_POINT('',#2849);
#1226=VERTEX_POINT('',#2856);
#1227=VERTEX_POINT('',#2861);
#1228=VERTEX_POINT('',#2868);
#1229=VERTEX_POINT('',#2869);
#1230=VERTEX_POINT('',#2875);
#1231=VERTEX_POINT('',#2883);
#1232=VERTEX_POINT('',#2885);
#1233=VERTEX_POINT('',#2889);
#1234=VERTEX_POINT('',#2890);
#1235=VERTEX_POINT('',#2892);
#1236=VERTEX_POINT('',#2894);
#1237=VERTEX_POINT('',#2898);
#1238=VERTEX_POINT('',#2903);
#1239=VERTEX_POINT('',#2907);
#1240=VERTEX_POINT('',#2909);
#1241=VERTEX_POINT('',#2913);
#1242=VERTEX_POINT('',#2915);
#1243=VERTEX_POINT('',#2919);
#1244=VERTEX_POINT('',#2924);
#1245=VERTEX_POINT('',#2931);
#1246=VERTEX_POINT('',#2933);
#1247=VERTEX_POINT('',#2935);
#1248=VERTEX_POINT('',#2937);
#1249=VERTEX_POINT('',#2939);
#1250=VERTEX_POINT('',#2941);
#1251=VERTEX_POINT('',#2943);
#1252=VERTEX_POINT('',#2945);
#1253=VERTEX_POINT('',#2947);
#1254=VERTEX_POINT('',#2949);
#1255=VERTEX_POINT('',#2951);
#1256=VERTEX_POINT('',#2953);
#1257=VERTEX_POINT('',#2955);
#1258=VERTEX_POINT('',#2957);
#1259=VERTEX_POINT('',#2961);
#1260=VERTEX_POINT('',#2962);
#1261=VERTEX_POINT('',#2964);
#1262=VERTEX_POINT('',#2966);
#1263=VERTEX_POINT('',#2969);
#1264=VERTEX_POINT('',#2970);
#1265=VERTEX_POINT('',#2972);
#1266=VERTEX_POINT('',#2974);
#1267=VERTEX_POINT('',#2976);
#1268=VERTEX_POINT('',#2978);
#1269=VERTEX_POINT('',#2980);
#1270=VERTEX_POINT('',#2982);
#1271=VERTEX_POINT('',#2986);
#1272=VERTEX_POINT('',#2988);
#1273=VERTEX_POINT('',#2991);
#1274=VERTEX_POINT('',#2992);
#1275=VERTEX_POINT('',#2994);
#1276=VERTEX_POINT('',#2996);
#1277=VERTEX_POINT('',#2998);
#1278=VERTEX_POINT('',#3000);
#1279=VERTEX_POINT('',#3002);
#1280=VERTEX_POINT('',#3004);
#1281=VERTEX_POINT('',#3008);
#1282=VERTEX_POINT('',#3009);
#1283=VERTEX_POINT('',#3014);
#1284=VERTEX_POINT('',#3016);
#1285=VERTEX_POINT('',#3020);
#1286=VERTEX_POINT('',#3022);
#1287=VERTEX_POINT('',#3026);
#1288=VERTEX_POINT('',#3028);
#1289=VERTEX_POINT('',#3040);
#1290=VERTEX_POINT('',#3042);
#1291=VERTEX_POINT('',#3044);
#1292=VERTEX_POINT('',#3046);
#1293=VERTEX_POINT('',#3049);
#1294=VERTEX_POINT('',#3051);
#1295=VERTEX_POINT('',#3053);
#1296=VERTEX_POINT('',#3057);
#1297=VERTEX_POINT('',#3059);
#1298=VERTEX_POINT('',#3061);
#1299=VERTEX_POINT('',#3063);
#1300=VERTEX_POINT('',#3065);
#1301=VERTEX_POINT('',#3067);
#1302=VERTEX_POINT('',#3069);
#1303=VERTEX_POINT('',#3071);
#1304=VERTEX_POINT('',#3075);
#1305=VERTEX_POINT('',#3077);
#1306=VERTEX_POINT('',#3079);
#1307=VERTEX_POINT('',#3081);
#1308=VERTEX_POINT('',#3087);
#1309=VERTEX_POINT('',#3090);
#1310=VERTEX_POINT('',#3097);
#1311=VERTEX_POINT('',#3100);
#1312=VERTEX_POINT('',#3103);
#1313=VERTEX_POINT('',#3110);
#1314=VERTEX_POINT('',#3114);
#1315=VERTEX_POINT('',#3118);
#1316=VERTEX_POINT('',#3122);
#1317=VERTEX_POINT('',#3128);
#1318=VERTEX_POINT('',#3134);
#1319=VERTEX_POINT('',#3138);
#1320=VERTEX_POINT('',#3142);
#1321=VERTEX_POINT('',#3146);
#1322=VERTEX_POINT('',#3150);
#1323=VERTEX_POINT('',#3186);
#1324=VERTEX_POINT('',#3188);
#1325=VERTEX_POINT('',#3191);
#1326=VERTEX_POINT('',#3193);
#1327=VERTEX_POINT('',#3195);
#1328=VERTEX_POINT('',#3197);
#1329=VERTEX_POINT('',#3200);
#1330=VERTEX_POINT('',#3203);
#1331=VERTEX_POINT('',#3206);
#1332=VERTEX_POINT('',#3209);
#1333=VERTEX_POINT('',#3211);
#1334=VERTEX_POINT('',#3213);
#1335=VERTEX_POINT('',#3215);
#1336=VERTEX_POINT('',#3219);
#1337=VERTEX_POINT('',#3223);
#1338=VERTEX_POINT('',#3227);
#1339=VERTEX_POINT('',#3231);
#1340=VERTEX_POINT('',#3238);
#1341=VERTEX_POINT('',#3254);
#1342=VERTEX_POINT('',#3258);
#1343=VERTEX_POINT('',#3262);
#1344=VERTEX_POINT('',#3266);
#1345=CIRCLE('',#1912,0.0017);
#1346=CIRCLE('',#1913,0.0017);
#1347=CIRCLE('',#1915,0.0017);
#1348=CIRCLE('',#1916,0.0017);
#1349=CIRCLE('',#1918,0.0017);
#1350=CIRCLE('',#1919,0.0017);
#1351=CIRCLE('',#1921,0.0017);
#1352=CIRCLE('',#1922,0.0017);
#1353=CIRCLE('',#1924,0.0375);
#1354=CIRCLE('',#1925,0.0360857864376269);
#1355=CIRCLE('',#1927,0.00212132034355963);
#1356=CIRCLE('',#1928,0.00212132034355963);
#1357=CIRCLE('',#1930,0.00212132034355964);
#1358=CIRCLE('',#1931,0.00212132034355964);
#1359=CIRCLE('',#1933,0.003);
#1360=CIRCLE('',#1934,0.003);
#1361=CIRCLE('',#1936,0.0021);
#1362=CIRCLE('',#1937,0.00141421356237309);
#1363=CIRCLE('',#1938,0.00282842712474619);
#1364=CIRCLE('',#1939,0.003);
#1365=CIRCLE('',#1940,0.003);
#1366=CIRCLE('',#1941,0.00282842712474618);
#1367=CIRCLE('',#1942,0.00141421356237309);
#1368=CIRCLE('',#1944,0.00106066017177981);
#1369=CIRCLE('',#1945,0.00106066017177981);
#1370=CIRCLE('',#1947,0.00106066017177983);
#1371=CIRCLE('',#1948,0.00106066017177983);
#1372=CIRCLE('',#1952,0.0375);
#1373=CIRCLE('',#1953,0.0396213203435596);
#1374=CIRCLE('',#1956,0.00239960024703413);
#1375=CIRCLE('',#1958,0.00212132034355964);
#1376=CIRCLE('',#1959,0.00212132034355963);
#1377=CIRCLE('',#1961,0.00353553390593272);
#1378=CIRCLE('',#1962,0.00212132034355963);
#1379=CIRCLE('',#1963,0.00141421356237309);
#1380=CIRCLE('',#1965,0.00212132034355963);
#1381=CIRCLE('',#1967,0.00353553390593272);
#1382=CIRCLE('',#1968,0.00212132034355963);
#1383=CIRCLE('',#1969,0.00141421356237309);
#1384=CIRCLE('',#1971,0.00212132034355963);
#1385=CIRCLE('',#1973,0.00353553390593272);
#1386=CIRCLE('',#1974,0.00212132034355964);
#1387=CIRCLE('',#1975,0.00141421356237309);
#1388=CIRCLE('',#1977,0.00212132034355963);
#1389=CIRCLE('',#1979,0.00353553390593272);
#1390=CIRCLE('',#1980,0.00141421356237309);
#1391=CIRCLE('',#1982,0.002);
#1392=CIRCLE('',#1983,0.003);
#1393=CIRCLE('',#1984,0.003);
#1394=CIRCLE('',#1985,0.002);
#1395=CIRCLE('',#1987,0.003);
#1396=CIRCLE('',#1988,0.002);
#1397=CIRCLE('',#1989,0.002);
#1398=CIRCLE('',#1990,0.003);
#1399=CIRCLE('',#1992,0.003);
#1400=CIRCLE('',#1993,0.003);
#1401=CIRCLE('',#1994,0.002);
#1402=CIRCLE('',#1995,0.002);
#1403=CIRCLE('',#1997,0.00282842712474618);
#1404=CIRCLE('',#1998,0.00282842712474618);
#1405=CIRCLE('',#2000,0.00282842712474618);
#1406=CIRCLE('',#2001,0.00282842712474618);
#1407=CIRCLE('',#2003,0.00282842712474618);
#1408=CIRCLE('',#2005,0.00282842712474619);
#1409=CIRCLE('',#2007,0.00141421356237309);
#1410=CIRCLE('',#2011,0.00141421356237309);
#1411=CIRCLE('',#2013,0.003);
#1412=CIRCLE('',#2014,0.003);
#1413=CIRCLE('',#2016,0.002);
#1414=CIRCLE('',#2017,0.003);
#1415=CIRCLE('',#2018,0.003);
#1416=CIRCLE('',#2019,0.002);
#1417=CIRCLE('',#2021,0.003);
#1418=CIRCLE('',#2022,0.003);
#1419=CIRCLE('',#2023,0.0021);
#1420=CIRCLE('',#2025,0.0115);
#1421=CIRCLE('',#2027,0.0115);
#1422=CIRCLE('',#2029,0.0028);
#1423=CIRCLE('',#2031,0.0028);
#1424=CIRCLE('',#2039,0.003);
#1425=CIRCLE('',#2042,0.003);
#1426=CIRCLE('',#2044,0.0021);
#1427=CIRCLE('',#2048,0.003);
#1428=CIRCLE('',#2051,0.003);
#1429=CIRCLE('',#2053,0.0021);
#1430=CIRCLE('',#2071,0.0375);
#1431=CIRCLE('',#2073,0.03505);
#1432=CIRCLE('',#2074,0.03505);
#1433=CIRCLE('',#2076,0.002);
#1434=CIRCLE('',#2077,0.002);
#1435=CIRCLE('',#2078,0.00325);
#1436=CIRCLE('',#2080,0.02495);
#1437=CIRCLE('',#2082,0.02495);
#1438=CIRCLE('',#2084,0.003);
#1439=CIRCLE('',#2085,0.003);
#1440=CIRCLE('',#2086,0.003);
#1441=CIRCLE('',#2087,0.003);
#1442=CIRCLE('',#2091,0.002);
#1443=CIRCLE('',#2094,0.002);
#1444=CIRCLE('',#2098,0.00325);
#1445=CIRCLE('',#2109,0.003);
#1446=CIRCLE('',#2112,0.003);
#1447=CIRCLE('',#2115,0.003);
#1448=CIRCLE('',#2118,0.003);
#1449=EDGE_LOOP('',(#376));
#1450=EDGE_LOOP('',(#377));
#1451=EDGE_LOOP('',(#378));
#1452=EDGE_LOOP('',(#379));
#1453=EDGE_LOOP('',(#380));
#1454=EDGE_LOOP('',(#381));
#1455=EDGE_LOOP('',(#382));
#1456=EDGE_LOOP('',(#383));
#1457=EDGE_LOOP('',(#384));
#1458=EDGE_LOOP('',(#385));
#1459=EDGE_LOOP('',(#386,#387,#388,#389));
#1460=EDGE_LOOP('',(#390,#391,#392,#393));
#1461=EDGE_LOOP('',(#394,#395,#396,#397,#398,#399,#400,#401,#402,#403,#404,
#405));
#1462=EDGE_LOOP('',(#406));
#1463=EDGE_LOOP('',(#407,#408,#409,#410,#411,#412,#413,#414,#415,#416,#417,
#418,#419,#420,#421,#422,#423,#424,#425,#426));
#1464=EDGE_LOOP('',(#427,#428,#429,#430));
#1465=EDGE_LOOP('',(#431,#432,#433,#434));
#1466=EDGE_LOOP('',(#435,#436,#437,#438,#439,#440,#441,#442,#443,#444));
#1467=EDGE_LOOP('',(#445,#446,#447,#448,#449,#450,#451,#452,#453,#454));
#1468=EDGE_LOOP('',(#455,#456,#457,#458,#459,#460));
#1469=EDGE_LOOP('',(#461,#462,#463,#464,#465));
#1470=EDGE_LOOP('',(#466,#467,#468,#469));
#1471=EDGE_LOOP('',(#470,#471,#472,#473));
#1472=EDGE_LOOP('',(#474,#475,#476,#477));
#1473=EDGE_LOOP('',(#478,#479,#480,#481));
#1474=EDGE_LOOP('',(#482,#483,#484,#485));
#1475=EDGE_LOOP('',(#486,#487,#488,#489));
#1476=EDGE_LOOP('',(#490,#491,#492,#493));
#1477=EDGE_LOOP('',(#494,#495,#496,#497));
#1478=EDGE_LOOP('',(#498,#499,#500,#501));
#1479=EDGE_LOOP('',(#502,#503,#504,#505,#506,#507,#508,#509,#510,#511,#512,
#513,#514,#515,#516,#517));
#1480=EDGE_LOOP('',(#518,#519,#520,#521));
#1481=EDGE_LOOP('',(#522,#523,#524,#525,#526,#527,#528,#529));
#1482=EDGE_LOOP('',(#530,#531,#532,#533));
#1483=EDGE_LOOP('',(#534,#535,#536,#537,#538,#539,#540,#541));
#1484=EDGE_LOOP('',(#542,#543,#544,#545));
#1485=EDGE_LOOP('',(#546,#547,#548,#549));
#1486=EDGE_LOOP('',(#550,#551,#552,#553));
#1487=EDGE_LOOP('',(#554,#555,#556,#557));
#1488=EDGE_LOOP('',(#558,#559,#560,#561));
#1489=EDGE_LOOP('',(#562,#563,#564,#565));
#1490=EDGE_LOOP('',(#566,#567,#568,#569));
#1491=EDGE_LOOP('',(#570,#571,#572,#573));
#1492=EDGE_LOOP('',(#574,#575,#576,#577,#578,#579,#580,#581,#582,#583,#584,
#585));
#1493=EDGE_LOOP('',(#586,#587,#588,#589,#590,#591,#592,#593,#594,#595,#596,
#597,#598,#599,#600,#601));
#1494=EDGE_LOOP('',(#602,#603,#604,#605,#606,#607,#608,#609,#610,#611,#612,
#613,#614,#615,#616,#617,#618,#619,#620,#621));
#1495=EDGE_LOOP('',(#622));
#1496=EDGE_LOOP('',(#623));
#1497=EDGE_LOOP('',(#624));
#1498=EDGE_LOOP('',(#625));
#1499=EDGE_LOOP('',(#626));
#1500=EDGE_LOOP('',(#627));
#1501=EDGE_LOOP('',(#628,#629,#630,#631,#632,#633,#634,#635));
#1502=EDGE_LOOP('',(#636));
#1503=EDGE_LOOP('',(#637));
#1504=EDGE_LOOP('',(#638));
#1505=EDGE_LOOP('',(#639));
#1506=EDGE_LOOP('',(#640));
#1507=EDGE_LOOP('',(#641));
#1508=EDGE_LOOP('',(#642,#643,#644,#645));
#1509=EDGE_LOOP('',(#646,#647,#648,#649));
#1510=EDGE_LOOP('',(#650,#651,#652,#653));
#1511=EDGE_LOOP('',(#654,#655,#656,#657));
#1512=EDGE_LOOP('',(#658,#659,#660,#661));
#1513=EDGE_LOOP('',(#662,#663,#664,#665));
#1514=EDGE_LOOP('',(#666,#667,#668,#669));
#1515=EDGE_LOOP('',(#670,#671,#672,#673));
#1516=EDGE_LOOP('',(#674,#675,#676,#677));
#1517=EDGE_LOOP('',(#678));
#1518=EDGE_LOOP('',(#679));
#1519=EDGE_LOOP('',(#680,#681,#682,#683,#684,#685,#686,#687,#688,#689,#690,
#691));
#1520=EDGE_LOOP('',(#692));
#1521=EDGE_LOOP('',(#693,#694,#695,#696));
#1522=EDGE_LOOP('',(#697,#698,#699,#700));
#1523=EDGE_LOOP('',(#701,#702,#703,#704));
#1524=EDGE_LOOP('',(#705,#706,#707,#708));
#1525=EDGE_LOOP('',(#709));
#1526=EDGE_LOOP('',(#710));
#1527=EDGE_LOOP('',(#711,#712,#713,#714));
#1528=EDGE_LOOP('',(#715));
#1529=EDGE_LOOP('',(#716,#717,#718,#719,#720,#721,#722,#723,#724,#725,#726,
#727));
#1530=EDGE_LOOP('',(#728,#729,#730,#731));
#1531=EDGE_LOOP('',(#732,#733,#734,#735));
#1532=EDGE_LOOP('',(#736,#737,#738,#739));
#1533=EDGE_LOOP('',(#740,#741,#742,#743));
#1534=EDGE_LOOP('',(#744,#745,#746,#747));
#1535=EDGE_LOOP('',(#748,#749,#750,#751));
#1536=EDGE_LOOP('',(#752,#753,#754,#755));
#1537=EDGE_LOOP('',(#756,#757,#758,#759));
#1538=EDGE_LOOP('',(#760,#761,#762,#763));
#1539=EDGE_LOOP('',(#764,#765,#766,#767));
#1540=EDGE_LOOP('',(#768,#769,#770,#771));
#1541=EDGE_LOOP('',(#772,#773,#774,#775));
#1542=EDGE_LOOP('',(#776,#777,#778,#779));
#1543=EDGE_LOOP('',(#780,#781,#782,#783));
#1544=EDGE_LOOP('',(#784));
#1545=EDGE_LOOP('',(#785,#786,#787,#788,#789));
#1546=EDGE_LOOP('',(#790));
#1547=EDGE_LOOP('',(#791));
#1548=EDGE_LOOP('',(#792,#793,#794,#795,#796,#797,#798,#799));
#1549=EDGE_LOOP('',(#800));
#1550=EDGE_LOOP('',(#801));
#1551=EDGE_LOOP('',(#802));
#1552=EDGE_LOOP('',(#803));
#1553=EDGE_LOOP('',(#804));
#1554=EDGE_LOOP('',(#805));
#1555=EDGE_LOOP('',(#806));
#1556=EDGE_LOOP('',(#807));
#1557=EDGE_LOOP('',(#808));
#1558=EDGE_LOOP('',(#809));
#1559=EDGE_LOOP('',(#810));
#1560=EDGE_LOOP('',(#811));
#1561=EDGE_LOOP('',(#812));
#1562=EDGE_LOOP('',(#813,#814,#815,#816,#817,#818,#819,#820));
#1563=EDGE_LOOP('',(#821,#822,#823,#824,#825));
#1564=EDGE_LOOP('',(#826,#827,#828,#829));
#1565=EDGE_LOOP('',(#830,#831,#832,#833));
#1566=EDGE_LOOP('',(#834,#835,#836,#837));
#1567=EDGE_LOOP('',(#838,#839,#840,#841,#842));
#1568=EDGE_LOOP('',(#843,#844,#845,#846,#847,#848));
#1569=EDGE_LOOP('',(#849));
#1570=EDGE_LOOP('',(#850));
#1571=EDGE_LOOP('',(#851));
#1572=EDGE_LOOP('',(#852,#853,#854,#855));
#1573=EDGE_LOOP('',(#856,#857,#858,#859));
#1574=EDGE_LOOP('',(#860,#861,#862,#863));
#1575=EDGE_LOOP('',(#864,#865,#866,#867));
#1576=EDGE_LOOP('',(#868,#869,#870,#871));
#1577=EDGE_LOOP('',(#872,#873,#874,#875));
#1578=EDGE_LOOP('',(#876,#877,#878,#879));
#1579=EDGE_LOOP('',(#880,#881,#882,#883));
#1580=EDGE_LOOP('',(#884));
#1581=EDGE_LOOP('',(#885));
#1582=EDGE_LOOP('',(#886));
#1583=EDGE_LOOP('',(#887));
#1584=EDGE_LOOP('',(#888));
#1585=EDGE_LOOP('',(#889));
#1586=EDGE_LOOP('',(#890));
#1587=EDGE_LOOP('',(#891));
#1588=EDGE_LOOP('',(#892));
#1589=EDGE_LOOP('',(#893));
#1590=EDGE_LOOP('',(#894));
#1591=EDGE_LOOP('',(#895));
#1592=EDGE_LOOP('',(#896));
#1593=EDGE_LOOP('',(#897));
#1594=EDGE_LOOP('',(#898));
#1595=EDGE_LOOP('',(#899));
#1596=FACE_BOUND('',#1449,.T.);
#1597=FACE_BOUND('',#1450,.T.);
#1598=FACE_BOUND('',#1451,.T.);
#1599=FACE_BOUND('',#1452,.T.);
#1600=FACE_BOUND('',#1453,.T.);
#1601=FACE_BOUND('',#1454,.T.);
#1602=FACE_BOUND('',#1455,.T.);
#1603=FACE_BOUND('',#1456,.T.);
#1604=FACE_BOUND('',#1457,.T.);
#1605=FACE_BOUND('',#1458,.T.);
#1606=FACE_BOUND('',#1459,.T.);
#1607=FACE_BOUND('',#1460,.T.);
#1608=FACE_BOUND('',#1461,.T.);
#1609=FACE_BOUND('',#1462,.T.);
#1610=FACE_BOUND('',#1463,.T.);
#1611=FACE_BOUND('',#1464,.T.);
#1612=FACE_BOUND('',#1465,.T.);
#1613=FACE_BOUND('',#1466,.T.);
#1614=FACE_BOUND('',#1467,.T.);
#1615=FACE_BOUND('',#1468,.T.);
#1616=FACE_BOUND('',#1469,.T.);
#1617=FACE_BOUND('',#1470,.T.);
#1618=FACE_BOUND('',#1471,.T.);
#1619=FACE_BOUND('',#1472,.T.);
#1620=FACE_BOUND('',#1473,.T.);
#1621=FACE_BOUND('',#1474,.T.);
#1622=FACE_BOUND('',#1475,.T.);
#1623=FACE_BOUND('',#1476,.T.);
#1624=FACE_BOUND('',#1477,.T.);
#1625=FACE_BOUND('',#1478,.T.);
#1626=FACE_BOUND('',#1479,.T.);
#1627=FACE_BOUND('',#1480,.T.);
#1628=FACE_BOUND('',#1481,.T.);
#1629=FACE_BOUND('',#1482,.T.);
#1630=FACE_BOUND('',#1483,.T.);
#1631=FACE_BOUND('',#1484,.T.);
#1632=FACE_BOUND('',#1485,.T.);
#1633=FACE_BOUND('',#1486,.T.);
#1634=FACE_BOUND('',#1487,.T.);
#1635=FACE_BOUND('',#1488,.T.);
#1636=FACE_BOUND('',#1489,.T.);
#1637=FACE_BOUND('',#1490,.T.);
#1638=FACE_BOUND('',#1491,.T.);
#1639=FACE_BOUND('',#1492,.T.);
#1640=FACE_BOUND('',#1493,.T.);
#1641=FACE_BOUND('',#1494,.T.);
#1642=FACE_BOUND('',#1495,.T.);
#1643=FACE_BOUND('',#1496,.T.);
#1644=FACE_BOUND('',#1497,.T.);
#1645=FACE_BOUND('',#1498,.T.);
#1646=FACE_BOUND('',#1499,.T.);
#1647=FACE_BOUND('',#1500,.T.);
#1648=FACE_BOUND('',#1501,.T.);
#1649=FACE_BOUND('',#1502,.T.);
#1650=FACE_BOUND('',#1503,.T.);
#1651=FACE_BOUND('',#1504,.T.);
#1652=FACE_BOUND('',#1505,.T.);
#1653=FACE_BOUND('',#1506,.T.);
#1654=FACE_BOUND('',#1507,.T.);
#1655=FACE_BOUND('',#1508,.T.);
#1656=FACE_BOUND('',#1509,.T.);
#1657=FACE_BOUND('',#1510,.T.);
#1658=FACE_BOUND('',#1511,.T.);
#1659=FACE_BOUND('',#1512,.T.);
#1660=FACE_BOUND('',#1513,.T.);
#1661=FACE_BOUND('',#1514,.T.);
#1662=FACE_BOUND('',#1515,.T.);
#1663=FACE_BOUND('',#1516,.T.);
#1664=FACE_BOUND('',#1517,.T.);
#1665=FACE_BOUND('',#1518,.T.);
#1666=FACE_BOUND('',#1519,.T.);
#1667=FACE_BOUND('',#1520,.T.);
#1668=FACE_BOUND('',#1521,.T.);
#1669=FACE_BOUND('',#1522,.T.);
#1670=FACE_BOUND('',#1523,.T.);
#1671=FACE_BOUND('',#1524,.T.);
#1672=FACE_BOUND('',#1525,.T.);
#1673=FACE_BOUND('',#1526,.T.);
#1674=FACE_BOUND('',#1527,.T.);
#1675=FACE_BOUND('',#1528,.T.);
#1676=FACE_BOUND('',#1529,.T.);
#1677=FACE_BOUND('',#1530,.T.);
#1678=FACE_BOUND('',#1531,.T.);
#1679=FACE_BOUND('',#1532,.T.);
#1680=FACE_BOUND('',#1533,.T.);
#1681=FACE_BOUND('',#1534,.T.);
#1682=FACE_BOUND('',#1535,.T.);
#1683=FACE_BOUND('',#1536,.T.);
#1684=FACE_BOUND('',#1537,.T.);
#1685=FACE_BOUND('',#1538,.T.);
#1686=FACE_BOUND('',#1539,.T.);
#1687=FACE_BOUND('',#1540,.T.);
#1688=FACE_BOUND('',#1541,.T.);
#1689=FACE_BOUND('',#1542,.T.);
#1690=FACE_BOUND('',#1543,.T.);
#1691=FACE_BOUND('',#1544,.T.);
#1692=FACE_BOUND('',#1545,.T.);
#1693=FACE_BOUND('',#1546,.T.);
#1694=FACE_BOUND('',#1547,.T.);
#1695=FACE_BOUND('',#1548,.T.);
#1696=FACE_BOUND('',#1549,.T.);
#1697=FACE_BOUND('',#1550,.T.);
#1698=FACE_BOUND('',#1551,.T.);
#1699=FACE_BOUND('',#1552,.T.);
#1700=FACE_BOUND('',#1553,.T.);
#1701=FACE_BOUND('',#1554,.T.);
#1702=FACE_BOUND('',#1555,.T.);
#1703=FACE_BOUND('',#1556,.T.);
#1704=FACE_BOUND('',#1557,.T.);
#1705=FACE_BOUND('',#1558,.T.);
#1706=FACE_BOUND('',#1559,.T.);
#1707=FACE_BOUND('',#1560,.T.);
#1708=FACE_BOUND('',#1561,.T.);
#1709=FACE_BOUND('',#1562,.T.);
#1710=FACE_BOUND('',#1563,.T.);
#1711=FACE_BOUND('',#1564,.T.);
#1712=FACE_BOUND('',#1565,.T.);
#1713=FACE_BOUND('',#1566,.T.);
#1714=FACE_BOUND('',#1567,.T.);
#1715=FACE_BOUND('',#1568,.T.);
#1716=FACE_BOUND('',#1569,.T.);
#1717=FACE_BOUND('',#1570,.T.);
#1718=FACE_BOUND('',#1571,.T.);
#1719=FACE_BOUND('',#1572,.T.);
#1720=FACE_BOUND('',#1573,.T.);
#1721=FACE_BOUND('',#1574,.T.);
#1722=FACE_BOUND('',#1575,.T.);
#1723=FACE_BOUND('',#1576,.T.);
#1724=FACE_BOUND('',#1577,.T.);
#1725=FACE_BOUND('',#1578,.T.);
#1726=FACE_BOUND('',#1579,.T.);
#1727=FACE_BOUND('',#1580,.T.);
#1728=FACE_BOUND('',#1581,.T.);
#1729=FACE_BOUND('',#1582,.T.);
#1730=FACE_BOUND('',#1583,.T.);
#1731=FACE_BOUND('',#1584,.T.);
#1732=FACE_BOUND('',#1585,.T.);
#1733=FACE_BOUND('',#1586,.T.);
#1734=FACE_BOUND('',#1587,.T.);
#1735=FACE_BOUND('',#1588,.T.);
#1736=FACE_BOUND('',#1589,.T.);
#1737=FACE_BOUND('',#1590,.T.);
#1738=FACE_BOUND('',#1591,.T.);
#1739=FACE_BOUND('',#1592,.T.);
#1740=FACE_BOUND('',#1593,.T.);
#1741=FACE_BOUND('',#1594,.T.);
#1742=FACE_BOUND('',#1595,.T.);
#1743=CYLINDRICAL_SURFACE('',#1911,0.0017);
#1744=CYLINDRICAL_SURFACE('',#1914,0.0017);
#1745=CYLINDRICAL_SURFACE('',#1917,0.0017);
#1746=CYLINDRICAL_SURFACE('',#1920,0.0017);
#1747=CYLINDRICAL_SURFACE('',#1926,0.00212132034355963);
#1748=CYLINDRICAL_SURFACE('',#1929,0.00212132034355964);
#1749=CYLINDRICAL_SURFACE('',#1943,0.00106066017177981);
#1750=CYLINDRICAL_SURFACE('',#1946,0.00106066017177983);
#1751=CYLINDRICAL_SURFACE('',#1954,0.00239960024703221);
#1752=CYLINDRICAL_SURFACE('',#1955,0.00239960024703413);
#1753=CYLINDRICAL_SURFACE('',#1957,0.00212132034355964);
#1754=CYLINDRICAL_SURFACE('',#1964,0.00212132034355963);
#1755=CYLINDRICAL_SURFACE('',#1970,0.00212132034355963);
#1756=CYLINDRICAL_SURFACE('',#1976,0.00212132034355964);
#1757=CYLINDRICAL_SURFACE('',#1996,0.00282842712474618);
#1758=CYLINDRICAL_SURFACE('',#1999,0.00282842712474618);
#1759=CYLINDRICAL_SURFACE('',#2002,0.00282842712474618);
#1760=CYLINDRICAL_SURFACE('',#2004,0.00282842712474619);
#1761=CYLINDRICAL_SURFACE('',#2006,0.00141421356237309);
#1762=CYLINDRICAL_SURFACE('',#2008,0.00141421356237309);
#1763=CYLINDRICAL_SURFACE('',#2009,0.00141421356237309);
#1764=CYLINDRICAL_SURFACE('',#2010,0.00141421356237309);
#1765=CYLINDRICAL_SURFACE('',#2026,0.0115);
#1766=CYLINDRICAL_SURFACE('',#2030,0.0028);
#1767=CYLINDRICAL_SURFACE('',#2038,0.003);
#1768=CYLINDRICAL_SURFACE('',#2041,0.003);
#1769=CYLINDRICAL_SURFACE('',#2043,0.0021);
#1770=CYLINDRICAL_SURFACE('',#2047,0.003);
#1771=CYLINDRICAL_SURFACE('',#2050,0.003);
#1772=CYLINDRICAL_SURFACE('',#2052,0.0021);
#1773=CYLINDRICAL_SURFACE('',#2056,0.002);
#1774=CYLINDRICAL_SURFACE('',#2057,0.003);
#1775=CYLINDRICAL_SURFACE('',#2059,0.003);
#1776=CYLINDRICAL_SURFACE('',#2061,0.002);
#1777=CYLINDRICAL_SURFACE('',#2064,0.002);
#1778=CYLINDRICAL_SURFACE('',#2065,0.002);
#1779=CYLINDRICAL_SURFACE('',#2067,0.003);
#1780=CYLINDRICAL_SURFACE('',#2069,0.003);
#1781=CYLINDRICAL_SURFACE('',#2070,0.0375);
#1782=CYLINDRICAL_SURFACE('',#2072,0.03505);
#1783=CYLINDRICAL_SURFACE('',#2081,0.02495);
#1784=CYLINDRICAL_SURFACE('',#2090,0.002);
#1785=CYLINDRICAL_SURFACE('',#2093,0.002);
#1786=CYLINDRICAL_SURFACE('',#2097,0.00325);
#1787=CYLINDRICAL_SURFACE('',#2103,0.003);
#1788=CYLINDRICAL_SURFACE('',#2106,0.003);
#1789=CYLINDRICAL_SURFACE('',#2108,0.003);
#1790=CYLINDRICAL_SURFACE('',#2111,0.003);
#1791=CYLINDRICAL_SURFACE('',#2114,0.003);
#1792=CYLINDRICAL_SURFACE('',#2117,0.003);
#1793=ADVANCED_FACE('',(#1596,#1597),#1743,.F.);
#1794=ADVANCED_FACE('',(#1598,#1599),#1744,.F.);
#1795=ADVANCED_FACE('',(#1600,#1601),#1745,.F.);
#1796=ADVANCED_FACE('',(#1602,#1603),#1746,.F.);
#1797=ADVANCED_FACE('',(#1604,#1605),#370,.T.);
#1798=ADVANCED_FACE('',(#1606),#1747,.T.);
#1799=ADVANCED_FACE('',(#1607),#1748,.T.);
#1800=ADVANCED_FACE('',(#1608),#19,.F.);
#1801=ADVANCED_FACE('',(#1609,#1610),#20,.F.);
#1802=ADVANCED_FACE('',(#1611),#1749,.F.);
#1803=ADVANCED_FACE('',(#1612),#1750,.F.);
#1804=ADVANCED_FACE('',(#1613),#21,.F.);
#1805=ADVANCED_FACE('',(#1614),#22,.T.);
#1806=ADVANCED_FACE('',(#1615),#371,.F.);
#1807=ADVANCED_FACE('',(#1616),#1751,.F.);
#1808=ADVANCED_FACE('',(#1617),#1752,.F.);
#1809=ADVANCED_FACE('',(#1618),#1753,.F.);
#1810=ADVANCED_FACE('',(#1619),#372,.F.);
#1811=ADVANCED_FACE('',(#1620),#1754,.F.);
#1812=ADVANCED_FACE('',(#1621),#373,.F.);
#1813=ADVANCED_FACE('',(#1622),#1755,.F.);
#1814=ADVANCED_FACE('',(#1623),#374,.F.);
#1815=ADVANCED_FACE('',(#1624),#1756,.F.);
#1816=ADVANCED_FACE('',(#1625),#375,.F.);
#1817=ADVANCED_FACE('',(#1626),#23,.F.);
#1818=ADVANCED_FACE('',(#1627,#1628),#24,.T.);
#1819=ADVANCED_FACE('',(#1629,#1630),#25,.F.);
#1820=ADVANCED_FACE('',(#1631),#1757,.F.);
#1821=ADVANCED_FACE('',(#1632),#1758,.F.);
#1822=ADVANCED_FACE('',(#1633),#1759,.F.);
#1823=ADVANCED_FACE('',(#1634),#1760,.F.);
#1824=ADVANCED_FACE('',(#1635),#1761,.T.);
#1825=ADVANCED_FACE('',(#1636),#1762,.T.);
#1826=ADVANCED_FACE('',(#1637),#1763,.T.);
#1827=ADVANCED_FACE('',(#1638),#1764,.T.);
#1828=ADVANCED_FACE('',(#1639),#26,.T.);
#1829=ADVANCED_FACE('',(#1640),#27,.T.);
#1830=ADVANCED_FACE('',(#1641,#1642),#28,.F.);
#1831=ADVANCED_FACE('',(#1643,#1644,#1645,#1646,#1647,#1648),#29,.F.);
#1832=ADVANCED_FACE('',(#1649,#1650),#1765,.F.);
#1833=ADVANCED_FACE('',(#1651,#1652),#30,.T.);
#1834=ADVANCED_FACE('',(#1653,#1654),#1766,.F.);
#1835=ADVANCED_FACE('',(#1655),#31,.F.);
#1836=ADVANCED_FACE('',(#1656),#32,.T.);
#1837=ADVANCED_FACE('',(#1657),#33,.T.);
#1838=ADVANCED_FACE('',(#1658),#34,.F.);
#1839=ADVANCED_FACE('',(#1659),#35,.F.);
#1840=ADVANCED_FACE('',(#1660),#36,.T.);
#1841=ADVANCED_FACE('',(#1661),#1767,.T.);
#1842=ADVANCED_FACE('',(#1662),#37,.F.);
#1843=ADVANCED_FACE('',(#1663),#1768,.T.);
#1844=ADVANCED_FACE('',(#1664,#1665),#1769,.F.);
#1845=ADVANCED_FACE('',(#1666,#1667),#38,.F.);
#1846=ADVANCED_FACE('',(#1668),#39,.T.);
#1847=ADVANCED_FACE('',(#1669),#1770,.T.);
#1848=ADVANCED_FACE('',(#1670),#40,.T.);
#1849=ADVANCED_FACE('',(#1671),#1771,.T.);
#1850=ADVANCED_FACE('',(#1672,#1673),#1772,.F.);
#1851=ADVANCED_FACE('',(#1674),#41,.F.);
#1852=ADVANCED_FACE('',(#1675,#1676),#42,.F.);
#1853=ADVANCED_FACE('',(#1677),#1773,.F.);
#1854=ADVANCED_FACE('',(#1678),#1774,.F.);
#1855=ADVANCED_FACE('',(#1679),#43,.T.);
#1856=ADVANCED_FACE('',(#1680),#1775,.F.);
#1857=ADVANCED_FACE('',(#1681),#44,.F.);
#1858=ADVANCED_FACE('',(#1682),#1776,.F.);
#1859=ADVANCED_FACE('',(#1683),#45,.T.);
#1860=ADVANCED_FACE('',(#1684),#46,.T.);
#1861=ADVANCED_FACE('',(#1685),#1777,.F.);
#1862=ADVANCED_FACE('',(#1686),#1778,.F.);
#1863=ADVANCED_FACE('',(#1687),#47,.F.);
#1864=ADVANCED_FACE('',(#1688),#1779,.F.);
#1865=ADVANCED_FACE('',(#1689),#48,.T.);
#1866=ADVANCED_FACE('',(#1690),#1780,.F.);
#1867=ADVANCED_FACE('',(#1691,#1692),#1781,.T.);
#1868=ADVANCED_FACE('',(#1693,#1694),#1782,.F.);
#1869=ADVANCED_FACE('',(#1695,#1696,#1697),#49,.T.);
#1870=ADVANCED_FACE('',(#1698,#1699),#50,.T.);
#1871=ADVANCED_FACE('',(#1700,#1701),#1783,.T.);
#1872=ADVANCED_FACE('',(#1702,#1703,#1704,#1705,#1706,#1707),#51,.T.);
#1873=ADVANCED_FACE('',(#1708,#1709),#52,.F.);
#1874=ADVANCED_FACE('',(#1710),#53,.F.);
#1875=ADVANCED_FACE('',(#1711),#1784,.T.);
#1876=ADVANCED_FACE('',(#1712),#54,.T.);
#1877=ADVANCED_FACE('',(#1713),#1785,.T.);
#1878=ADVANCED_FACE('',(#1714),#55,.F.);
#1879=ADVANCED_FACE('',(#1715),#56,.F.);
#1880=ADVANCED_FACE('',(#1716,#1717),#1786,.F.);
#1881=ADVANCED_FACE('',(#1718),#57,.T.);
#1882=ADVANCED_FACE('',(#1719),#58,.T.);
#1883=ADVANCED_FACE('',(#1720),#59,.T.);
#1884=ADVANCED_FACE('',(#1721),#60,.F.);
#1885=ADVANCED_FACE('',(#1722),#1787,.F.);
#1886=ADVANCED_FACE('',(#1723),#61,.F.);
#1887=ADVANCED_FACE('',(#1724),#62,.T.);
#1888=ADVANCED_FACE('',(#1725),#1788,.F.);
#1889=ADVANCED_FACE('',(#1726),#63,.T.);
#1890=ADVANCED_FACE('',(#1727,#1728),#1789,.F.);
#1891=ADVANCED_FACE('',(#1729,#1730),#64,.T.);
#1892=ADVANCED_FACE('',(#1731,#1732),#1790,.F.);
#1893=ADVANCED_FACE('',(#1733,#1734),#65,.T.);
#1894=ADVANCED_FACE('',(#1735,#1736),#1791,.F.);
#1895=ADVANCED_FACE('',(#1737,#1738),#66,.T.);
#1896=ADVANCED_FACE('',(#1739,#1740),#1792,.F.);
#1897=ADVANCED_FACE('',(#1741,#1742),#67,.T.);
#1898=CLOSED_SHELL('',(#1793,#1794,#1795,#1796,#1797,#1798,#1799,#1800,
#1801,#1802,#1803,#1804,#1805,#1806,#1807,#1808,#1809,#1810,#1811,#1812,
#1813,#1814,#1815,#1816,#1817,#1818,#1819,#1820,#1821,#1822,#1823,#1824,
#1825,#1826,#1827,#1828,#1829,#1830,#1831,#1832,#1833,#1834,#1835,#1836,
#1837,#1838,#1839,#1840,#1841,#1842,#1843,#1844,#1845,#1846,#1847,#1848,
#1849,#1850,#1851,#1852,#1853,#1854,#1855,#1856,#1857,#1858,#1859,#1860,
#1861,#1862,#1863,#1864,#1865,#1866,#1867,#1868,#1869,#1870,#1871,#1872,
#1873,#1874,#1875,#1876,#1877,#1878,#1879,#1880,#1881,#1882,#1883,#1884,
#1885,#1886,#1887,#1888,#1889,#1890,#1891,#1892,#1893,#1894,#1895,#1896,
#1897));
#1899=STYLED_ITEM('',(#1900),#1907);
#1900=PRESENTATION_STYLE_ASSIGNMENT((#1901));
#1901=SURFACE_STYLE_USAGE(.BOTH.,#1902);
#1902=SURFACE_SIDE_STYLE('',(#1903));
#1903=SURFACE_STYLE_FILL_AREA(#1904);
#1904=FILL_AREA_STYLE('',(#1905));
#1905=FILL_AREA_STYLE_COLOUR('',#1906);
#1906=COLOUR_RGB('',0.647058823529412,0.647058823529412,0.647058823529412);
#1907=MANIFOLD_SOLID_BREP('Nema17 stepper housing',#1898);
#1908=SHAPE_DEFINITION_REPRESENTATION(#3274,#1909);
#1909=SHAPE_REPRESENTATION('Nema17 stepper housing',(#1910),#3269);
#1910=AXIS2_PLACEMENT_3D('',#2691,#2120,#2121);
#1911=AXIS2_PLACEMENT_3D('',#2692,#2122,#2123);
#1912=AXIS2_PLACEMENT_3D('',#2693,#2124,#2125);
#1913=AXIS2_PLACEMENT_3D('',#2695,#2126,#2127);
#1914=AXIS2_PLACEMENT_3D('',#2697,#2128,#2129);
#1915=AXIS2_PLACEMENT_3D('',#2698,#2130,#2131);
#1916=AXIS2_PLACEMENT_3D('',#2700,#2132,#2133);
#1917=AXIS2_PLACEMENT_3D('',#2702,#2134,#2135);
#1918=AXIS2_PLACEMENT_3D('',#2703,#2136,#2137);
#1919=AXIS2_PLACEMENT_3D('',#2705,#2138,#2139);
#1920=AXIS2_PLACEMENT_3D('',#2707,#2140,#2141);
#1921=AXIS2_PLACEMENT_3D('',#2708,#2142,#2143);
#1922=AXIS2_PLACEMENT_3D('',#2710,#2144,#2145);
#1923=AXIS2_PLACEMENT_3D('',#2712,#2146,#2147);
#1924=AXIS2_PLACEMENT_3D('',#2713,#2148,#2149);
#1925=AXIS2_PLACEMENT_3D('',#2715,#2150,#2151);
#1926=AXIS2_PLACEMENT_3D('',#2717,#2152,#2153);
#1927=AXIS2_PLACEMENT_3D('',#2721,#2155,#2156);
#1928=AXIS2_PLACEMENT_3D('',#2725,#2158,#2159);
#1929=AXIS2_PLACEMENT_3D('',#2726,#2160,#2161);
#1930=AXIS2_PLACEMENT_3D('',#2727,#2162,#2163);
#1931=AXIS2_PLACEMENT_3D('',#2732,#2165,#2166);
#1932=AXIS2_PLACEMENT_3D('',#2735,#2168,#2169);
#1933=AXIS2_PLACEMENT_3D('',#2740,#2172,#2173);
#1934=AXIS2_PLACEMENT_3D('',#2744,#2175,#2176);
#1935=AXIS2_PLACEMENT_3D('',#2754,#2182,#2183);
#1936=AXIS2_PLACEMENT_3D('',#2755,#2184,#2185);
#1937=AXIS2_PLACEMENT_3D('',#2771,#2193,#2194);
#1938=AXIS2_PLACEMENT_3D('',#2775,#2196,#2197);
#1939=AXIS2_PLACEMENT_3D('',#2779,#2199,#2200);
#1940=AXIS2_PLACEMENT_3D('',#2783,#2202,#2203);
#1941=AXIS2_PLACEMENT_3D('',#2787,#2205,#2206);
#1942=AXIS2_PLACEMENT_3D('',#2791,#2208,#2209);
#1943=AXIS2_PLACEMENT_3D('',#2792,#2210,#2211);
#1944=AXIS2_PLACEMENT_3D('',#2796,#2213,#2214);
#1945=AXIS2_PLACEMENT_3D('',#2800,#2216,#2217);
#1946=AXIS2_PLACEMENT_3D('',#2801,#2218,#2219);
#1947=AXIS2_PLACEMENT_3D('',#2805,#2221,#2222);
#1948=AXIS2_PLACEMENT_3D('',#2809,#2224,#2225);
#1949=AXIS2_PLACEMENT_3D('',#2810,#2226,#2227);
#1950=AXIS2_PLACEMENT_3D('',#2822,#2235,#2236);
#1951=AXIS2_PLACEMENT_3D('',#2834,#2244,#2245);
#1952=AXIS2_PLACEMENT_3D('',#2848,#2246,#2247);
#1953=AXIS2_PLACEMENT_3D('',#2862,#2248,#2249);
#1954=AXIS2_PLACEMENT_3D('',#2863,#2250,#2251);
#1955=AXIS2_PLACEMENT_3D('',#2881,#2253,#2254);
#1956=AXIS2_PLACEMENT_3D('',#2886,#2257,#2258);
#1957=AXIS2_PLACEMENT_3D('',#2887,#2259,#2260);
#1958=AXIS2_PLACEMENT_3D('',#2888,#2261,#2262);
#1959=AXIS2_PLACEMENT_3D('',#2893,#2264,#2265);
#1960=AXIS2_PLACEMENT_3D('',#2896,#2267,#2268);
#1961=AXIS2_PLACEMENT_3D('',#2897,#2269,#2270);
#1962=AXIS2_PLACEMENT_3D('',#2899,#2271,#2272);
#1963=AXIS2_PLACEMENT_3D('',#2900,#2273,#2274);
#1964=AXIS2_PLACEMENT_3D('',#2901,#2275,#2276);
#1965=AXIS2_PLACEMENT_3D('',#2904,#2278,#2279);
#1966=AXIS2_PLACEMENT_3D('',#2905,#2280,#2281);
#1967=AXIS2_PLACEMENT_3D('',#2906,#2282,#2283);
#1968=AXIS2_PLACEMENT_3D('',#2908,#2284,#2285);
#1969=AXIS2_PLACEMENT_3D('',#2910,#2286,#2287);
#1970=AXIS2_PLACEMENT_3D('',#2911,#2288,#2289);
#1971=AXIS2_PLACEMENT_3D('',#2914,#2291,#2292);
#1972=AXIS2_PLACEMENT_3D('',#2917,#2294,#2295);
#1973=AXIS2_PLACEMENT_3D('',#2918,#2296,#2297);
#1974=AXIS2_PLACEMENT_3D('',#2920,#2298,#2299);
#1975=AXIS2_PLACEMENT_3D('',#2921,#2300,#2301);
#1976=AXIS2_PLACEMENT_3D('',#2922,#2302,#2303);
#1977=AXIS2_PLACEMENT_3D('',#2925,#2305,#2306);
#1978=AXIS2_PLACEMENT_3D('',#2926,#2307,#2308);
#1979=AXIS2_PLACEMENT_3D('',#2927,#2309,#2310);
#1980=AXIS2_PLACEMENT_3D('',#2928,#2311,#2312);
#1981=AXIS2_PLACEMENT_3D('',#2929,#2313,#2314);
#1982=AXIS2_PLACEMENT_3D('',#2940,#2320,#2321);
#1983=AXIS2_PLACEMENT_3D('',#2944,#2323,#2324);
#1984=AXIS2_PLACEMENT_3D('',#2948,#2326,#2327);
#1985=AXIS2_PLACEMENT_3D('',#2952,#2329,#2330);
#1986=AXIS2_PLACEMENT_3D('',#2959,#2334,#2335);
#1987=AXIS2_PLACEMENT_3D('',#2968,#2340,#2341);
#1988=AXIS2_PLACEMENT_3D('',#2973,#2343,#2344);
#1989=AXIS2_PLACEMENT_3D('',#2977,#2346,#2347);
#1990=AXIS2_PLACEMENT_3D('',#2981,#2349,#2350);
#1991=AXIS2_PLACEMENT_3D('',#2984,#2352,#2353);
#1992=AXIS2_PLACEMENT_3D('',#2993,#2358,#2359);
#1993=AXIS2_PLACEMENT_3D('',#2997,#2361,#2362);
#1994=AXIS2_PLACEMENT_3D('',#3001,#2364,#2365);
#1995=AXIS2_PLACEMENT_3D('',#3005,#2367,#2368);
#1996=AXIS2_PLACEMENT_3D('',#3006,#2369,#2370);
#1997=AXIS2_PLACEMENT_3D('',#3010,#2372,#2373);
#1998=AXIS2_PLACEMENT_3D('',#3011,#2374,#2375);
#1999=AXIS2_PLACEMENT_3D('',#3012,#2376,#2377);
#2000=AXIS2_PLACEMENT_3D('',#3013,#2378,#2379);
#2001=AXIS2_PLACEMENT_3D('',#3017,#2381,#2382);
#2002=AXIS2_PLACEMENT_3D('',#3018,#2383,#2384);
#2003=AXIS2_PLACEMENT_3D('',#3021,#2386,#2387);
#2004=AXIS2_PLACEMENT_3D('',#3024,#2389,#2390);
#2005=AXIS2_PLACEMENT_3D('',#3027,#2392,#2393);
#2006=AXIS2_PLACEMENT_3D('',#3030,#2395,#2396);
#2007=AXIS2_PLACEMENT_3D('',#3031,#2397,#2398);
#2008=AXIS2_PLACEMENT_3D('',#3032,#2399,#2400);
#2009=AXIS2_PLACEMENT_3D('',#3034,#2402,#2403);
#2010=AXIS2_PLACEMENT_3D('',#3036,#2405,#2406);
#2011=AXIS2_PLACEMENT_3D('',#3037,#2407,#2408);
#2012=AXIS2_PLACEMENT_3D('',#3038,#2409,#2410);
#2013=AXIS2_PLACEMENT_3D('',#3050,#2417,#2418);
#2014=AXIS2_PLACEMENT_3D('',#3054,#2420,#2421);
#2015=AXIS2_PLACEMENT_3D('',#3055,#2422,#2423);
#2016=AXIS2_PLACEMENT_3D('',#3058,#2425,#2426);
#2017=AXIS2_PLACEMENT_3D('',#3062,#2428,#2429);
#2018=AXIS2_PLACEMENT_3D('',#3066,#2431,#2432);
#2019=AXIS2_PLACEMENT_3D('',#3070,#2434,#2435);
#2020=AXIS2_PLACEMENT_3D('',#3073,#2437,#2438);
#2021=AXIS2_PLACEMENT_3D('',#3076,#2440,#2441);
#2022=AXIS2_PLACEMENT_3D('',#3080,#2443,#2444);
#2023=AXIS2_PLACEMENT_3D('',#3086,#2449,#2450);
#2024=AXIS2_PLACEMENT_3D('',#3088,#2451,#2452);
#2025=AXIS2_PLACEMENT_3D('',#3089,#2453,#2454);
#2026=AXIS2_PLACEMENT_3D('',#3095,#2459,#2460);
#2027=AXIS2_PLACEMENT_3D('',#3096,#2461,#2462);
#2028=AXIS2_PLACEMENT_3D('',#3098,#2463,#2464);
#2029=AXIS2_PLACEMENT_3D('',#3099,#2465,#2466);
#2030=AXIS2_PLACEMENT_3D('',#3101,#2467,#2468);
#2031=AXIS2_PLACEMENT_3D('',#3102,#2469,#2470);
#2032=AXIS2_PLACEMENT_3D('',#3104,#2471,#2472);
#2033=AXIS2_PLACEMENT_3D('',#3105,#2473,#2474);
#2034=AXIS2_PLACEMENT_3D('',#3106,#2475,#2476);
#2035=AXIS2_PLACEMENT_3D('',#3107,#2477,#2478);
#2036=AXIS2_PLACEMENT_3D('',#3108,#2479,#2480);
#2037=AXIS2_PLACEMENT_3D('',#3112,#2483,#2484);
#2038=AXIS2_PLACEMENT_3D('',#3116,#2487,#2488);
#2039=AXIS2_PLACEMENT_3D('',#3117,#2489,#2490);
#2040=AXIS2_PLACEMENT_3D('',#3120,#2492,#2493);
#2041=AXIS2_PLACEMENT_3D('',#3124,#2496,#2497);
#2042=AXIS2_PLACEMENT_3D('',#3125,#2498,#2499);
#2043=AXIS2_PLACEMENT_3D('',#3126,#2500,#2501);
#2044=AXIS2_PLACEMENT_3D('',#3127,#2502,#2503);
#2045=AXIS2_PLACEMENT_3D('',#3129,#2504,#2505);
#2046=AXIS2_PLACEMENT_3D('',#3132,#2508,#2509);
#2047=AXIS2_PLACEMENT_3D('',#3136,#2512,#2513);
#2048=AXIS2_PLACEMENT_3D('',#3137,#2514,#2515);
#2049=AXIS2_PLACEMENT_3D('',#3140,#2517,#2518);
#2050=AXIS2_PLACEMENT_3D('',#3144,#2521,#2522);
#2051=AXIS2_PLACEMENT_3D('',#3145,#2523,#2524);
#2052=AXIS2_PLACEMENT_3D('',#3148,#2526,#2527);
#2053=AXIS2_PLACEMENT_3D('',#3149,#2528,#2529);
#2054=AXIS2_PLACEMENT_3D('',#3151,#2530,#2531);
#2055=AXIS2_PLACEMENT_3D('',#3153,#2533,#2534);
#2056=AXIS2_PLACEMENT_3D('',#3156,#2537,#2538);
#2057=AXIS2_PLACEMENT_3D('',#3158,#2540,#2541);
#2058=AXIS2_PLACEMENT_3D('',#3161,#2544,#2545);
#2059=AXIS2_PLACEMENT_3D('',#3163,#2547,#2548);
#2060=AXIS2_PLACEMENT_3D('',#3165,#2550,#2551);
#2061=AXIS2_PLACEMENT_3D('',#3167,#2553,#2554);
#2062=AXIS2_PLACEMENT_3D('',#3168,#2555,#2556);
#2063=AXIS2_PLACEMENT_3D('',#3169,#2557,#2558);
#2064=AXIS2_PLACEMENT_3D('',#3172,#2561,#2562);
#2065=AXIS2_PLACEMENT_3D('',#3173,#2563,#2564);
#2066=AXIS2_PLACEMENT_3D('',#3175,#2566,#2567);
#2067=AXIS2_PLACEMENT_3D('',#3177,#2569,#2570);
#2068=AXIS2_PLACEMENT_3D('',#3179,#2572,#2573);
#2069=AXIS2_PLACEMENT_3D('',#3181,#2575,#2576);
#2070=AXIS2_PLACEMENT_3D('',#3182,#2577,#2578);
#2071=AXIS2_PLACEMENT_3D('',#3183,#2579,#2580);
#2072=AXIS2_PLACEMENT_3D('',#3184,#2581,#2582);
#2073=AXIS2_PLACEMENT_3D('',#3185,#2583,#2584);
#2074=AXIS2_PLACEMENT_3D('',#3187,#2585,#2586);
#2075=AXIS2_PLACEMENT_3D('',#3189,#2587,#2588);
#2076=AXIS2_PLACEMENT_3D('',#3192,#2590,#2591);
#2077=AXIS2_PLACEMENT_3D('',#3196,#2593,#2594);
#2078=AXIS2_PLACEMENT_3D('',#3199,#2596,#2597);
#2079=AXIS2_PLACEMENT_3D('',#3201,#2598,#2599);
#2080=AXIS2_PLACEMENT_3D('',#3202,#2600,#2601);
#2081=AXIS2_PLACEMENT_3D('',#3204,#2602,#2603);
#2082=AXIS2_PLACEMENT_3D('',#3205,#2604,#2605);
#2083=AXIS2_PLACEMENT_3D('',#3207,#2606,#2607);
#2084=AXIS2_PLACEMENT_3D('',#3208,#2608,#2609);
#2085=AXIS2_PLACEMENT_3D('',#3210,#2610,#2611);
#2086=AXIS2_PLACEMENT_3D('',#3212,#2612,#2613);
#2087=AXIS2_PLACEMENT_3D('',#3214,#2614,#2615);
#2088=AXIS2_PLACEMENT_3D('',#3216,#2616,#2617);
#2089=AXIS2_PLACEMENT_3D('',#3217,#2618,#2619);
#2090=AXIS2_PLACEMENT_3D('',#3221,#2622,#2623);
#2091=AXIS2_PLACEMENT_3D('',#3222,#2624,#2625);
#2092=AXIS2_PLACEMENT_3D('',#3225,#2627,#2628);
#2093=AXIS2_PLACEMENT_3D('',#3229,#2631,#2632);
#2094=AXIS2_PLACEMENT_3D('',#3230,#2633,#2634);
#2095=AXIS2_PLACEMENT_3D('',#3233,#2636,#2637);
#2096=AXIS2_PLACEMENT_3D('',#3235,#2639,#2640);
#2097=AXIS2_PLACEMENT_3D('',#3236,#2641,#2642);
#2098=AXIS2_PLACEMENT_3D('',#3237,#2643,#2644);
#2099=AXIS2_PLACEMENT_3D('',#3239,#2645,#2646);
#2100=AXIS2_PLACEMENT_3D('',#3240,#2647,#2648);
#2101=AXIS2_PLACEMENT_3D('',#3241,#2649,#2650);
#2102=AXIS2_PLACEMENT_3D('',#3242,#2651,#2652);
#2103=AXIS2_PLACEMENT_3D('',#3243,#2653,#2654);
#2104=AXIS2_PLACEMENT_3D('',#3246,#2657,#2658);
#2105=AXIS2_PLACEMENT_3D('',#3247,#2659,#2660);
#2106=AXIS2_PLACEMENT_3D('',#3249,#2662,#2663);
#2107=AXIS2_PLACEMENT_3D('',#3251,#2665,#2666);
#2108=AXIS2_PLACEMENT_3D('',#3252,#2667,#2668);
#2109=AXIS2_PLACEMENT_3D('',#3253,#2669,#2670);
#2110=AXIS2_PLACEMENT_3D('',#3255,#2671,#2672);
#2111=AXIS2_PLACEMENT_3D('',#3256,#2673,#2674);
#2112=AXIS2_PLACEMENT_3D('',#3257,#2675,#2676);
#2113=AXIS2_PLACEMENT_3D('',#3259,#2677,#2678);
#2114=AXIS2_PLACEMENT_3D('',#3260,#2679,#2680);
#2115=AXIS2_PLACEMENT_3D('',#3261,#2681,#2682);
#2116=AXIS2_PLACEMENT_3D('',#3263,#2683,#2684);
#2117=AXIS2_PLACEMENT_3D('',#3264,#2685,#2686);
#2118=AXIS2_PLACEMENT_3D('',#3265,#2687,#2688);
#2119=AXIS2_PLACEMENT_3D('',#3267,#2689,#2690);
#2120=DIRECTION('',(0.,0.,1.));
#2121=DIRECTION('',(1.,0.,0.));
#2122=DIRECTION('',(0.,0.,1.));
#2123=DIRECTION('',(1.,0.,0.));
#2124=DIRECTION('',(0.,0.,1.));
#2125=DIRECTION('',(1.,0.,0.));
#2126=DIRECTION('',(0.,0.,1.));
#2127=DIRECTION('',(1.,0.,0.));
#2128=DIRECTION('',(0.,0.,1.));
#2129=DIRECTION('',(1.,0.,0.));
#2130=DIRECTION('',(0.,0.,1.));
#2131=DIRECTION('',(1.,0.,0.));
#2132=DIRECTION('',(0.,0.,1.));
#2133=DIRECTION('',(1.,0.,0.));
#2134=DIRECTION('',(0.,0.,1.));
#2135=DIRECTION('',(1.,0.,0.));
#2136=DIRECTION('',(0.,0.,1.));
#2137=DIRECTION('',(1.,0.,0.));
#2138=DIRECTION('',(0.,0.,1.));
#2139=DIRECTION('',(1.,0.,0.));
#2140=DIRECTION('',(0.,0.,1.));
#2141=DIRECTION('',(1.,0.,0.));
#2142=DIRECTION('',(0.,0.,1.));
#2143=DIRECTION('',(1.,0.,0.));
#2144=DIRECTION('',(0.,0.,1.));
#2145=DIRECTION('',(1.,0.,0.));
#2146=DIRECTION('',(0.,0.,1.));
#2147=DIRECTION('',(1.,0.,0.));
#2148=DIRECTION('',(0.,0.,1.));
#2149=DIRECTION('',(1.,0.,0.));
#2150=DIRECTION('',(0.,0.,1.));
#2151=DIRECTION('',(1.,0.,0.));
#2152=DIRECTION('',(0.,-1.,0.));
#2153=DIRECTION('',(0.,0.,-1.));
#2154=DIRECTION('',(0.,-1.,0.));
#2155=DIRECTION('',(0.,1.,0.));
#2156=DIRECTION('',(0.,0.,1.));
#2157=DIRECTION('',(0.,-1.,0.));
#2158=DIRECTION('',(0.,1.,0.));
#2159=DIRECTION('',(0.,0.,1.));
#2160=DIRECTION('',(0.,-1.,1.73472347597681E-15));
#2161=DIRECTION('',(0.,-1.73472347597681E-15,-1.));
#2162=DIRECTION('',(0.,1.,0.));
#2163=DIRECTION('',(0.,0.,1.));
#2164=DIRECTION('',(0.,1.,0.));
#2165=DIRECTION('',(0.,1.,0.));
#2166=DIRECTION('',(0.,0.,1.));
#2167=DIRECTION('',(0.,1.,-1.73472347597681E-15));
#2168=DIRECTION('',(0.,1.,0.));
#2169=DIRECTION('',(0.,0.,1.));
#2170=DIRECTION('',(1.,0.,0.));
#2171=DIRECTION('',(0.,0.,-1.));
#2172=DIRECTION('',(0.,-1.,0.));
#2173=DIRECTION('',(0.,0.,-1.));
#2174=DIRECTION('',(1.,0.,0.));
#2175=DIRECTION('',(0.,-1.,0.));
#2176=DIRECTION('',(0.,0.,-1.));
#2177=DIRECTION('',(0.,0.,-1.));
#2178=DIRECTION('',(1.,0.,0.));
#2179=DIRECTION('',(0.,0.,1.));
#2180=DIRECTION('',(-1.,0.,-1.6453960407009E-16));
#2181=DIRECTION('',(0.,0.,-1.));
#2182=DIRECTION('',(0.,0.,1.));
#2183=DIRECTION('',(1.,0.,0.));
#2184=DIRECTION('',(0.,0.,-1.));
#2185=DIRECTION('',(-1.,0.,0.));
#2186=DIRECTION('',(1.,0.,0.));
#2187=DIRECTION('',(0.707106781186548,0.707106781186548,0.));
#2188=DIRECTION('',(0.,-1.,0.));
#2189=DIRECTION('',(0.707106781186548,-0.707106781186548,0.));
#2190=DIRECTION('',(1.,0.,0.));
#2191=DIRECTION('',(0.,1.,0.));
#2192=DIRECTION('',(1.,0.,0.));
#2193=DIRECTION('',(0.,0.,1.));
#2194=DIRECTION('',(1.,0.,0.));
#2195=DIRECTION('',(0.,-1.,0.));
#2196=DIRECTION('',(0.,0.,1.));
#2197=DIRECTION('',(1.,0.,0.));
#2198=DIRECTION('',(1.,0.,0.));
#2199=DIRECTION('',(0.,0.,-1.));
#2200=DIRECTION('',(-1.,0.,0.));
#2201=DIRECTION('',(0.,1.,0.));
#2202=DIRECTION('',(0.,0.,-1.));
#2203=DIRECTION('',(-1.,0.,0.));
#2204=DIRECTION('',(1.,0.,0.));
#2205=DIRECTION('',(0.,0.,1.));
#2206=DIRECTION('',(1.,0.,0.));
#2207=DIRECTION('',(0.,-1.,0.));
#2208=DIRECTION('',(0.,0.,1.));
#2209=DIRECTION('',(1.,0.,0.));
#2210=DIRECTION('',(-2.77555756156289E-14,1.,-3.46944695195361E-15));
#2211=DIRECTION('',(-1.,-2.77555756156289E-14,0.));
#2212=DIRECTION('',(0.,-1.,3.46944695195361E-15));
#2213=DIRECTION('',(0.,1.,0.));
#2214=DIRECTION('',(0.,0.,1.));
#2215=DIRECTION('',(2.77555756156289E-14,-1.,0.));
#2216=DIRECTION('',(0.,1.,0.));
#2217=DIRECTION('',(0.,0.,1.));
#2218=DIRECTION('',(0.,1.,0.));
#2219=DIRECTION('',(0.,0.,1.));
#2220=DIRECTION('',(0.,1.,0.));
#2221=DIRECTION('',(0.,1.,0.));
#2222=DIRECTION('',(0.,0.,1.));
#2223=DIRECTION('',(0.,1.,0.));
#2224=DIRECTION('',(0.,1.,0.));
#2225=DIRECTION('',(0.,0.,1.));
#2226=DIRECTION('',(0.,1.,0.));
#2227=DIRECTION('',(0.,0.,1.));
#2228=DIRECTION('',(0.,0.,1.));
#2229=DIRECTION('',(0.,0.,1.));
#2230=DIRECTION('',(1.,0.,0.));
#2231=DIRECTION('',(0.,0.,-1.));
#2232=DIRECTION('',(1.,0.,0.));
#2233=DIRECTION('',(0.,0.,1.));
#2234=DIRECTION('',(-1.,0.,0.));
#2235=DIRECTION('',(0.,1.,0.));
#2236=DIRECTION('',(0.,0.,1.));
#2237=DIRECTION('',(-1.,0.,0.));
#2238=DIRECTION('',(0.,0.,1.));
#2239=DIRECTION('',(1.,0.,0.));
#2240=DIRECTION('',(0.,0.,1.));
#2241=DIRECTION('',(-1.,0.,0.));
#2242=DIRECTION('',(0.,0.,-1.));
#2243=DIRECTION('',(0.,0.,1.));
#2244=DIRECTION('',(0.,0.,-1.));
#2245=DIRECTION('',(-1.,0.,0.));
#2246=DIRECTION('',(0.,0.,-1.));
#2247=DIRECTION('',(-1.,0.,0.));
#2248=DIRECTION('',(0.,0.,1.));
#2249=DIRECTION('',(1.,0.,0.));
#2250=DIRECTION('',(1.16548027219679E-14,-1.28236661680631E-14,-1.));
#2251=DIRECTION('',(0.,1.,-1.28236661680631E-14));
#2252=DIRECTION('',(3.88493424065645E-15,-4.27455538935463E-15,-1.));
#2253=DIRECTION('',(0.,0.,1.));
#2254=DIRECTION('',(1.,0.,0.));
#2255=DIRECTION('',(0.,0.,-1.));
#2256=DIRECTION('',(0.,0.,-1.));
#2257=DIRECTION('',(0.,0.,1.));
#2258=DIRECTION('',(1.,0.,0.));
#2259=DIRECTION('',(0.,-1.,3.29079208140181E-16));
#2260=DIRECTION('',(0.,-3.29079208140181E-16,-1.));
#2261=DIRECTION('',(0.,-1.,3.29079208140181E-16));
#2262=DIRECTION('',(0.,-3.29079208140181E-16,-1.));
#2263=DIRECTION('',(0.,1.,0.));
#2264=DIRECTION('',(1.22464679914735E-16,1.,0.));
#2265=DIRECTION('',(-1.,1.22464679914735E-16,0.));
#2266=DIRECTION('',(0.,1.,-3.29079208140181E-16));
#2267=DIRECTION('',(0.,0.,1.));
#2268=DIRECTION('',(1.,0.,0.));
#2269=DIRECTION('',(0.,0.,1.));
#2270=DIRECTION('',(1.,0.,0.));
#2271=DIRECTION('',(-1.,0.,0.));
#2272=DIRECTION('',(0.,0.,1.));
#2273=DIRECTION('',(0.,0.,1.));
#2274=DIRECTION('',(1.,0.,0.));
#2275=DIRECTION('',(-1.,0.,0.));
#2276=DIRECTION('',(0.,0.,1.));
#2277=DIRECTION('',(-1.,0.,0.));
#2278=DIRECTION('',(1.,-6.12323399573677E-17,0.));
#2279=DIRECTION('',(6.12323399573677E-17,1.,0.));
#2280=DIRECTION('',(0.,0.,1.));
#2281=DIRECTION('',(1.,0.,0.));
#2282=DIRECTION('',(0.,0.,1.));
#2283=DIRECTION('',(1.,0.,0.));
#2284=DIRECTION('',(0.,1.,0.));
#2285=DIRECTION('',(0.,0.,1.));
#2286=DIRECTION('',(0.,0.,1.));
#2287=DIRECTION('',(1.,0.,0.));
#2288=DIRECTION('',(0.,1.,0.));
#2289=DIRECTION('',(0.,0.,1.));
#2290=DIRECTION('',(0.,1.,0.));
#2291=DIRECTION('',(0.,-1.,0.));
#2292=DIRECTION('',(0.,0.,-1.));
#2293=DIRECTION('',(0.,1.,0.));
#2294=DIRECTION('',(0.,0.,1.));
#2295=DIRECTION('',(1.,0.,0.));
#2296=DIRECTION('',(0.,0.,1.));
#2297=DIRECTION('',(1.,0.,0.));
#2298=DIRECTION('',(1.,0.,1.6453960407009E-16));
#2299=DIRECTION('',(1.6453960407009E-16,0.,-1.));
#2300=DIRECTION('',(0.,0.,1.));
#2301=DIRECTION('',(1.,0.,0.));
#2302=DIRECTION('',(1.,0.,1.6453960407009E-16));
#2303=DIRECTION('',(1.6453960407009E-16,0.,-1.));
#2304=DIRECTION('',(-1.,0.,0.));
#2305=DIRECTION('',(-1.,1.83697019872103E-16,0.));
#2306=DIRECTION('',(-1.83697019872103E-16,-1.,0.));
#2307=DIRECTION('',(0.,0.,1.));
#2308=DIRECTION('',(1.,0.,0.));
#2309=DIRECTION('',(0.,0.,1.));
#2310=DIRECTION('',(1.,0.,0.));
#2311=DIRECTION('',(0.,0.,1.));
#2312=DIRECTION('',(1.,0.,0.));
#2313=DIRECTION('',(1.,0.,0.));
#2314=DIRECTION('',(0.,0.,-1.));
#2315=DIRECTION('',(0.,0.,-1.));
#2316=DIRECTION('',(0.,0.,1.));
#2317=DIRECTION('',(0.,-1.,0.));
#2318=DIRECTION('',(0.,0.,1.));
#2319=DIRECTION('',(0.,-1.,0.));
#2320=DIRECTION('',(-1.,0.,0.));
#2321=DIRECTION('',(0.,0.,1.));
#2322=DIRECTION('',(0.,0.,1.));
#2323=DIRECTION('',(-1.,0.,0.));
#2324=DIRECTION('',(0.,0.,1.));
#2325=DIRECTION('',(0.,-1.,0.));
#2326=DIRECTION('',(-1.,0.,0.));
#2327=DIRECTION('',(0.,0.,1.));
#2328=DIRECTION('',(0.,0.,1.));
#2329=DIRECTION('',(-1.,0.,0.));
#2330=DIRECTION('',(0.,0.,1.));
#2331=DIRECTION('',(0.,-1.,0.));
#2332=DIRECTION('',(0.,0.,-1.));
#2333=DIRECTION('',(0.,-1.,0.));
#2334=DIRECTION('',(1.,0.,0.));
#2335=DIRECTION('',(0.,0.,-1.));
#2336=DIRECTION('',(0.,-1.,0.));
#2337=DIRECTION('',(0.,0.,-1.));
#2338=DIRECTION('',(0.,-1.,0.));
#2339=DIRECTION('',(0.,0.,1.));
#2340=DIRECTION('',(1.,0.,0.));
#2341=DIRECTION('',(0.,0.,-1.));
#2342=DIRECTION('',(0.,0.,-1.));
#2343=DIRECTION('',(1.,0.,0.));
#2344=DIRECTION('',(0.,0.,-1.));
#2345=DIRECTION('',(0.,1.,0.));
#2346=DIRECTION('',(1.,0.,0.));
#2347=DIRECTION('',(0.,0.,-1.));
#2348=DIRECTION('',(0.,0.,-1.));
#2349=DIRECTION('',(1.,0.,0.));
#2350=DIRECTION('',(0.,0.,-1.));
#2351=DIRECTION('',(0.,1.,0.));
#2352=DIRECTION('',(1.,0.,0.));
#2353=DIRECTION('',(0.,0.,-1.));
#2354=DIRECTION('',(0.,0.,1.));
#2355=DIRECTION('',(0.,-1.,0.));
#2356=DIRECTION('',(0.,0.,-1.));
#2357=DIRECTION('',(0.,0.,-1.));
#2358=DIRECTION('',(1.,0.,0.));
#2359=DIRECTION('',(0.,0.,-1.));
#2360=DIRECTION('',(0.,1.,0.));
#2361=DIRECTION('',(1.,0.,0.));
#2362=DIRECTION('',(0.,0.,-1.));
#2363=DIRECTION('',(0.,0.,-1.));
#2364=DIRECTION('',(1.,0.,0.));
#2365=DIRECTION('',(0.,0.,-1.));
#2366=DIRECTION('',(0.,1.,0.));
#2367=DIRECTION('',(1.,0.,0.));
#2368=DIRECTION('',(0.,0.,-1.));
#2369=DIRECTION('',(0.,0.,-1.));
#2370=DIRECTION('',(-1.,0.,0.));
#2371=DIRECTION('',(0.,0.,1.));
#2372=DIRECTION('',(0.,0.,-1.));
#2373=DIRECTION('',(-1.,0.,0.));
#2374=DIRECTION('',(0.,0.,1.));
#2375=DIRECTION('',(1.,0.,0.));
#2376=DIRECTION('',(0.,0.,-1.));
#2377=DIRECTION('',(-1.,0.,0.));
#2378=DIRECTION('',(0.,0.,-1.));
#2379=DIRECTION('',(-1.,0.,0.));
#2380=DIRECTION('',(0.,0.,-1.));
#2381=DIRECTION('',(0.,0.,1.));
#2382=DIRECTION('',(1.,0.,0.));
#2383=DIRECTION('',(0.,0.,-1.));
#2384=DIRECTION('',(-1.,0.,0.));
#2385=DIRECTION('',(0.,0.,-1.));
#2386=DIRECTION('',(0.,0.,-1.));
#2387=DIRECTION('',(-1.,0.,0.));
#2388=DIRECTION('',(0.,0.,-1.));
#2389=DIRECTION('',(0.,0.,-1.));
#2390=DIRECTION('',(-1.,0.,0.));
#2391=DIRECTION('',(0.,0.,1.));
#2392=DIRECTION('',(0.,0.,-1.));
#2393=DIRECTION('',(-1.,0.,0.));
#2394=DIRECTION('',(0.,0.,1.));
#2395=DIRECTION('',(0.,0.,-1.));
#2396=DIRECTION('',(-1.,0.,0.));
#2397=DIRECTION('',(0.,0.,1.));
#2398=DIRECTION('',(1.,0.,0.));
#2399=DIRECTION('',(0.,0.,-1.));
#2400=DIRECTION('',(-1.,0.,0.));
#2401=DIRECTION('',(0.,0.,-1.));
#2402=DIRECTION('',(0.,0.,-1.));
#2403=DIRECTION('',(-1.,0.,0.));
#2404=DIRECTION('',(0.,0.,1.));
#2405=DIRECTION('',(0.,0.,-1.));
#2406=DIRECTION('',(-1.,0.,0.));
#2407=DIRECTION('',(0.,0.,1.));
#2408=DIRECTION('',(1.,0.,0.));
#2409=DIRECTION('',(0.,1.,0.));
#2410=DIRECTION('',(0.,0.,1.));
#2411=DIRECTION('',(0.,0.,1.));
#2412=DIRECTION('',(1.,0.,0.));
#2413=DIRECTION('',(0.,0.,1.));
#2414=DIRECTION('',(1.,0.,0.));
#2415=DIRECTION('',(0.,0.,-1.));
#2416=DIRECTION('',(0.,0.,1.));
#2417=DIRECTION('',(0.,1.,0.));
#2418=DIRECTION('',(0.,0.,1.));
#2419=DIRECTION('',(-1.,0.,0.));
#2420=DIRECTION('',(0.,1.,0.));
#2421=DIRECTION('',(0.,0.,1.));
#2422=DIRECTION('',(1.,0.,0.));
#2423=DIRECTION('',(0.,0.,-1.));
#2424=DIRECTION('',(0.,-1.,0.));
#2425=DIRECTION('',(1.,0.,0.));
#2426=DIRECTION('',(0.,0.,-1.));
#2427=DIRECTION('',(0.,0.,-1.));
#2428=DIRECTION('',(1.,0.,0.));
#2429=DIRECTION('',(0.,0.,-1.));
#2430=DIRECTION('',(0.,1.,0.));
#2431=DIRECTION('',(1.,0.,0.));
#2432=DIRECTION('',(0.,0.,-1.));
#2433=DIRECTION('',(0.,0.,-1.));
#2434=DIRECTION('',(1.,0.,0.));
#2435=DIRECTION('',(0.,0.,-1.));
#2436=DIRECTION('',(0.,-1.,0.));
#2437=DIRECTION('',(0.,0.,1.));
#2438=DIRECTION('',(1.,0.,0.));
#2439=DIRECTION('',(-1.,0.,0.));
#2440=DIRECTION('',(0.,0.,-1.));
#2441=DIRECTION('',(-1.,0.,0.));
#2442=DIRECTION('',(0.,1.,0.));
#2443=DIRECTION('',(0.,0.,-1.));
#2444=DIRECTION('',(-1.,0.,0.));
#2445=DIRECTION('',(-1.,0.,0.));
#2446=DIRECTION('',(0.,1.,0.));
#2447=DIRECTION('',(-0.707106781186548,-0.707106781186548,0.));
#2448=DIRECTION('',(-0.707106781186548,0.707106781186548,0.));
#2449=DIRECTION('',(0.,0.,-1.));
#2450=DIRECTION('',(-1.,0.,0.));
#2451=DIRECTION('',(0.,0.,1.));
#2452=DIRECTION('',(1.,0.,0.));
#2453=DIRECTION('',(0.,0.,-1.));
#2454=DIRECTION('',(-1.,0.,0.));
#2455=DIRECTION('',(-0.707106781186548,-0.707106781186548,0.));
#2456=DIRECTION('',(0.707106781186548,-0.707106781186548,0.));
#2457=DIRECTION('',(0.707106781186548,0.707106781186548,0.));
#2458=DIRECTION('',(-0.707106781186548,0.707106781186548,0.));
#2459=DIRECTION('',(0.,0.,-1.));
#2460=DIRECTION('',(-1.,0.,0.));
#2461=DIRECTION('',(0.,0.,-1.));
#2462=DIRECTION('',(-1.,0.,0.));
#2463=DIRECTION('',(0.,0.,-1.));
#2464=DIRECTION('',(1.,0.,0.));
#2465=DIRECTION('',(0.,0.,-1.));
#2466=DIRECTION('',(-1.,0.,0.));
#2467=DIRECTION('',(0.,0.,-1.));
#2468=DIRECTION('',(-1.,0.,0.));
#2469=DIRECTION('',(0.,0.,1.));
#2470=DIRECTION('',(1.,0.,0.));
#2471=DIRECTION('',(0.707106781186548,-0.707106781186548,0.));
#2472=DIRECTION('',(0.,0.,-1.));
#2473=DIRECTION('',(0.707106781186548,0.707106781186548,0.));
#2474=DIRECTION('',(0.,0.,1.));
#2475=DIRECTION('',(-0.707106781186548,-0.707106781186548,0.));
#2476=DIRECTION('',(0.,0.,1.));
#2477=DIRECTION('',(-0.707106781186548,0.707106781186548,0.));
#2478=DIRECTION('',(0.,0.,-1.));
#2479=DIRECTION('',(0.,1.,0.));
#2480=DIRECTION('',(0.,0.,1.));
#2481=DIRECTION('',(1.,0.,0.));
#2482=DIRECTION('',(0.,0.,-1.));
#2483=DIRECTION('',(0.,1.,0.));
#2484=DIRECTION('',(0.,0.,1.));
#2485=DIRECTION('',(1.,0.,0.));
#2486=DIRECTION('',(0.,0.,-1.));
#2487=DIRECTION('',(0.,0.,-1.));
#2488=DIRECTION('',(-1.,0.,0.));
#2489=DIRECTION('',(0.,0.,-1.));
#2490=DIRECTION('',(-1.,0.,0.));
#2491=DIRECTION('',(0.,0.,-1.));
#2492=DIRECTION('',(-1.,0.,0.));
#2493=DIRECTION('',(0.,0.,1.));
#2494=DIRECTION('',(0.,1.,0.));
#2495=DIRECTION('',(0.,0.,-1.));
#2496=DIRECTION('',(0.,0.,-1.));
#2497=DIRECTION('',(-1.,0.,0.));
#2498=DIRECTION('',(0.,0.,-1.));
#2499=DIRECTION('',(-1.,0.,0.));
#2500=DIRECTION('',(0.,0.,-1.));
#2501=DIRECTION('',(-1.,0.,0.));
#2502=DIRECTION('',(0.,0.,-1.));
#2503=DIRECTION('',(-1.,0.,0.));
#2504=DIRECTION('',(0.,0.,-1.));
#2505=DIRECTION('',(1.,0.,0.));
#2506=DIRECTION('',(-1.,0.,0.));
#2507=DIRECTION('',(-1.,0.,0.));
#2508=DIRECTION('',(0.,-1.,0.));
#2509=DIRECTION('',(0.,0.,-1.));
#2510=DIRECTION('',(-1.,0.,0.));
#2511=DIRECTION('',(0.,0.,-1.));
#2512=DIRECTION('',(0.,0.,-1.));
#2513=DIRECTION('',(-1.,0.,0.));
#2514=DIRECTION('',(0.,0.,-1.));
#2515=DIRECTION('',(-1.,0.,0.));
#2516=DIRECTION('',(0.,0.,-1.));
#2517=DIRECTION('',(-1.,0.,0.));
#2518=DIRECTION('',(0.,0.,1.));
#2519=DIRECTION('',(0.,1.,0.));
#2520=DIRECTION('',(0.,0.,-1.));
#2521=DIRECTION('',(0.,0.,-1.));
#2522=DIRECTION('',(-1.,0.,0.));
#2523=DIRECTION('',(0.,0.,-1.));
#2524=DIRECTION('',(-1.,0.,0.));
#2525=DIRECTION('',(0.,0.,-1.));
#2526=DIRECTION('',(0.,0.,-1.));
#2527=DIRECTION('',(-1.,0.,0.));
#2528=DIRECTION('',(0.,0.,-1.));
#2529=DIRECTION('',(-1.,0.,0.));
#2530=DIRECTION('',(0.,-1.,0.));
#2531=DIRECTION('',(0.,0.,-1.));
#2532=DIRECTION('',(-1.,0.,0.));
#2533=DIRECTION('',(0.,0.,-1.));
#2534=DIRECTION('',(1.,0.,0.));
#2535=DIRECTION('',(-1.,0.,0.));
#2536=DIRECTION('',(-1.,0.,0.));
#2537=DIRECTION('',(-1.,0.,0.));
#2538=DIRECTION('',(0.,0.,1.));
#2539=DIRECTION('',(-1.,0.,0.));
#2540=DIRECTION('',(-1.,0.,0.));
#2541=DIRECTION('',(0.,0.,1.));
#2542=DIRECTION('',(-1.,0.,0.));
#2543=DIRECTION('',(-1.,0.,0.));
#2544=DIRECTION('',(0.,0.,-1.));
#2545=DIRECTION('',(-1.,0.,0.));
#2546=DIRECTION('',(-1.,0.,0.));
#2547=DIRECTION('',(-1.,0.,0.));
#2548=DIRECTION('',(0.,0.,1.));
#2549=DIRECTION('',(-1.,0.,0.));
#2550=DIRECTION('',(0.,-1.,0.));
#2551=DIRECTION('',(0.,0.,-1.));
#2552=DIRECTION('',(-1.,0.,0.));
#2553=DIRECTION('',(-1.,0.,0.));
#2554=DIRECTION('',(0.,0.,1.));
#2555=DIRECTION('',(0.,-1.,0.));
#2556=DIRECTION('',(0.,0.,-1.));
#2557=DIRECTION('',(0.,-1.,0.));
#2558=DIRECTION('',(0.,0.,-1.));
#2559=DIRECTION('',(-1.,0.,0.));
#2560=DIRECTION('',(-1.,0.,0.));
#2561=DIRECTION('',(-1.,0.,0.));
#2562=DIRECTION('',(0.,0.,1.));
#2563=DIRECTION('',(-1.,0.,0.));
#2564=DIRECTION('',(0.,0.,1.));
#2565=DIRECTION('',(-1.,0.,0.));
#2566=DIRECTION('',(0.,-1.,0.));
#2567=DIRECTION('',(0.,0.,-1.));
#2568=DIRECTION('',(-1.,0.,0.));
#2569=DIRECTION('',(-1.,0.,0.));
#2570=DIRECTION('',(0.,0.,1.));
#2571=DIRECTION('',(-1.,0.,0.));
#2572=DIRECTION('',(0.,0.,-1.));
#2573=DIRECTION('',(-1.,0.,0.));
#2574=DIRECTION('',(-1.,0.,0.));
#2575=DIRECTION('',(-1.,0.,0.));
#2576=DIRECTION('',(0.,0.,1.));
#2577=DIRECTION('',(0.,0.,-1.));
#2578=DIRECTION('',(-1.,0.,0.));
#2579=DIRECTION('',(0.,0.,1.));
#2580=DIRECTION('',(1.,0.,0.));
#2581=DIRECTION('',(0.,0.,-1.));
#2582=DIRECTION('',(-1.,0.,0.));
#2583=DIRECTION('',(0.,0.,1.));
#2584=DIRECTION('',(1.,0.,0.));
#2585=DIRECTION('',(0.,0.,1.));
#2586=DIRECTION('',(1.,0.,0.));
#2587=DIRECTION('',(0.,0.,1.));
#2588=DIRECTION('',(1.,0.,0.));
#2589=DIRECTION('',(0.998052578482889,0.0623782861551805,0.));
#2590=DIRECTION('',(0.,0.,1.));
#2591=DIRECTION('',(1.,0.,0.));
#2592=DIRECTION('',(0.,-1.,0.));
#2593=DIRECTION('',(0.,0.,1.));
#2594=DIRECTION('',(1.,0.,0.));
#2595=DIRECTION('',(-0.998052578482889,0.0623782861551805,0.));
#2596=DIRECTION('',(0.,0.,1.));
#2597=DIRECTION('',(1.,0.,0.));
#2598=DIRECTION('',(0.,0.,1.));
#2599=DIRECTION('',(1.,0.,0.));
#2600=DIRECTION('',(0.,0.,1.));
#2601=DIRECTION('',(1.,0.,0.));
#2602=DIRECTION('',(0.,0.,-1.));
#2603=DIRECTION('',(-1.,0.,0.));
#2604=DIRECTION('',(0.,0.,1.));
#2605=DIRECTION('',(1.,0.,0.));
#2606=DIRECTION('',(0.,0.,1.));
#2607=DIRECTION('',(1.,0.,0.));
#2608=DIRECTION('',(0.,0.,1.));
#2609=DIRECTION('',(1.,0.,0.));
#2610=DIRECTION('',(0.,0.,1.));
#2611=DIRECTION('',(1.,0.,0.));
#2612=DIRECTION('',(0.,0.,1.));
#2613=DIRECTION('',(1.,0.,0.));
#2614=DIRECTION('',(0.,0.,1.));
#2615=DIRECTION('',(1.,0.,0.));
#2616=DIRECTION('',(0.,0.,1.));
#2617=DIRECTION('',(1.,0.,0.));
#2618=DIRECTION('',(0.0623782861551805,-0.998052578482888,0.));
#2619=DIRECTION('',(0.998052578482889,0.0623782861551805,0.));
#2620=DIRECTION('',(0.998052578482889,0.0623782861551805,0.));
#2621=DIRECTION('',(0.,0.,1.));
#2622=DIRECTION('',(0.,0.,1.));
#2623=DIRECTION('',(1.,0.,0.));
#2624=DIRECTION('',(0.,0.,1.));
#2625=DIRECTION('',(1.,0.,0.));
#2626=DIRECTION('',(0.,0.,1.));
#2627=DIRECTION('',(-1.,0.,0.));
#2628=DIRECTION('',(0.,0.,1.));
#2629=DIRECTION('',(0.,-1.,0.));
#2630=DIRECTION('',(0.,0.,1.));
#2631=DIRECTION('',(0.,0.,1.));
#2632=DIRECTION('',(1.,0.,0.));
#2633=DIRECTION('',(0.,0.,1.));
#2634=DIRECTION('',(1.,0.,0.));
#2635=DIRECTION('',(0.,0.,1.));
#2636=DIRECTION('',(0.0623782861551805,0.998052578482888,0.));
#2637=DIRECTION('',(-0.998052578482889,0.0623782861551805,0.));
#2638=DIRECTION('',(-0.998052578482889,0.0623782861551805,0.));
#2639=DIRECTION('',(0.,0.,1.));
#2640=DIRECTION('',(1.,0.,0.));
#2641=DIRECTION('',(0.,0.,1.));
#2642=DIRECTION('',(1.,0.,0.));
#2643=DIRECTION('',(0.,0.,1.));
#2644=DIRECTION('',(1.,0.,0.));
#2645=DIRECTION('',(0.,0.,1.));
#2646=DIRECTION('',(1.,0.,0.));
#2647=DIRECTION('',(0.,0.,-1.));
#2648=DIRECTION('',(-1.,0.,0.));
#2649=DIRECTION('',(-1.,0.,0.));
#2650=DIRECTION('',(0.,0.,1.));
#2651=DIRECTION('',(-1.,0.,0.));
#2652=DIRECTION('',(0.,0.,1.));
#2653=DIRECTION('',(0.,-1.,0.));
#2654=DIRECTION('',(0.,0.,-1.));
#2655=DIRECTION('',(0.,-1.,0.));
#2656=DIRECTION('',(0.,-1.,0.));
#2657=DIRECTION('',(-1.,0.,0.));
#2658=DIRECTION('',(0.,0.,1.));
#2659=DIRECTION('',(-1.,0.,0.));
#2660=DIRECTION('',(0.,0.,1.));
#2661=DIRECTION('',(0.,-1.,0.));
#2662=DIRECTION('',(0.,-1.,0.));
#2663=DIRECTION('',(0.,0.,-1.));
#2664=DIRECTION('',(0.,-1.,0.));
#2665=DIRECTION('',(0.,0.,-1.));
#2666=DIRECTION('',(-1.,0.,0.));
#2667=DIRECTION('',(0.,0.,1.));
#2668=DIRECTION('',(1.,0.,0.));
#2669=DIRECTION('',(0.,0.,1.));
#2670=DIRECTION('',(1.,0.,0.));
#2671=DIRECTION('',(0.,0.,1.));
#2672=DIRECTION('',(1.,0.,0.));
#2673=DIRECTION('',(0.,0.,1.));
#2674=DIRECTION('',(1.,0.,0.));
#2675=DIRECTION('',(0.,0.,1.));
#2676=DIRECTION('',(1.,0.,0.));
#2677=DIRECTION('',(0.,0.,1.));
#2678=DIRECTION('',(1.,0.,0.));
#2679=DIRECTION('',(0.,0.,1.));
#2680=DIRECTION('',(1.,0.,0.));
#2681=DIRECTION('',(0.,0.,1.));
#2682=DIRECTION('',(1.,0.,0.));
#2683=DIRECTION('',(0.,0.,1.));
#2684=DIRECTION('',(1.,0.,0.));
#2685=DIRECTION('',(0.,0.,1.));
#2686=DIRECTION('',(1.,0.,0.));
#2687=DIRECTION('',(0.,0.,1.));
#2688=DIRECTION('',(1.,0.,0.));
#2689=DIRECTION('',(0.,0.,1.));
#2690=DIRECTION('',(1.,0.,0.));
#2691=CARTESIAN_POINT('',(0.,0.,0.));
#2692=CARTESIAN_POINT('',(-0.203956972360611,-0.117919720768928,0.0275));
#2693=CARTESIAN_POINT('',(-0.203956972360611,-0.117919720768928,0.04));
#2694=CARTESIAN_POINT('',(-0.202256972360611,-0.117919720768928,0.04));
#2695=CARTESIAN_POINT('',(-0.203956972360611,-0.117919720768928,0.0485));
#2696=CARTESIAN_POINT('',(-0.202256972360611,-0.117919720768928,0.0485));
#2697=CARTESIAN_POINT('',(-0.234956972360611,-0.0869197207689285,0.0275));
#2698=CARTESIAN_POINT('',(-0.234956972360611,-0.0869197207689285,0.04));
#2699=CARTESIAN_POINT('',(-0.233256972360611,-0.0869197207689285,0.04));
#2700=CARTESIAN_POINT('',(-0.234956972360611,-0.0869197207689285,0.0485));
#2701=CARTESIAN_POINT('',(-0.233256972360611,-0.0869197207689285,0.0485));
#2702=CARTESIAN_POINT('',(-0.234956972360611,-0.117919720768928,0.0275));
#2703=CARTESIAN_POINT('',(-0.234956972360611,-0.117919720768928,0.04));
#2704=CARTESIAN_POINT('',(-0.233256972360611,-0.117919720768928,0.04));
#2705=CARTESIAN_POINT('',(-0.234956972360611,-0.117919720768928,0.0485));
#2706=CARTESIAN_POINT('',(-0.233256972360611,-0.117919720768928,0.0485));
#2707=CARTESIAN_POINT('',(-0.203956972360611,-0.0869197207689285,0.0275));
#2708=CARTESIAN_POINT('',(-0.203956972360611,-0.0869197207689285,0.04));
#2709=CARTESIAN_POINT('',(-0.202256972360611,-0.0869197207689285,0.04));
#2710=CARTESIAN_POINT('',(-0.203956972360611,-0.0869197207689285,0.0485));
#2711=CARTESIAN_POINT('',(-0.202256972360611,-0.0869197207689285,0.0485));
#2712=CARTESIAN_POINT('',(-0.219456972360611,-0.102419720768928,0.0459142135623731));
#2713=CARTESIAN_POINT('',(-0.219456972360611,-0.102419720768928,0.0459142135623731));
#2714=CARTESIAN_POINT('',(-0.181956972360611,-0.102419720768928,0.0459142135623731));
#2715=CARTESIAN_POINT('',(-0.219456972360611,-0.102419720768928,0.0445));
#2716=CARTESIAN_POINT('',(-0.183371185922984,-0.102419720768928,0.0445));
#2717=CARTESIAN_POINT('',(-0.23407829270417,-0.0799197207689285,0.00212132034355963));
#2718=CARTESIAN_POINT('',(-0.23407829270417,-0.102419720768928,0.));
#2719=CARTESIAN_POINT('',(-0.23407829270417,-0.123919720768928,0.));
#2720=CARTESIAN_POINT('',(-0.23407829270417,-0.124919720768928,0.));
#2721=CARTESIAN_POINT('',(-0.23407829270417,-0.123919720768928,0.00212132034355963));
#2722=CARTESIAN_POINT('',(-0.231956972360611,-0.123919720768928,0.00212132034355964));
#2723=CARTESIAN_POINT('',(-0.231956972360611,-0.0999197207689285,0.00212132034355963));
#2724=CARTESIAN_POINT('',(-0.231956972360611,-0.124919720768928,0.00212132034355964));
#2725=CARTESIAN_POINT('',(-0.23407829270417,-0.124919720768928,0.00212132034355963));
#2726=CARTESIAN_POINT('',(-0.204835652017052,-0.123919720768928,0.00212132034355964));
#2727=CARTESIAN_POINT('',(-0.204835652017052,-0.123919720768928,0.00212132034355964));
#2728=CARTESIAN_POINT('',(-0.204835652017052,-0.123919720768928,0.));
#2729=CARTESIAN_POINT('',(-0.206956972360611,-0.123919720768928,0.00212132034355964));
#2730=CARTESIAN_POINT('',(-0.204835652017052,-0.123919720768928,0.));
#2731=CARTESIAN_POINT('',(-0.204835652017052,-0.124919720768928,0.));
#2732=CARTESIAN_POINT('',(-0.204835652017052,-0.124919720768928,0.00212132034355965));
#2733=CARTESIAN_POINT('',(-0.206956972360611,-0.124919720768928,0.00212132034355965));
#2734=CARTESIAN_POINT('',(-0.206956972360611,-0.123919720768928,0.00212132034355964));
#2735=CARTESIAN_POINT('',(-0.219456972360611,-0.124919720768928,0.0425));
#2736=CARTESIAN_POINT('',(-0.219456972360611,-0.124919720768928,0.));
#2737=CARTESIAN_POINT('',(-0.240542758798238,-0.124919720768928,0.));
#2738=CARTESIAN_POINT('',(-0.231956972360611,-0.124919720768928,0.016));
#2739=CARTESIAN_POINT('',(-0.231956972360611,-0.124919720768928,0.032));
#2740=CARTESIAN_POINT('',(-0.228956972360611,-0.124919720768928,0.032));
#2741=CARTESIAN_POINT('',(-0.228956972360611,-0.124919720768928,0.035));
#2742=CARTESIAN_POINT('',(-0.219456972360611,-0.124919720768928,0.035));
#2743=CARTESIAN_POINT('',(-0.209956972360611,-0.124919720768928,0.035));
#2744=CARTESIAN_POINT('',(-0.209956972360611,-0.124919720768928,0.032));
#2745=CARTESIAN_POINT('',(-0.206956972360611,-0.124919720768928,0.032));
#2746=CARTESIAN_POINT('',(-0.206956972360611,-0.124919720768928,0.016));
#2747=CARTESIAN_POINT('',(-0.219456972360611,-0.124919720768928,0.));
#2748=CARTESIAN_POINT('',(-0.198371185922984,-0.124919720768928,0.));
#2749=CARTESIAN_POINT('',(-0.198371185922984,-0.124919720768928,0.0445));
#2750=CARTESIAN_POINT('',(-0.198371185922984,-0.124919720768928,0.0423786796564403));
#2751=CARTESIAN_POINT('',(-0.240542758798238,-0.124919720768928,0.0423786796564403));
#2752=CARTESIAN_POINT('',(-0.240542758798238,-0.124919720768928,0.0423786796564403));
#2753=CARTESIAN_POINT('',(-0.240542758798238,-0.124919720768928,0.0425));
#2754=CARTESIAN_POINT('',(-0.219456972360611,-0.102419720768928,0.));
#2755=CARTESIAN_POINT('',(-0.194456972360611,-0.102919720768928,0.));
#2756=CARTESIAN_POINT('',(-0.196556972360611,-0.102919720768928,0.));
#2757=CARTESIAN_POINT('',(-0.219456972360611,-0.123919720768928,0.));
#2758=CARTESIAN_POINT('',(-0.199956972360611,-0.123919720768928,0.));
#2759=CARTESIAN_POINT('',(-0.198956972360611,-0.122919720768928,0.));
#2760=CARTESIAN_POINT('',(-0.197956972360611,-0.121919720768928,0.));
#2761=CARTESIAN_POINT('',(-0.197956972360611,-0.102419720768928,0.));
#2762=CARTESIAN_POINT('',(-0.197956972360611,-0.0829197207689285,0.));
#2763=CARTESIAN_POINT('',(-0.198956972360611,-0.0819197207689285,0.));
#2764=CARTESIAN_POINT('',(-0.199956972360611,-0.0809197207689285,0.));
#2765=CARTESIAN_POINT('',(-0.219456972360611,-0.0809197207689285,0.));
#2766=CARTESIAN_POINT('',(-0.210456972360611,-0.0809197207689285,0.));
#2767=CARTESIAN_POINT('',(-0.210456972360611,-0.104919720768928,0.));
#2768=CARTESIAN_POINT('',(-0.210456972360611,-0.0799197207689285,0.));
#2769=CARTESIAN_POINT('',(-0.219456972360611,-0.0799197207689285,0.));
#2770=CARTESIAN_POINT('',(-0.198371185922984,-0.0799197207689285,0.));
#2771=CARTESIAN_POINT('',(-0.198371185922984,-0.0813339343313016,0.));
#2772=CARTESIAN_POINT('',(-0.196956972360611,-0.0813339343313016,0.));
#2773=CARTESIAN_POINT('',(-0.196956972360611,-0.102419720768928,0.));
#2774=CARTESIAN_POINT('',(-0.196956972360611,-0.0960912936441823,0.));
#2775=CARTESIAN_POINT('',(-0.194128545235865,-0.0960912936441823,0.));
#2776=CARTESIAN_POINT('',(-0.194128545235865,-0.0989197207689285,0.));
#2777=CARTESIAN_POINT('',(-0.194956972360611,-0.0989197207689285,0.));
#2778=CARTESIAN_POINT('',(-0.192956972360611,-0.0989197207689285,0.));
#2779=CARTESIAN_POINT('',(-0.192956972360611,-0.101919720768928,0.));
#2780=CARTESIAN_POINT('',(-0.189956972360611,-0.101919720768928,0.));
#2781=CARTESIAN_POINT('',(-0.189956972360611,-0.102919720768928,0.));
#2782=CARTESIAN_POINT('',(-0.189956972360611,-0.103919720768928,0.));
#2783=CARTESIAN_POINT('',(-0.192956972360611,-0.103919720768928,0.));
#2784=CARTESIAN_POINT('',(-0.192956972360611,-0.106919720768928,0.));
#2785=CARTESIAN_POINT('',(-0.194956972360611,-0.106919720768928,0.));
#2786=CARTESIAN_POINT('',(-0.194128545235865,-0.106919720768928,0.));
#2787=CARTESIAN_POINT('',(-0.194128545235865,-0.109748147893675,0.));
#2788=CARTESIAN_POINT('',(-0.196956972360611,-0.109748147893675,0.));
#2789=CARTESIAN_POINT('',(-0.196956972360611,-0.102419720768928,0.));
#2790=CARTESIAN_POINT('',(-0.196956972360611,-0.123505507206555,0.));
#2791=CARTESIAN_POINT('',(-0.198371185922984,-0.123505507206555,0.));
#2792=CARTESIAN_POINT('',(-0.211517632532391,-0.0809197207689285,0.0119393398282202));
#2793=CARTESIAN_POINT('',(-0.210456972360611,-0.0809197207689285,0.0119393398282202));
#2794=CARTESIAN_POINT('',(-0.210456972360611,-0.0809197207689285,0.0119393398282202));
#2795=CARTESIAN_POINT('',(-0.210456972360611,-0.0799197207689285,0.0119393398282202));
#2796=CARTESIAN_POINT('',(-0.211517632532391,-0.0809197207689285,0.0119393398282202));
#2797=CARTESIAN_POINT('',(-0.211517632532391,-0.0809197207689285,0.013));
#2798=CARTESIAN_POINT('',(-0.211517632532391,-0.0809197207689285,0.013));
#2799=CARTESIAN_POINT('',(-0.211517632532391,-0.0799197207689285,0.013));
#2800=CARTESIAN_POINT('',(-0.211517632532391,-0.0799197207689285,0.0119393398282202));
#2801=CARTESIAN_POINT('',(-0.227396312188831,-0.0809197207689285,0.0119393398282202));
#2802=CARTESIAN_POINT('',(-0.227396312188831,-0.104919720768928,0.013));
#2803=CARTESIAN_POINT('',(-0.227396312188831,-0.0809197207689285,0.013));
#2804=CARTESIAN_POINT('',(-0.227396312188831,-0.0799197207689285,0.013));
#2805=CARTESIAN_POINT('',(-0.227396312188831,-0.0809197207689285,0.0119393398282202));
#2806=CARTESIAN_POINT('',(-0.228456972360611,-0.0809197207689285,0.0119393398282202));
#2807=CARTESIAN_POINT('',(-0.228456972360611,-0.104919720768928,0.0119393398282202));
#2808=CARTESIAN_POINT('',(-0.228456972360611,-0.0799197207689285,0.0119393398282202));
#2809=CARTESIAN_POINT('',(-0.227396312188831,-0.0799197207689285,0.0119393398282202));
#2810=CARTESIAN_POINT('',(-0.219456972360611,-0.0809197207689285,0.0425));
#2811=CARTESIAN_POINT('',(-0.210456972360611,-0.0809197207689285,0.0425));
#2812=CARTESIAN_POINT('',(-0.199956972360611,-0.0809197207689285,0.04));
#2813=CARTESIAN_POINT('',(-0.199956972360611,-0.0809197207689285,0.04));
#2814=CARTESIAN_POINT('',(-0.219456972360611,-0.0809197207689285,0.04));
#2815=CARTESIAN_POINT('',(-0.238956972360611,-0.0809197207689285,0.04));
#2816=CARTESIAN_POINT('',(-0.238956972360611,-0.0809197207689285,0.0425));
#2817=CARTESIAN_POINT('',(-0.238956972360611,-0.0809197207689285,0.));
#2818=CARTESIAN_POINT('',(-0.219456972360611,-0.0809197207689285,0.));
#2819=CARTESIAN_POINT('',(-0.228456972360611,-0.0809197207689285,0.));
#2820=CARTESIAN_POINT('',(-0.228456972360611,-0.0809197207689285,0.0425));
#2821=CARTESIAN_POINT('',(-0.219456972360611,-0.0809197207689285,0.013));
#2822=CARTESIAN_POINT('',(-0.219456972360611,-0.0799197207689285,0.0425));
#2823=CARTESIAN_POINT('',(-0.219456972360611,-0.0799197207689285,0.013));
#2824=CARTESIAN_POINT('',(-0.228456972360611,-0.0799197207689285,0.0065));
#2825=CARTESIAN_POINT('',(-0.228456972360611,-0.0799197207689285,0.));
#2826=CARTESIAN_POINT('',(-0.219456972360611,-0.0799197207689285,0.));
#2827=CARTESIAN_POINT('',(-0.240542758798238,-0.0799197207689285,0.));
#2828=CARTESIAN_POINT('',(-0.240542758798238,-0.0799197207689285,0.0445));
#2829=CARTESIAN_POINT('',(-0.240542758798238,-0.0799197207689285,0.0423786796564403));
#2830=CARTESIAN_POINT('',(-0.219456972360611,-0.0799197207689285,0.0423786796564403));
#2831=CARTESIAN_POINT('',(-0.198371185922984,-0.0799197207689285,0.0423786796564403));
#2832=CARTESIAN_POINT('',(-0.198371185922984,-0.0799197207689285,0.0425));
#2833=CARTESIAN_POINT('',(-0.210456972360611,-0.0799197207689285,0.0065));
#2834=CARTESIAN_POINT('',(-0.219456972360611,-0.102419720768928,0.0463786796564404));
#2835=CARTESIAN_POINT('',(-0.258889245194567,-0.0985538592976129,0.0485));
#2836=CARTESIAN_POINT('',(-0.258829568040796,-0.0985501294755022,0.0485));
#2837=CARTESIAN_POINT('',(-0.258770308031128,-0.098546425724898,0.048497540760873));
#2838=CARTESIAN_POINT('',(-0.258711452196448,-0.0985427472352304,0.0484926987409918));
#2839=CARTESIAN_POINT('',(-0.258710853865258,-0.0985427098395311,0.0485));
#2840=CARTESIAN_POINT('',(-0.258889245194567,-0.0985538592976129,0.0485));
#2841=CARTESIAN_POINT('',(-0.258710853865258,-0.0985427098395311,0.0484926494334013));
#2842=CARTESIAN_POINT('',(-0.25837917019196,-0.0985219796099499,0.0484652696441757));
#2843=CARTESIAN_POINT('',(-0.257760060467646,-0.0983423187867147,0.0482598933255916));
#2844=CARTESIAN_POINT('',(-0.256871552532924,-0.0976617132646333,0.0475266083640879));
#2845=CARTESIAN_POINT('',(-0.256564680059164,-0.096989332842687,0.0468346961284347));
#2846=CARTESIAN_POINT('',(-0.256490768637597,-0.0965249830042226,0.0463786796564404));
#2847=CARTESIAN_POINT('',(-0.256490768637597,-0.0965249830042226,0.0463786796564404));
#2848=CARTESIAN_POINT('',(-0.219456972360611,-0.102419720768928,0.0463786796564404));
#2849=CARTESIAN_POINT('',(-0.256490768637597,-0.108314458533636,0.0463786796564404));
#2850=CARTESIAN_POINT('',(-0.258710853865259,-0.106296731698326,0.0484926494334014));
#2851=CARTESIAN_POINT('',(-0.258379170191961,-0.106317461927907,0.048465269644176));
#2852=CARTESIAN_POINT('',(-0.257760060467642,-0.106497122751183,0.0482598933256317));
#2853=CARTESIAN_POINT('',(-0.256871552532956,-0.107177728273019,0.0475266083638758));
#2854=CARTESIAN_POINT('',(-0.25656468005902,-0.107850108696073,0.0468346961293769));
#2855=CARTESIAN_POINT('',(-0.256490768637597,-0.108314458533636,0.0463786796564404));
#2856=CARTESIAN_POINT('',(-0.258710853865259,-0.106296731698326,0.0484926494334024));
#2857=CARTESIAN_POINT('',(-0.258889245194567,-0.106285582240244,0.0485));
#2858=CARTESIAN_POINT('',(-0.258829365809162,-0.106289324701832,0.0485));
#2859=CARTESIAN_POINT('',(-0.258769906394706,-0.106293040915235,0.0484975240954353));
#2860=CARTESIAN_POINT('',(-0.25871085386526,-0.106296731698326,0.0484926494334015));
#2861=CARTESIAN_POINT('',(-0.258889245194567,-0.106285582240244,0.0485));
#2862=CARTESIAN_POINT('',(-0.219456972360611,-0.102419720768928,0.0485));
#2863=CARTESIAN_POINT('',(-0.258860536816125,-0.0961477826256525,0.0533));
#2864=CARTESIAN_POINT('',(-0.256490768637598,-0.0965249830042225,0.0525000000000047));
#2865=CARTESIAN_POINT('',(-0.256490768637598,-0.0965249830042225,0.0511666666666698));
#2866=CARTESIAN_POINT('',(-0.256490768637597,-0.0965249830042225,0.0498333333333349));
#2867=CARTESIAN_POINT('',(-0.256490768637597,-0.0965249830042225,0.0485));
#2868=CARTESIAN_POINT('',(-0.256490768637597,-0.0965249830042226,0.0485));
#2869=CARTESIAN_POINT('',(-0.256490768637597,-0.0965249830042226,0.0525));
#2870=CARTESIAN_POINT('',(-0.256490768637597,-0.0965249830042226,0.0463786796564404));
#2871=CARTESIAN_POINT('',(-0.258710853865258,-0.0985427098395311,0.0525000000000047));
#2872=CARTESIAN_POINT('',(-0.258710853865258,-0.0985427098395311,0.0511666666666698));
#2873=CARTESIAN_POINT('',(-0.258710853865258,-0.0985427098395311,0.0498333333333349));
#2874=CARTESIAN_POINT('',(-0.258710853865258,-0.0985427098395311,0.0485));
#2875=CARTESIAN_POINT('',(-0.258710853865258,-0.0985427098395311,0.0525));
#2876=CARTESIAN_POINT('',(-0.256490768637597,-0.0965249830042227,0.0525));
#2877=CARTESIAN_POINT('',(-0.256576487889984,-0.0970635157526845,0.0525));
#2878=CARTESIAN_POINT('',(-0.257121756983568,-0.0980610543773422,0.0525));
#2879=CARTESIAN_POINT('',(-0.258166603694907,-0.0985086942038842,0.0525));
#2880=CARTESIAN_POINT('',(-0.258710853865258,-0.0985427098395311,0.0525));
#2881=CARTESIAN_POINT('',(-0.258860536816127,-0.108691658912206,0.0485));
#2882=CARTESIAN_POINT('',(-0.258710853865259,-0.106296731698326,0.0485));
#2883=CARTESIAN_POINT('',(-0.258710853865259,-0.106296731698326,0.0525));
#2884=CARTESIAN_POINT('',(-0.256490768637597,-0.108314458533636,0.0525));
#2885=CARTESIAN_POINT('',(-0.256490768637911,-0.108314458531662,0.0525));
#2886=CARTESIAN_POINT('',(-0.258860536816127,-0.108691658912206,0.0525));
#2887=CARTESIAN_POINT('',(-0.244078292704171,-0.0813339343313016,0.0423786796564403));
#2888=CARTESIAN_POINT('',(-0.244078292704171,-0.123505507206555,0.0423786796564403));
#2889=CARTESIAN_POINT('',(-0.244078292704171,-0.123505507206555,0.0445));
#2890=CARTESIAN_POINT('',(-0.241956972360611,-0.123505507206555,0.0423786796564403));
#2891=CARTESIAN_POINT('',(-0.244078292704171,-0.0813339343313016,0.0445));
#2892=CARTESIAN_POINT('',(-0.244078292704171,-0.0813339343313016,0.0445));
#2893=CARTESIAN_POINT('',(-0.244078292704171,-0.0813339343313016,0.0423786796564403));
#2894=CARTESIAN_POINT('',(-0.241956972360611,-0.0813339343313016,0.0423786796564403));
#2895=CARTESIAN_POINT('',(-0.241956972360611,-0.0813339343313016,0.0423786796564403));
#2896=CARTESIAN_POINT('',(-0.240542758798238,-0.0813339343313016,0.0423786796564403));
#2897=CARTESIAN_POINT('',(-0.240542758798238,-0.0813339343313016,0.0445));
#2898=CARTESIAN_POINT('',(-0.240542758798238,-0.0777984004253689,0.0445));
#2899=CARTESIAN_POINT('',(-0.240542758798238,-0.0777984004253689,0.0423786796564403));
#2900=CARTESIAN_POINT('',(-0.240542758798238,-0.0813339343313016,0.0423786796564403));
#2901=CARTESIAN_POINT('',(-0.198371185922984,-0.0777984004253689,0.0423786796564403));
#2902=CARTESIAN_POINT('',(-0.219456972360611,-0.0777984004253689,0.0445));
#2903=CARTESIAN_POINT('',(-0.198371185922984,-0.0777984004253689,0.0445));
#2904=CARTESIAN_POINT('',(-0.198371185922984,-0.0777984004253689,0.0423786796564403));
#2905=CARTESIAN_POINT('',(-0.198371185922984,-0.0813339343313016,0.0423786796564403));
#2906=CARTESIAN_POINT('',(-0.198371185922984,-0.0813339343313016,0.0445));
#2907=CARTESIAN_POINT('',(-0.194835652017051,-0.0813339343313016,0.0445));
#2908=CARTESIAN_POINT('',(-0.194835652017051,-0.0813339343313016,0.0423786796564403));
#2909=CARTESIAN_POINT('',(-0.196956972360611,-0.0813339343313016,0.0423786796564403));
#2910=CARTESIAN_POINT('',(-0.198371185922984,-0.0813339343313016,0.0423786796564403));
#2911=CARTESIAN_POINT('',(-0.194835652017051,-0.123505507206555,0.0423786796564403));
#2912=CARTESIAN_POINT('',(-0.194835652017051,-0.102419720768928,0.0445));
#2913=CARTESIAN_POINT('',(-0.194835652017051,-0.123505507206555,0.0445));
#2914=CARTESIAN_POINT('',(-0.194835652017051,-0.123505507206555,0.0423786796564403));
#2915=CARTESIAN_POINT('',(-0.196956972360611,-0.123505507206555,0.0423786796564403));
#2916=CARTESIAN_POINT('',(-0.196956972360611,-0.102419720768928,0.0423786796564403));
#2917=CARTESIAN_POINT('',(-0.198371185922984,-0.123505507206555,0.0423786796564403));
#2918=CARTESIAN_POINT('',(-0.198371185922984,-0.123505507206555,0.0445));
#2919=CARTESIAN_POINT('',(-0.198371185922984,-0.127041041112488,0.0445));
#2920=CARTESIAN_POINT('',(-0.198371185922984,-0.127041041112488,0.0423786796564403));
#2921=CARTESIAN_POINT('',(-0.198371185922984,-0.123505507206555,0.0423786796564403));
#2922=CARTESIAN_POINT('',(-0.240542758798238,-0.127041041112488,0.0423786796564403));
#2923=CARTESIAN_POINT('',(-0.240542758798238,-0.127041041112488,0.0445));
#2924=CARTESIAN_POINT('',(-0.240542758798238,-0.127041041112488,0.0445));
#2925=CARTESIAN_POINT('',(-0.240542758798238,-0.127041041112488,0.0423786796564403));
#2926=CARTESIAN_POINT('',(-0.240542758798238,-0.123505507206555,0.0423786796564403));
#2927=CARTESIAN_POINT('',(-0.240542758798238,-0.123505507206555,0.0445));
#2928=CARTESIAN_POINT('',(-0.240542758798238,-0.123505507206555,0.0423786796564403));
#2929=CARTESIAN_POINT('',(-0.241956972360611,-0.102419720768928,0.0425));
#2930=CARTESIAN_POINT('',(-0.241956972360611,-0.123505507206555,0.0425));
#2931=CARTESIAN_POINT('',(-0.241956972360611,-0.123505507206555,0.));
#2932=CARTESIAN_POINT('',(-0.241956972360611,-0.0813339343313016,0.0445));
#2933=CARTESIAN_POINT('',(-0.241956972360611,-0.0813339343313016,0.));
#2934=CARTESIAN_POINT('',(-0.241956972360611,-0.102419720768928,0.));
#2935=CARTESIAN_POINT('',(-0.241956972360611,-0.0960912936441823,0.));
#2936=CARTESIAN_POINT('',(-0.241956972360611,-0.0960912936441823,0.008));
#2937=CARTESIAN_POINT('',(-0.241956972360611,-0.0960912936441823,0.008));
#2938=CARTESIAN_POINT('',(-0.241956972360611,-0.102419720768928,0.008));
#2939=CARTESIAN_POINT('',(-0.241956972360611,-0.0980912936441823,0.008));
#2940=CARTESIAN_POINT('',(-0.241956972360611,-0.0980912936441823,0.01));
#2941=CARTESIAN_POINT('',(-0.241956972360611,-0.0960912936441823,0.01));
#2942=CARTESIAN_POINT('',(-0.241956972360611,-0.0960912936441823,0.015));
#2943=CARTESIAN_POINT('',(-0.241956972360611,-0.0960912936441824,0.02));
#2944=CARTESIAN_POINT('',(-0.241956972360611,-0.0990912936441823,0.02));
#2945=CARTESIAN_POINT('',(-0.241956972360611,-0.0990912936441823,0.023));
#2946=CARTESIAN_POINT('',(-0.241956972360611,-0.102919720768928,0.023));
#2947=CARTESIAN_POINT('',(-0.241956972360611,-0.106748147893675,0.023));
#2948=CARTESIAN_POINT('',(-0.241956972360611,-0.106748147893675,0.02));
#2949=CARTESIAN_POINT('',(-0.241956972360611,-0.109748147893675,0.02));
#2950=CARTESIAN_POINT('',(-0.241956972360611,-0.109748147893675,0.015));
#2951=CARTESIAN_POINT('',(-0.241956972360611,-0.109748147893675,0.01));
#2952=CARTESIAN_POINT('',(-0.241956972360611,-0.107748147893675,0.01));
#2953=CARTESIAN_POINT('',(-0.241956972360611,-0.107748147893675,0.008));
#2954=CARTESIAN_POINT('',(-0.241956972360611,-0.102419720768928,0.008));
#2955=CARTESIAN_POINT('',(-0.241956972360611,-0.109748147893675,0.008));
#2956=CARTESIAN_POINT('',(-0.241956972360611,-0.109748147893675,0.0425));
#2957=CARTESIAN_POINT('',(-0.241956972360611,-0.109748147893675,0.));
#2958=CARTESIAN_POINT('',(-0.241956972360611,-0.102419720768928,0.));
#2959=CARTESIAN_POINT('',(-0.240956972360611,-0.102419720768928,0.0425));
#2960=CARTESIAN_POINT('',(-0.240956972360611,-0.102419720768928,0.04));
#2961=CARTESIAN_POINT('',(-0.240956972360611,-0.0829197207689285,0.04));
#2962=CARTESIAN_POINT('',(-0.240956972360611,-0.121919720768928,0.04));
#2963=CARTESIAN_POINT('',(-0.240956972360611,-0.121919720768928,0.));
#2964=CARTESIAN_POINT('',(-0.240956972360611,-0.121919720768928,0.));
#2965=CARTESIAN_POINT('',(-0.240956972360611,-0.102419720768928,0.));
#2966=CARTESIAN_POINT('',(-0.240956972360611,-0.0829197207689285,0.));
#2967=CARTESIAN_POINT('',(-0.240956972360611,-0.0829197207689285,0.0425));
#2968=CARTESIAN_POINT('',(-0.240956972360611,-0.0990912936441823,0.02));
#2969=CARTESIAN_POINT('',(-0.240956972360611,-0.0960912936441824,0.02));
#2970=CARTESIAN_POINT('',(-0.240956972360611,-0.0990912936441823,0.023));
#2971=CARTESIAN_POINT('',(-0.240956972360611,-0.0960912936441823,0.0425));
#2972=CARTESIAN_POINT('',(-0.240956972360611,-0.0960912936441823,0.01));
#2973=CARTESIAN_POINT('',(-0.240956972360611,-0.0980912936441823,0.01));
#2974=CARTESIAN_POINT('',(-0.240956972360611,-0.0980912936441823,0.008));
#2975=CARTESIAN_POINT('',(-0.240956972360611,-0.102419720768928,0.008));
#2976=CARTESIAN_POINT('',(-0.240956972360611,-0.107748147893675,0.008));
#2977=CARTESIAN_POINT('',(-0.240956972360611,-0.107748147893675,0.01));
#2978=CARTESIAN_POINT('',(-0.240956972360611,-0.109748147893675,0.01));
#2979=CARTESIAN_POINT('',(-0.240956972360611,-0.109748147893675,0.0425));
#2980=CARTESIAN_POINT('',(-0.240956972360611,-0.109748147893675,0.02));
#2981=CARTESIAN_POINT('',(-0.240956972360611,-0.106748147893675,0.02));
#2982=CARTESIAN_POINT('',(-0.240956972360611,-0.106748147893675,0.023));
#2983=CARTESIAN_POINT('',(-0.240956972360611,-0.102419720768928,0.023));
#2984=CARTESIAN_POINT('',(-0.197956972360611,-0.102419720768928,0.0425));
#2985=CARTESIAN_POINT('',(-0.197956972360611,-0.121919720768928,0.0425));
#2986=CARTESIAN_POINT('',(-0.197956972360611,-0.121919720768928,0.04));
#2987=CARTESIAN_POINT('',(-0.197956972360611,-0.102419720768928,0.04));
#2988=CARTESIAN_POINT('',(-0.197956972360611,-0.0829197207689285,0.04));
#2989=CARTESIAN_POINT('',(-0.197956972360611,-0.0829197207689285,0.));
#2990=CARTESIAN_POINT('',(-0.197956972360611,-0.0960912936441823,0.0425));
#2991=CARTESIAN_POINT('',(-0.197956972360611,-0.0960912936441824,0.02));
#2992=CARTESIAN_POINT('',(-0.197956972360611,-0.0960912936441823,0.01));
#2993=CARTESIAN_POINT('',(-0.197956972360611,-0.0990912936441823,0.02));
#2994=CARTESIAN_POINT('',(-0.197956972360611,-0.0990912936441823,0.023));
#2995=CARTESIAN_POINT('',(-0.197956972360611,-0.102419720768928,0.023));
#2996=CARTESIAN_POINT('',(-0.197956972360611,-0.106748147893675,0.023));
#2997=CARTESIAN_POINT('',(-0.197956972360611,-0.106748147893675,0.02));
#2998=CARTESIAN_POINT('',(-0.197956972360611,-0.109748147893675,0.02));
#2999=CARTESIAN_POINT('',(-0.197956972360611,-0.109748147893675,0.0425));
#3000=CARTESIAN_POINT('',(-0.197956972360611,-0.109748147893675,0.01));
#3001=CARTESIAN_POINT('',(-0.197956972360611,-0.107748147893675,0.01));
#3002=CARTESIAN_POINT('',(-0.197956972360611,-0.107748147893675,0.008));
#3003=CARTESIAN_POINT('',(-0.197956972360611,-0.102419720768928,0.008));
#3004=CARTESIAN_POINT('',(-0.197956972360611,-0.0980912936441823,0.008));
#3005=CARTESIAN_POINT('',(-0.197956972360611,-0.0980912936441823,0.01));
#3006=CARTESIAN_POINT('',(-0.244785399485357,-0.0960912936441823,0.008));
#3007=CARTESIAN_POINT('',(-0.244785399485357,-0.0989197207689285,0.008));
#3008=CARTESIAN_POINT('',(-0.244785399485357,-0.0989197207689285,0.008));
#3009=CARTESIAN_POINT('',(-0.244785399485357,-0.0989197207689285,0.));
#3010=CARTESIAN_POINT('',(-0.244785399485357,-0.0960912936441823,0.008));
#3011=CARTESIAN_POINT('',(-0.244785399485357,-0.0960912936441823,0.));
#3012=CARTESIAN_POINT('',(-0.244785399485357,-0.109748147893675,0.0445));
#3013=CARTESIAN_POINT('',(-0.244785399485357,-0.109748147893675,0.008));
#3014=CARTESIAN_POINT('',(-0.244785399485357,-0.106919720768928,0.008));
#3015=CARTESIAN_POINT('',(-0.244785399485357,-0.106919720768928,0.008));
#3016=CARTESIAN_POINT('',(-0.244785399485357,-0.106919720768928,0.));
#3017=CARTESIAN_POINT('',(-0.244785399485357,-0.109748147893675,0.));
#3018=CARTESIAN_POINT('',(-0.194128545235865,-0.109748147893675,0.008));
#3019=CARTESIAN_POINT('',(-0.194128545235865,-0.106919720768928,0.008));
#3020=CARTESIAN_POINT('',(-0.194128545235865,-0.106919720768928,0.008));
#3021=CARTESIAN_POINT('',(-0.194128545235865,-0.109748147893675,0.008));
#3022=CARTESIAN_POINT('',(-0.196956972360611,-0.109748147893675,0.008));
#3023=CARTESIAN_POINT('',(-0.196956972360611,-0.109748147893675,0.0425));
#3024=CARTESIAN_POINT('',(-0.194128545235865,-0.0960912936441823,0.0445));
#3025=CARTESIAN_POINT('',(-0.196956972360611,-0.0960912936441823,0.0445));
#3026=CARTESIAN_POINT('',(-0.196956972360611,-0.0960912936441823,0.008));
#3027=CARTESIAN_POINT('',(-0.194128545235865,-0.0960912936441823,0.008));
#3028=CARTESIAN_POINT('',(-0.194128545235865,-0.0989197207689285,0.008));
#3029=CARTESIAN_POINT('',(-0.194128545235865,-0.0989197207689285,0.0445));
#3030=CARTESIAN_POINT('',(-0.240542758798238,-0.0813339343313016,0.0445));
#3031=CARTESIAN_POINT('',(-0.240542758798238,-0.0813339343313016,0.));
#3032=CARTESIAN_POINT('',(-0.198371185922984,-0.0813339343313016,0.0445));
#3033=CARTESIAN_POINT('',(-0.196956972360611,-0.0813339343313016,0.0425));
#3034=CARTESIAN_POINT('',(-0.198371185922984,-0.123505507206555,0.0445));
#3035=CARTESIAN_POINT('',(-0.196956972360611,-0.123505507206555,0.0445));
#3036=CARTESIAN_POINT('',(-0.240542758798238,-0.123505507206555,0.0445));
#3037=CARTESIAN_POINT('',(-0.240542758798238,-0.123505507206555,0.));
#3038=CARTESIAN_POINT('',(-0.219456972360611,-0.123919720768928,0.0425));
#3039=CARTESIAN_POINT('',(-0.231956972360611,-0.123919720768928,0.0425));
#3040=CARTESIAN_POINT('',(-0.231956972360611,-0.123919720768928,0.032));
#3041=CARTESIAN_POINT('',(-0.219456972360611,-0.123919720768928,0.));
#3042=CARTESIAN_POINT('',(-0.238956972360611,-0.123919720768928,0.));
#3043=CARTESIAN_POINT('',(-0.238956972360611,-0.123919720768928,0.04));
#3044=CARTESIAN_POINT('',(-0.238956972360611,-0.123919720768928,0.04));
#3045=CARTESIAN_POINT('',(-0.219456972360611,-0.123919720768928,0.04));
#3046=CARTESIAN_POINT('',(-0.199956972360611,-0.123919720768928,0.04));
#3047=CARTESIAN_POINT('',(-0.199956972360611,-0.123919720768928,0.0425));
#3048=CARTESIAN_POINT('',(-0.206956972360611,-0.123919720768928,0.0425));
#3049=CARTESIAN_POINT('',(-0.206956972360611,-0.123919720768928,0.032));
#3050=CARTESIAN_POINT('',(-0.209956972360611,-0.123919720768928,0.032));
#3051=CARTESIAN_POINT('',(-0.209956972360611,-0.123919720768928,0.035));
#3052=CARTESIAN_POINT('',(-0.219456972360611,-0.123919720768928,0.035));
#3053=CARTESIAN_POINT('',(-0.228956972360611,-0.123919720768928,0.035));
#3054=CARTESIAN_POINT('',(-0.228956972360611,-0.123919720768928,0.032));
#3055=CARTESIAN_POINT('',(-0.196956972360611,-0.102419720768928,0.0425));
#3056=CARTESIAN_POINT('',(-0.196956972360611,-0.102419720768928,0.008));
#3057=CARTESIAN_POINT('',(-0.196956972360611,-0.107748147893675,0.008));
#3058=CARTESIAN_POINT('',(-0.196956972360611,-0.107748147893675,0.01));
#3059=CARTESIAN_POINT('',(-0.196956972360611,-0.109748147893675,0.01));
#3060=CARTESIAN_POINT('',(-0.196956972360611,-0.109748147893675,0.0425));
#3061=CARTESIAN_POINT('',(-0.196956972360611,-0.109748147893675,0.02));
#3062=CARTESIAN_POINT('',(-0.196956972360611,-0.106748147893675,0.02));
#3063=CARTESIAN_POINT('',(-0.196956972360611,-0.106748147893675,0.023));
#3064=CARTESIAN_POINT('',(-0.196956972360611,-0.102419720768928,0.023));
#3065=CARTESIAN_POINT('',(-0.196956972360611,-0.0990912936441823,0.023));
#3066=CARTESIAN_POINT('',(-0.196956972360611,-0.0990912936441823,0.02));
#3067=CARTESIAN_POINT('',(-0.196956972360611,-0.0960912936441824,0.02));
#3068=CARTESIAN_POINT('',(-0.196956972360611,-0.0960912936441823,0.0425));
#3069=CARTESIAN_POINT('',(-0.196956972360611,-0.0960912936441823,0.01));
#3070=CARTESIAN_POINT('',(-0.196956972360611,-0.0980912936441823,0.01));
#3071=CARTESIAN_POINT('',(-0.196956972360611,-0.0980912936441823,0.008));
#3072=CARTESIAN_POINT('',(-0.196956972360611,-0.102419720768928,0.008));
#3073=CARTESIAN_POINT('',(-0.219456972360611,-0.102419720768928,0.));
#3074=CARTESIAN_POINT('',(-0.243456972360611,-0.106919720768928,0.));
#3075=CARTESIAN_POINT('',(-0.244956972360611,-0.106919720768928,0.));
#3076=CARTESIAN_POINT('',(-0.244956972360611,-0.103919720768928,0.));
#3077=CARTESIAN_POINT('',(-0.247956972360611,-0.103919720768928,0.));
#3078=CARTESIAN_POINT('',(-0.247956972360611,-0.102919720768928,0.));
#3079=CARTESIAN_POINT('',(-0.247956972360611,-0.101919720768928,0.));
#3080=CARTESIAN_POINT('',(-0.244956972360611,-0.101919720768928,0.));
#3081=CARTESIAN_POINT('',(-0.244956972360611,-0.0989197207689285,0.));
#3082=CARTESIAN_POINT('',(-0.243456972360611,-0.0989197207689285,0.));
#3083=CARTESIAN_POINT('',(-0.228456972360611,-0.104919720768928,0.));
#3084=CARTESIAN_POINT('',(-0.239956972360611,-0.0819197207689285,0.));
#3085=CARTESIAN_POINT('',(-0.239956972360611,-0.122919720768928,0.));
#3086=CARTESIAN_POINT('',(-0.244456972360611,-0.102919720768928,0.));
#3087=CARTESIAN_POINT('',(-0.246556972360611,-0.102919720768928,0.));
#3088=CARTESIAN_POINT('',(-0.219456972360611,-0.102419720768928,0.04));
#3089=CARTESIAN_POINT('',(-0.219456972360611,-0.102419720768928,0.04));
#3090=CARTESIAN_POINT('',(-0.230956972360611,-0.102419720768928,0.04));
#3091=CARTESIAN_POINT('',(-0.199956972360611,-0.123919720768928,0.04));
#3092=CARTESIAN_POINT('',(-0.240956972360611,-0.121919720768928,0.04));
#3093=CARTESIAN_POINT('',(-0.238956972360611,-0.0809197207689285,0.04));
#3094=CARTESIAN_POINT('',(-0.197956972360611,-0.0829197207689285,0.04));
#3095=CARTESIAN_POINT('',(-0.219456972360611,-0.102419720768928,0.0425));
#3096=CARTESIAN_POINT('',(-0.219456972360611,-0.102419720768928,0.0425));
#3097=CARTESIAN_POINT('',(-0.230956972360611,-0.102419720768928,0.0425));
#3098=CARTESIAN_POINT('',(-0.219456972360611,-0.102419720768928,0.0425));
#3099=CARTESIAN_POINT('',(-0.219456972360611,-0.102419720768928,0.0425));
#3100=CARTESIAN_POINT('',(-0.222256972360611,-0.102419720768928,0.0425));
#3101=CARTESIAN_POINT('',(-0.219456972360611,-0.102419720768928,0.065));
#3102=CARTESIAN_POINT('',(-0.219456972360611,-0.102419720768928,0.0525));
#3103=CARTESIAN_POINT('',(-0.216656972360611,-0.102419720768928,0.0525));
#3104=CARTESIAN_POINT('',(-0.199956972360611,-0.123919720768928,0.0425));
#3105=CARTESIAN_POINT('',(-0.240956972360611,-0.121919720768928,0.0425));
#3106=CARTESIAN_POINT('',(-0.197956972360611,-0.0829197207689285,0.0425));
#3107=CARTESIAN_POINT('',(-0.238956972360611,-0.0809197207689285,0.0425));
#3108=CARTESIAN_POINT('',(-0.194956972360611,-0.106919720768928,0.008));
#3109=CARTESIAN_POINT('',(-0.194956972360611,-0.106919720768928,0.008));
#3110=CARTESIAN_POINT('',(-0.192956972360611,-0.106919720768928,0.008));
#3111=CARTESIAN_POINT('',(-0.192956972360611,-0.106919720768928,0.008));
#3112=CARTESIAN_POINT('',(-0.194956972360611,-0.0989197207689285,0.008));
#3113=CARTESIAN_POINT('',(-0.194956972360611,-0.0989197207689285,0.008));
#3114=CARTESIAN_POINT('',(-0.192956972360611,-0.0989197207689285,0.008));
#3115=CARTESIAN_POINT('',(-0.192956972360611,-0.0989197207689285,0.008));
#3116=CARTESIAN_POINT('',(-0.192956972360611,-0.101919720768928,0.008));
#3117=CARTESIAN_POINT('',(-0.192956972360611,-0.101919720768928,0.008));
#3118=CARTESIAN_POINT('',(-0.189956972360611,-0.101919720768928,0.008));
#3119=CARTESIAN_POINT('',(-0.189956972360611,-0.101919720768928,0.008));
#3120=CARTESIAN_POINT('',(-0.189956972360611,-0.102919720768928,0.008));
#3121=CARTESIAN_POINT('',(-0.189956972360611,-0.102919720768928,0.008));
#3122=CARTESIAN_POINT('',(-0.189956972360611,-0.103919720768928,0.008));
#3123=CARTESIAN_POINT('',(-0.189956972360611,-0.103919720768928,0.008));
#3124=CARTESIAN_POINT('',(-0.192956972360611,-0.103919720768928,0.008));
#3125=CARTESIAN_POINT('',(-0.192956972360611,-0.103919720768928,0.008));
#3126=CARTESIAN_POINT('',(-0.194456972360611,-0.102919720768928,0.008));
#3127=CARTESIAN_POINT('',(-0.194456972360611,-0.102919720768928,0.008));
#3128=CARTESIAN_POINT('',(-0.196556972360611,-0.102919720768928,0.008));
#3129=CARTESIAN_POINT('',(-0.218956972360611,-0.102419720768928,0.008));
#3130=CARTESIAN_POINT('',(-0.186956972360611,-0.0980912936441823,0.008));
#3131=CARTESIAN_POINT('',(-0.186956972360611,-0.107748147893675,0.008));
#3132=CARTESIAN_POINT('',(-0.243456972360611,-0.106919720768928,0.008));
#3133=CARTESIAN_POINT('',(-0.243456972360611,-0.106919720768928,0.008));
#3134=CARTESIAN_POINT('',(-0.244956972360611,-0.106919720768928,0.008));
#3135=CARTESIAN_POINT('',(-0.244956972360611,-0.106919720768928,0.008));
#3136=CARTESIAN_POINT('',(-0.244956972360611,-0.103919720768928,0.008));
#3137=CARTESIAN_POINT('',(-0.244956972360611,-0.103919720768928,0.008));
#3138=CARTESIAN_POINT('',(-0.247956972360611,-0.103919720768928,0.008));
#3139=CARTESIAN_POINT('',(-0.247956972360611,-0.103919720768928,0.008));
#3140=CARTESIAN_POINT('',(-0.247956972360611,-0.102919720768928,0.008));
#3141=CARTESIAN_POINT('',(-0.247956972360611,-0.102919720768928,0.008));
#3142=CARTESIAN_POINT('',(-0.247956972360611,-0.101919720768928,0.008));
#3143=CARTESIAN_POINT('',(-0.247956972360611,-0.101919720768928,0.008));
#3144=CARTESIAN_POINT('',(-0.244956972360611,-0.101919720768928,0.008));
#3145=CARTESIAN_POINT('',(-0.244956972360611,-0.101919720768928,0.008));
#3146=CARTESIAN_POINT('',(-0.244956972360611,-0.0989197207689285,0.008));
#3147=CARTESIAN_POINT('',(-0.244956972360611,-0.0989197207689285,0.008));
#3148=CARTESIAN_POINT('',(-0.244456972360611,-0.102919720768928,0.008));
#3149=CARTESIAN_POINT('',(-0.244456972360611,-0.102919720768928,0.008));
#3150=CARTESIAN_POINT('',(-0.246556972360611,-0.102919720768928,0.008));
#3151=CARTESIAN_POINT('',(-0.243456972360611,-0.0989197207689285,0.008));
#3152=CARTESIAN_POINT('',(-0.243456972360611,-0.0989197207689285,0.008));
#3153=CARTESIAN_POINT('',(-0.218956972360611,-0.102419720768928,0.008));
#3154=CARTESIAN_POINT('',(-0.186956972360611,-0.107748147893675,0.008));
#3155=CARTESIAN_POINT('',(-0.186956972360611,-0.0980912936441823,0.008));
#3156=CARTESIAN_POINT('',(-0.186956972360611,-0.0980912936441823,0.01));
#3157=CARTESIAN_POINT('',(-0.186956972360611,-0.0960912936441823,0.01));
#3158=CARTESIAN_POINT('',(-0.186956972360611,-0.0990912936441823,0.02));
#3159=CARTESIAN_POINT('',(-0.186956972360611,-0.0960912936441824,0.02));
#3160=CARTESIAN_POINT('',(-0.186956972360611,-0.0990912936441823,0.023));
#3161=CARTESIAN_POINT('',(-0.186956972360611,-0.102919720768928,0.023));
#3162=CARTESIAN_POINT('',(-0.186956972360611,-0.106748147893675,0.023));
#3163=CARTESIAN_POINT('',(-0.186956972360611,-0.106748147893675,0.02));
#3164=CARTESIAN_POINT('',(-0.186956972360611,-0.109748147893675,0.02));
#3165=CARTESIAN_POINT('',(-0.186956972360611,-0.109748147893675,0.015));
#3166=CARTESIAN_POINT('',(-0.186956972360611,-0.109748147893675,0.01));
#3167=CARTESIAN_POINT('',(-0.186956972360611,-0.107748147893675,0.01));
#3168=CARTESIAN_POINT('',(-0.186956972360611,-0.0960912936441823,0.015));
#3169=CARTESIAN_POINT('',(-0.186956972360611,-0.0960912936441823,0.015));
#3170=CARTESIAN_POINT('',(-0.186956972360611,-0.0960912936441824,0.02));
#3171=CARTESIAN_POINT('',(-0.186956972360611,-0.0960912936441823,0.01));
#3172=CARTESIAN_POINT('',(-0.186956972360611,-0.0980912936441823,0.01));
#3173=CARTESIAN_POINT('',(-0.186956972360611,-0.107748147893675,0.01));
#3174=CARTESIAN_POINT('',(-0.186956972360611,-0.109748147893675,0.01));
#3175=CARTESIAN_POINT('',(-0.186956972360611,-0.109748147893675,0.015));
#3176=CARTESIAN_POINT('',(-0.186956972360611,-0.109748147893675,0.02));
#3177=CARTESIAN_POINT('',(-0.186956972360611,-0.106748147893675,0.02));
#3178=CARTESIAN_POINT('',(-0.186956972360611,-0.106748147893675,0.023));
#3179=CARTESIAN_POINT('',(-0.186956972360611,-0.102919720768928,0.023));
#3180=CARTESIAN_POINT('',(-0.186956972360611,-0.0990912936441823,0.023));
#3181=CARTESIAN_POINT('',(-0.186956972360611,-0.0990912936441823,0.02));
#3182=CARTESIAN_POINT('',(-0.219456972360611,-0.102419720768928,0.0525));
#3183=CARTESIAN_POINT('',(-0.219456972360611,-0.102419720768928,0.0525));
#3184=CARTESIAN_POINT('',(-0.219456972360611,-0.102419720768928,0.0525));
#3185=CARTESIAN_POINT('',(-0.219456972360611,-0.102419720768928,0.0515));
#3186=CARTESIAN_POINT('',(-0.184406972360611,-0.102419720768928,0.0515));
#3187=CARTESIAN_POINT('',(-0.219456972360611,-0.102419720768928,0.0525));
#3188=CARTESIAN_POINT('',(-0.184406972360611,-0.102419720768928,0.0525));
#3189=CARTESIAN_POINT('',(-0.219456972360611,-0.102419720768928,0.0525));
#3190=CARTESIAN_POINT('',(-0.25980540702177,-0.0986111194118131,0.0525));
#3191=CARTESIAN_POINT('',(-0.262867785307926,-0.0988025180546978,0.0525));
#3192=CARTESIAN_POINT('',(-0.262743028735615,-0.100798623211664,0.0525));
#3193=CARTESIAN_POINT('',(-0.264743028735616,-0.100798623211664,0.0525));
#3194=CARTESIAN_POINT('',(-0.264743028735616,-0.102419720768928,0.0525));
#3195=CARTESIAN_POINT('',(-0.264743028735616,-0.104040818326193,0.0525));
#3196=CARTESIAN_POINT('',(-0.262743028735615,-0.104040818326193,0.0525));
#3197=CARTESIAN_POINT('',(-0.262867785307926,-0.106036923483159,0.0525));
#3198=CARTESIAN_POINT('',(-0.25980540702177,-0.106228322126044,0.0525));
#3199=CARTESIAN_POINT('',(-0.260743028735615,-0.102419720768928,0.0525));
#3200=CARTESIAN_POINT('',(-0.257493028735615,-0.102419720768928,0.0525));
#3201=CARTESIAN_POINT('',(-0.219456972360611,-0.102419720768928,0.0515));
#3202=CARTESIAN_POINT('',(-0.219456972360611,-0.102419720768928,0.0515));
#3203=CARTESIAN_POINT('',(-0.194506972360611,-0.102419720768928,0.0515));
#3204=CARTESIAN_POINT('',(-0.219456972360611,-0.102419720768928,0.0525));
#3205=CARTESIAN_POINT('',(-0.219456972360611,-0.102419720768928,0.0525));
#3206=CARTESIAN_POINT('',(-0.194506972360611,-0.102419720768928,0.0525));
#3207=CARTESIAN_POINT('',(-0.219456972360611,-0.102419720768928,0.0525));
#3208=CARTESIAN_POINT('',(-0.203956972360611,-0.117919720768928,0.0525));
#3209=CARTESIAN_POINT('',(-0.200956972360611,-0.117919720768928,0.0525));
#3210=CARTESIAN_POINT('',(-0.234956972360611,-0.117919720768928,0.0525));
#3211=CARTESIAN_POINT('',(-0.231956972360611,-0.117919720768928,0.0525));
#3212=CARTESIAN_POINT('',(-0.234956972360611,-0.0869197207689285,0.0525));
#3213=CARTESIAN_POINT('',(-0.231956972360611,-0.0869197207689285,0.0525));
#3214=CARTESIAN_POINT('',(-0.203956972360611,-0.0869197207689285,0.0525));
#3215=CARTESIAN_POINT('',(-0.200956972360611,-0.0869197207689285,0.0525));
#3216=CARTESIAN_POINT('',(-0.219456972360611,-0.102419720768928,0.0445));
#3217=CARTESIAN_POINT('',(-0.25980540702177,-0.0986111194118131,0.0485));
#3218=CARTESIAN_POINT('',(-0.25980540702177,-0.0986111194118131,0.0485));
#3219=CARTESIAN_POINT('',(-0.262867785307926,-0.0988025180546978,0.0485));
#3220=CARTESIAN_POINT('',(-0.262867785307926,-0.0988025180546978,0.0485));
#3221=CARTESIAN_POINT('',(-0.262743028735615,-0.100798623211664,0.0485));
#3222=CARTESIAN_POINT('',(-0.262743028735615,-0.100798623211664,0.0485));
#3223=CARTESIAN_POINT('',(-0.264743028735616,-0.100798623211664,0.0485));
#3224=CARTESIAN_POINT('',(-0.264743028735616,-0.100798623211664,0.0485));
#3225=CARTESIAN_POINT('',(-0.264743028735616,-0.102419720768928,0.0485));
#3226=CARTESIAN_POINT('',(-0.264743028735616,-0.102419720768928,0.0485));
#3227=CARTESIAN_POINT('',(-0.264743028735616,-0.104040818326193,0.0485));
#3228=CARTESIAN_POINT('',(-0.264743028735616,-0.104040818326193,0.0485));
#3229=CARTESIAN_POINT('',(-0.262743028735615,-0.104040818326193,0.0485));
#3230=CARTESIAN_POINT('',(-0.262743028735615,-0.104040818326193,0.0485));
#3231=CARTESIAN_POINT('',(-0.262867785307926,-0.106036923483159,0.0485));
#3232=CARTESIAN_POINT('',(-0.262867785307926,-0.106036923483159,0.0485));
#3233=CARTESIAN_POINT('',(-0.25980540702177,-0.106228322126044,0.0485));
#3234=CARTESIAN_POINT('',(-0.25980540702177,-0.106228322126044,0.0485));
#3235=CARTESIAN_POINT('',(-0.229625000548113,-0.102419720768928,0.0485));
#3236=CARTESIAN_POINT('',(-0.260743028735615,-0.102419720768928,0.051));
#3237=CARTESIAN_POINT('',(-0.260743028735615,-0.102419720768928,0.051));
#3238=CARTESIAN_POINT('',(-0.257493028735615,-0.102419720768928,0.051));
#3239=CARTESIAN_POINT('',(-0.229625000548113,-0.102419720768928,0.051));
#3240=CARTESIAN_POINT('',(-0.219456972360611,-0.104919720768928,0.013));
#3241=CARTESIAN_POINT('',(-0.210456972360611,-0.104919720768928,0.0065));
#3242=CARTESIAN_POINT('',(-0.228456972360611,-0.104919720768928,0.0065));
#3243=CARTESIAN_POINT('',(-0.228956972360611,-0.0999197207689285,0.032));
#3244=CARTESIAN_POINT('',(-0.228956972360611,-0.0999197207689285,0.035));
#3245=CARTESIAN_POINT('',(-0.231956972360611,-0.0999197207689285,0.032));
#3246=CARTESIAN_POINT('',(-0.231956972360611,-0.0999197207689285,0.016));
#3247=CARTESIAN_POINT('',(-0.206956972360611,-0.0999197207689285,0.016));
#3248=CARTESIAN_POINT('',(-0.206956972360611,-0.0999197207689285,0.032));
#3249=CARTESIAN_POINT('',(-0.209956972360611,-0.0999197207689285,0.032));
#3250=CARTESIAN_POINT('',(-0.209956972360611,-0.0999197207689285,0.035));
#3251=CARTESIAN_POINT('',(-0.219456972360611,-0.0999197207689285,0.035));
#3252=CARTESIAN_POINT('',(-0.203956972360611,-0.0869197207689285,0.0485));
#3253=CARTESIAN_POINT('',(-0.203956972360611,-0.0869197207689285,0.0485));
#3254=CARTESIAN_POINT('',(-0.200956972360611,-0.0869197207689285,0.0485));
#3255=CARTESIAN_POINT('',(-0.219456972360611,-0.102419720768928,0.0485));
#3256=CARTESIAN_POINT('',(-0.234956972360611,-0.117919720768928,0.0485));
#3257=CARTESIAN_POINT('',(-0.234956972360611,-0.117919720768928,0.0485));
#3258=CARTESIAN_POINT('',(-0.231956972360611,-0.117919720768928,0.0485));
#3259=CARTESIAN_POINT('',(-0.219456972360611,-0.102419720768928,0.0485));
#3260=CARTESIAN_POINT('',(-0.234956972360611,-0.0869197207689285,0.0485));
#3261=CARTESIAN_POINT('',(-0.234956972360611,-0.0869197207689285,0.0485));
#3262=CARTESIAN_POINT('',(-0.231956972360611,-0.0869197207689285,0.0485));
#3263=CARTESIAN_POINT('',(-0.219456972360611,-0.102419720768928,0.0485));
#3264=CARTESIAN_POINT('',(-0.203956972360611,-0.117919720768928,0.0485));
#3265=CARTESIAN_POINT('',(-0.203956972360611,-0.117919720768928,0.0485));
#3266=CARTESIAN_POINT('',(-0.200956972360611,-0.117919720768928,0.0485));
#3267=CARTESIAN_POINT('',(-0.219456972360611,-0.102419720768928,0.0485));
#3268=MECHANICAL_DESIGN_GEOMETRIC_PRESENTATION_REPRESENTATION('',(#1899),
#3269);
#3269=(
GEOMETRIC_REPRESENTATION_CONTEXT(3)
GLOBAL_UNCERTAINTY_ASSIGNED_CONTEXT((#3270))
GLOBAL_UNIT_ASSIGNED_CONTEXT((#3273,#3272,#3271))
REPRESENTATION_CONTEXT('Nema17 stepper housing',
'TOP_LEVEL_ASSEMBLY_PART')
);
#3270=UNCERTAINTY_MEASURE_WITH_UNIT(LENGTH_MEASURE(2.E-5),#3273,
'DISTANCE_ACCURACY_VALUE','Maximum Tolerance applied to model');
#3271=(
NAMED_UNIT(*)
SI_UNIT($,.STERADIAN.)
SOLID_ANGLE_UNIT()
);
#3272=(
NAMED_UNIT(*)
PLANE_ANGLE_UNIT()
SI_UNIT($,.RADIAN.)
);
#3273=(
LENGTH_UNIT()
NAMED_UNIT(*)
SI_UNIT($,.METRE.)
);
#3274=PRODUCT_DEFINITION_SHAPE('','',#3275);
#3275=PRODUCT_DEFINITION('','',#3277,#3276);
#3276=PRODUCT_DEFINITION_CONTEXT('',#3283,'design');
#3277=PRODUCT_DEFINITION_FORMATION_WITH_SPECIFIED_SOURCE('','',#3279,
 .NOT_KNOWN.);
#3278=PRODUCT_RELATED_PRODUCT_CATEGORY('','',(#3279));
#3279=PRODUCT('Nema17 stepper housing','Nema17 stepper housing',
'Nema17 stepper housing',(#3281));
#3280=PRODUCT_CATEGORY('','');
#3281=PRODUCT_CONTEXT('',#3283,'mechanical');
#3282=APPLICATION_PROTOCOL_DEFINITION('international standard',
'ap242_managed_model_based_3d_engineering',2020,#3283);
#3283=APPLICATION_CONTEXT('managed model based 3d engineering');
ENDSEC;
END-ISO-10303-21;
