ISO-10303-21;
HEADER;
/* Generated by software containing ST-Developer
 * from STEP Tools, Inc. (www.steptools.com) 
 */
/* OPTION: using custom renumber hook */

FILE_DESCRIPTION(
/* description */ ('STEP AP242 Edition 2',
'CAx-IF Rec.Pracs.---Representation and Presentation of Product Manufa
cturing Information (PMI)---4.0---2014-10-13',
'CAx-IF Rec.Pracs.---3D Tessellated Geometry---0.4---2014-09-14','2;1',
'CAx-IF Rec.Pracs.---User Defined Attributes---1.5---2016-08-15'),
/* implementation_level */ '2;1');

FILE_NAME(
/* name */ 'Part Studio 1 - stepper housing',
/* time_stamp */ '2026-09-23T17:23:47Z',
/* author */ (''),
/* organization */ (''),
/* preprocessor_version */ 'ST-DEVELOPER v20',
/* originating_system */ 'ONSHAPE BY PTC INC, 1.221',
/* authorisation */ '  ');

FILE_SCHEMA (('AP242_MANAGED_MODEL_BASED_3D_ENGINEERING_MIM_LF { 1 0 10303 442 3 1 4 }'));
ENDSEC;

DATA;
#10=SHAPE_REPRESENTATION_RELATIONSHIP('','',#3005,#11);
#11=ADVANCED_BREP_SHAPE_REPRESENTATION('',(#3003),#5052);
#12=CONICAL_SURFACE('',#3247,0.00141421356237309,0.785398163397448);
#13=CONICAL_SURFACE('',#3249,0.00141421356237309,0.785398163397445);
#14=CONICAL_SURFACE('',#3254,0.00141421356237309,0.785398163397446);
#15=CONICAL_SURFACE('',#3256,0.00141421356237309,0.785398163397444);
#16=CIRCLE('',#3010,0.000424264068711933);
#17=CIRCLE('',#3013,0.000424264068711931);
#18=CIRCLE('',#3016,0.000424264068711933);
#19=CIRCLE('',#3019,0.00042426406871193);
#20=CIRCLE('',#3021,0.001);
#21=CIRCLE('',#3022,0.0022142135623731);
#22=CIRCLE('',#3024,0.00221421356237308);
#23=CIRCLE('',#3025,0.000459619407771255);
#24=CIRCLE('',#3026,0.00100000000000001);
#25=CIRCLE('',#3028,0.00221421356237308);
#26=CIRCLE('',#3030,0.00141421356237309);
#27=CIRCLE('',#3031,0.00141421356237309);
#28=CIRCLE('',#3033,0.00141421356237309);
#29=CIRCLE('',#3034,0.00141421356237309);
#30=CIRCLE('',#3036,0.00141421356237309);
#31=CIRCLE('',#3037,0.00141421356237309);
#32=CIRCLE('',#3039,0.00141421356237309);
#33=CIRCLE('',#3040,0.00141421356237309);
#34=CIRCLE('',#3043,0.000459619407771255);
#35=CIRCLE('',#3046,0.000459619407771255);
#36=CIRCLE('',#3057,0.00221421356237308);
#37=CIRCLE('',#3059,0.001);
#38=CIRCLE('',#3061,0.001);
#39=CIRCLE('',#3062,0.001);
#40=CIRCLE('',#3063,0.001);
#41=CIRCLE('',#3074,0.00100000000000001);
#42=CIRCLE('',#3076,0.00100000000000001);
#43=CIRCLE('',#3077,0.00100000000000001);
#44=CIRCLE('',#3078,0.00100000000000001);
#45=CIRCLE('',#3080,0.003);
#46=CIRCLE('',#3082,0.003);
#47=CIRCLE('',#3084,0.02675);
#48=CIRCLE('',#3086,0.001);
#49=CIRCLE('',#3087,0.02675);
#50=CIRCLE('',#3089,0.001);
#51=CIRCLE('',#3090,0.02675);
#52=CIRCLE('',#3102,0.001);
#53=CIRCLE('',#3104,0.001);
#54=CIRCLE('',#3105,0.001);
#55=CIRCLE('',#3106,0.001);
#56=CIRCLE('',#3109,0.001);
#57=CIRCLE('',#3110,0.001);
#58=CIRCLE('',#3111,0.001);
#59=CIRCLE('',#3114,0.00100000000000001);
#60=CIRCLE('',#3116,0.02675);
#61=CIRCLE('',#3118,0.02675);
#62=CIRCLE('',#3120,0.02675);
#63=CIRCLE('',#3122,0.02675);
#64=CIRCLE('',#3124,0.02675);
#65=CIRCLE('',#3126,0.00175);
#66=CIRCLE('',#3127,0.00175);
#67=CIRCLE('',#3128,0.003);
#68=CIRCLE('',#3129,0.003);
#69=CIRCLE('',#3130,0.01528);
#70=CIRCLE('',#3131,0.003);
#71=CIRCLE('',#3132,0.01528);
#72=CIRCLE('',#3133,0.003);
#73=CIRCLE('',#3134,0.01528);
#74=CIRCLE('',#3136,0.0017);
#75=CIRCLE('',#3137,0.0017);
#76=CIRCLE('',#3139,0.0017);
#77=CIRCLE('',#3140,0.0017);
#78=CIRCLE('',#3142,0.0017);
#79=CIRCLE('',#3143,0.0017);
#80=CIRCLE('',#3145,0.0017);
#81=CIRCLE('',#3146,0.0017);
#82=CIRCLE('',#3148,0.0017);
#83=CIRCLE('',#3149,0.0017);
#84=CIRCLE('',#3151,0.0017);
#85=CIRCLE('',#3152,0.0017);
#86=CIRCLE('',#3154,0.02675);
#87=CIRCLE('',#3156,0.00175);
#88=CIRCLE('',#3158,0.00175);
#89=CIRCLE('',#3160,0.00175);
#90=CIRCLE('',#3161,0.00175);
#91=CIRCLE('',#3163,0.00175);
#92=CIRCLE('',#3164,0.00175);
#93=CIRCLE('',#3166,0.003);
#94=CIRCLE('',#3167,0.01528);
#95=CIRCLE('',#3168,0.003);
#96=CIRCLE('',#3169,0.01528);
#97=CIRCLE('',#3170,0.003);
#98=CIRCLE('',#3171,0.01528);
#99=CIRCLE('',#3172,0.003);
#100=CIRCLE('',#3174,0.003);
#101=CIRCLE('',#3175,0.003);
#102=CIRCLE('',#3176,0.003);
#103=CIRCLE('',#3177,0.003);
#104=CIRCLE('',#3178,0.0028);
#105=CIRCLE('',#3180,0.01528);
#106=CIRCLE('',#3182,0.01528);
#107=CIRCLE('',#3184,0.01528);
#108=CIRCLE('',#3186,0.01528);
#109=CIRCLE('',#3188,0.01528);
#110=CIRCLE('',#3190,0.01528);
#111=CIRCLE('',#3192,0.0028);
#112=CIRCLE('',#3193,0.003);
#113=CIRCLE('',#3194,0.003);
#114=CIRCLE('',#3195,0.003);
#115=CIRCLE('',#3196,0.003);
#116=CIRCLE('',#3197,0.003);
#117=CIRCLE('',#3198,0.003);
#118=CIRCLE('',#3201,0.003);
#119=CIRCLE('',#3202,0.003);
#120=CIRCLE('',#3204,0.003);
#121=CIRCLE('',#3206,0.003);
#122=CIRCLE('',#3207,0.003);
#123=CIRCLE('',#3209,0.003);
#124=CIRCLE('',#3211,0.003);
#125=CIRCLE('',#3212,0.003);
#126=CIRCLE('',#3214,0.003);
#127=CIRCLE('',#3216,0.003);
#128=CIRCLE('',#3217,0.003);
#129=CIRCLE('',#3219,0.003);
#130=CIRCLE('',#3221,0.003);
#131=CIRCLE('',#3224,0.003);
#132=CIRCLE('',#3227,0.003);
#133=CIRCLE('',#3230,0.003);
#134=CIRCLE('',#3233,0.003);
#135=CIRCLE('',#3236,0.003);
#136=CIRCLE('',#3264,0.00185);
#137=CIRCLE('',#3267,0.00185);
#138=CIRCLE('',#3271,0.00185);
#139=CIRCLE('',#3274,0.00185);
#140=CIRCLE('',#3296,0.002);
#141=CIRCLE('',#3297,0.002);
#142=CIRCLE('',#3300,0.002);
#143=CIRCLE('',#3301,0.002);
#144=CIRCLE('',#3302,0.002);
#145=ELLIPSE('',#3009,0.000600000000000008,0.000424264068711933);
#146=ELLIPSE('',#3012,0.0006,0.000424264068711931);
#147=ELLIPSE('',#3015,0.000600000000000008,0.000424264068711933);
#148=ELLIPSE('',#3018,0.0006,0.00042426406871193);
#149=ELLIPSE('',#3042,0.00065,0.000459619407771255);
#150=ELLIPSE('',#3045,0.00065,0.000459619407771255);
#151=ELLIPSE('',#3101,0.00141421356237311,0.001);
#152=CYLINDRICAL_SURFACE('',#3008,0.000424264068711933);
#153=CYLINDRICAL_SURFACE('',#3011,0.000424264068711931);
#154=CYLINDRICAL_SURFACE('',#3014,0.000424264068711933);
#155=CYLINDRICAL_SURFACE('',#3017,0.00042426406871193);
#156=CYLINDRICAL_SURFACE('',#3029,0.00141421356237309);
#157=CYLINDRICAL_SURFACE('',#3032,0.00141421356237309);
#158=CYLINDRICAL_SURFACE('',#3035,0.00141421356237309);
#159=CYLINDRICAL_SURFACE('',#3038,0.00141421356237309);
#160=CYLINDRICAL_SURFACE('',#3041,0.000459619407771255);
#161=CYLINDRICAL_SURFACE('',#3044,0.000459619407771255);
#162=CYLINDRICAL_SURFACE('',#3060,0.001);
#163=CYLINDRICAL_SURFACE('',#3075,0.00100000000000001);
#164=CYLINDRICAL_SURFACE('',#3100,0.001);
#165=CYLINDRICAL_SURFACE('',#3103,0.001);
#166=CYLINDRICAL_SURFACE('',#3108,0.001);
#167=CYLINDRICAL_SURFACE('',#3113,0.00100000000000001);
#168=CYLINDRICAL_SURFACE('',#3135,0.0017);
#169=CYLINDRICAL_SURFACE('',#3138,0.0017);
#170=CYLINDRICAL_SURFACE('',#3141,0.0017);
#171=CYLINDRICAL_SURFACE('',#3144,0.0017);
#172=CYLINDRICAL_SURFACE('',#3147,0.0017);
#173=CYLINDRICAL_SURFACE('',#3150,0.0017);
#174=CYLINDRICAL_SURFACE('',#3153,0.02675);
#175=CYLINDRICAL_SURFACE('',#3155,0.00175);
#176=CYLINDRICAL_SURFACE('',#3157,0.00175);
#177=CYLINDRICAL_SURFACE('',#3159,0.00175);
#178=CYLINDRICAL_SURFACE('',#3162,0.00175);
#179=CYLINDRICAL_SURFACE('',#3179,0.01528);
#180=CYLINDRICAL_SURFACE('',#3181,0.01528);
#181=CYLINDRICAL_SURFACE('',#3183,0.01528);
#182=CYLINDRICAL_SURFACE('',#3185,0.01528);
#183=CYLINDRICAL_SURFACE('',#3187,0.01528);
#184=CYLINDRICAL_SURFACE('',#3189,0.01528);
#185=CYLINDRICAL_SURFACE('',#3199,0.0028);
#186=CYLINDRICAL_SURFACE('',#3200,0.003);
#187=CYLINDRICAL_SURFACE('',#3205,0.003);
#188=CYLINDRICAL_SURFACE('',#3210,0.003);
#189=CYLINDRICAL_SURFACE('',#3215,0.003);
#190=CYLINDRICAL_SURFACE('',#3222,0.003);
#191=CYLINDRICAL_SURFACE('',#3225,0.003);
#192=CYLINDRICAL_SURFACE('',#3228,0.003);
#193=CYLINDRICAL_SURFACE('',#3231,0.003);
#194=CYLINDRICAL_SURFACE('',#3232,0.003);
#195=CYLINDRICAL_SURFACE('',#3235,0.003);
#196=CYLINDRICAL_SURFACE('',#3293,0.00185);
#197=CYLINDRICAL_SURFACE('',#3294,0.00185);
#198=CYLINDRICAL_SURFACE('',#3295,0.002);
#199=CYLINDRICAL_SURFACE('',#3299,0.002);
#200=ORIENTED_EDGE('',*,*,#1026,.T.);
#201=ORIENTED_EDGE('',*,*,#1027,.T.);
#202=ORIENTED_EDGE('',*,*,#1028,.F.);
#203=ORIENTED_EDGE('',*,*,#1029,.T.);
#204=ORIENTED_EDGE('',*,*,#1030,.T.);
#205=ORIENTED_EDGE('',*,*,#1031,.T.);
#206=ORIENTED_EDGE('',*,*,#1032,.F.);
#207=ORIENTED_EDGE('',*,*,#1033,.F.);
#208=ORIENTED_EDGE('',*,*,#1034,.T.);
#209=ORIENTED_EDGE('',*,*,#1035,.T.);
#210=ORIENTED_EDGE('',*,*,#1036,.F.);
#211=ORIENTED_EDGE('',*,*,#1037,.T.);
#212=ORIENTED_EDGE('',*,*,#1038,.F.);
#213=ORIENTED_EDGE('',*,*,#1039,.T.);
#214=ORIENTED_EDGE('',*,*,#1040,.F.);
#215=ORIENTED_EDGE('',*,*,#1041,.T.);
#216=ORIENTED_EDGE('',*,*,#1042,.F.);
#217=ORIENTED_EDGE('',*,*,#1043,.T.);
#218=ORIENTED_EDGE('',*,*,#1044,.F.);
#219=ORIENTED_EDGE('',*,*,#1045,.T.);
#220=ORIENTED_EDGE('',*,*,#1046,.F.);
#221=ORIENTED_EDGE('',*,*,#1047,.T.);
#222=ORIENTED_EDGE('',*,*,#1048,.F.);
#223=ORIENTED_EDGE('',*,*,#1049,.T.);
#224=ORIENTED_EDGE('',*,*,#1050,.F.);
#225=ORIENTED_EDGE('',*,*,#1051,.T.);
#226=ORIENTED_EDGE('',*,*,#1052,.F.);
#227=ORIENTED_EDGE('',*,*,#1053,.T.);
#228=ORIENTED_EDGE('',*,*,#1054,.F.);
#229=ORIENTED_EDGE('',*,*,#1055,.T.);
#230=ORIENTED_EDGE('',*,*,#1056,.T.);
#231=ORIENTED_EDGE('',*,*,#1057,.T.);
#232=ORIENTED_EDGE('',*,*,#1058,.F.);
#233=ORIENTED_EDGE('',*,*,#1059,.F.);
#234=ORIENTED_EDGE('',*,*,#1060,.T.);
#235=ORIENTED_EDGE('',*,*,#1061,.T.);
#236=ORIENTED_EDGE('',*,*,#1062,.T.);
#237=ORIENTED_EDGE('',*,*,#1063,.T.);
#238=ORIENTED_EDGE('',*,*,#1064,.T.);
#239=ORIENTED_EDGE('',*,*,#1065,.T.);
#240=ORIENTED_EDGE('',*,*,#1066,.T.);
#241=ORIENTED_EDGE('',*,*,#1067,.T.);
#242=ORIENTED_EDGE('',*,*,#1068,.T.);
#243=ORIENTED_EDGE('',*,*,#1069,.F.);
#244=ORIENTED_EDGE('',*,*,#1070,.F.);
#245=ORIENTED_EDGE('',*,*,#1071,.F.);
#246=ORIENTED_EDGE('',*,*,#1072,.F.);
#247=ORIENTED_EDGE('',*,*,#1073,.T.);
#248=ORIENTED_EDGE('',*,*,#1074,.T.);
#249=ORIENTED_EDGE('',*,*,#1075,.T.);
#250=ORIENTED_EDGE('',*,*,#1076,.T.);
#251=ORIENTED_EDGE('',*,*,#1077,.T.);
#252=ORIENTED_EDGE('',*,*,#1078,.T.);
#253=ORIENTED_EDGE('',*,*,#1079,.T.);
#254=ORIENTED_EDGE('',*,*,#1080,.F.);
#255=ORIENTED_EDGE('',*,*,#1081,.T.);
#256=ORIENTED_EDGE('',*,*,#1082,.F.);
#257=ORIENTED_EDGE('',*,*,#1083,.T.);
#258=ORIENTED_EDGE('',*,*,#1084,.F.);
#259=ORIENTED_EDGE('',*,*,#1085,.T.);
#260=ORIENTED_EDGE('',*,*,#1086,.F.);
#261=ORIENTED_EDGE('',*,*,#1087,.T.);
#262=ORIENTED_EDGE('',*,*,#1088,.F.);
#263=ORIENTED_EDGE('',*,*,#1089,.T.);
#264=ORIENTED_EDGE('',*,*,#1090,.F.);
#265=ORIENTED_EDGE('',*,*,#1091,.T.);
#266=ORIENTED_EDGE('',*,*,#1092,.F.);
#267=ORIENTED_EDGE('',*,*,#1093,.T.);
#268=ORIENTED_EDGE('',*,*,#1094,.F.);
#269=ORIENTED_EDGE('',*,*,#1095,.T.);
#270=ORIENTED_EDGE('',*,*,#1069,.T.);
#271=ORIENTED_EDGE('',*,*,#1096,.T.);
#272=ORIENTED_EDGE('',*,*,#1097,.F.);
#273=ORIENTED_EDGE('',*,*,#1098,.T.);
#274=ORIENTED_EDGE('',*,*,#1099,.F.);
#275=ORIENTED_EDGE('',*,*,#1100,.F.);
#276=ORIENTED_EDGE('',*,*,#1101,.T.);
#277=ORIENTED_EDGE('',*,*,#1030,.F.);
#278=ORIENTED_EDGE('',*,*,#1102,.T.);
#279=ORIENTED_EDGE('',*,*,#1103,.F.);
#280=ORIENTED_EDGE('',*,*,#1052,.T.);
#281=ORIENTED_EDGE('',*,*,#1104,.T.);
#282=ORIENTED_EDGE('',*,*,#1105,.T.);
#283=ORIENTED_EDGE('',*,*,#1106,.F.);
#284=ORIENTED_EDGE('',*,*,#1048,.T.);
#285=ORIENTED_EDGE('',*,*,#1107,.T.);
#286=ORIENTED_EDGE('',*,*,#1108,.T.);
#287=ORIENTED_EDGE('',*,*,#1050,.T.);
#288=ORIENTED_EDGE('',*,*,#1109,.F.);
#289=ORIENTED_EDGE('',*,*,#1110,.T.);
#290=ORIENTED_EDGE('',*,*,#1111,.T.);
#291=ORIENTED_EDGE('',*,*,#1112,.T.);
#292=ORIENTED_EDGE('',*,*,#1082,.T.);
#293=ORIENTED_EDGE('',*,*,#1113,.T.);
#294=ORIENTED_EDGE('',*,*,#1109,.T.);
#295=ORIENTED_EDGE('',*,*,#1114,.T.);
#296=ORIENTED_EDGE('',*,*,#1086,.T.);
#297=ORIENTED_EDGE('',*,*,#1115,.T.);
#298=ORIENTED_EDGE('',*,*,#1080,.T.);
#299=ORIENTED_EDGE('',*,*,#1116,.F.);
#300=ORIENTED_EDGE('',*,*,#1117,.F.);
#301=ORIENTED_EDGE('',*,*,#1118,.T.);
#302=ORIENTED_EDGE('',*,*,#1084,.T.);
#303=ORIENTED_EDGE('',*,*,#1119,.F.);
#304=ORIENTED_EDGE('',*,*,#1120,.F.);
#305=ORIENTED_EDGE('',*,*,#1121,.T.);
#306=ORIENTED_EDGE('',*,*,#1117,.T.);
#307=ORIENTED_EDGE('',*,*,#1122,.T.);
#308=ORIENTED_EDGE('',*,*,#1123,.F.);
#309=ORIENTED_EDGE('',*,*,#1124,.T.);
#310=ORIENTED_EDGE('',*,*,#1120,.T.);
#311=ORIENTED_EDGE('',*,*,#1125,.T.);
#312=ORIENTED_EDGE('',*,*,#1105,.F.);
#313=ORIENTED_EDGE('',*,*,#1126,.T.);
#314=ORIENTED_EDGE('',*,*,#1123,.T.);
#315=ORIENTED_EDGE('',*,*,#1127,.F.);
#316=ORIENTED_EDGE('',*,*,#1128,.F.);
#317=ORIENTED_EDGE('',*,*,#1129,.T.);
#318=ORIENTED_EDGE('',*,*,#1130,.T.);
#319=ORIENTED_EDGE('',*,*,#1131,.T.);
#320=ORIENTED_EDGE('',*,*,#1132,.T.);
#321=ORIENTED_EDGE('',*,*,#1133,.T.);
#322=ORIENTED_EDGE('',*,*,#1053,.F.);
#323=ORIENTED_EDGE('',*,*,#1103,.T.);
#324=ORIENTED_EDGE('',*,*,#1127,.T.);
#325=ORIENTED_EDGE('',*,*,#1125,.F.);
#326=ORIENTED_EDGE('',*,*,#1122,.F.);
#327=ORIENTED_EDGE('',*,*,#1119,.T.);
#328=ORIENTED_EDGE('',*,*,#1087,.F.);
#329=ORIENTED_EDGE('',*,*,#1116,.T.);
#330=ORIENTED_EDGE('',*,*,#1083,.F.);
#331=ORIENTED_EDGE('',*,*,#1114,.F.);
#332=ORIENTED_EDGE('',*,*,#1112,.F.);
#333=ORIENTED_EDGE('',*,*,#1134,.T.);
#334=ORIENTED_EDGE('',*,*,#1102,.F.);
#335=ORIENTED_EDGE('',*,*,#1029,.F.);
#336=ORIENTED_EDGE('',*,*,#1135,.T.);
#337=ORIENTED_EDGE('',*,*,#1136,.T.);
#338=ORIENTED_EDGE('',*,*,#1049,.F.);
#339=ORIENTED_EDGE('',*,*,#1106,.T.);
#340=ORIENTED_EDGE('',*,*,#1135,.F.);
#341=ORIENTED_EDGE('',*,*,#1028,.T.);
#342=ORIENTED_EDGE('',*,*,#1137,.F.);
#343=ORIENTED_EDGE('',*,*,#1138,.F.);
#344=ORIENTED_EDGE('',*,*,#1139,.F.);
#345=ORIENTED_EDGE('',*,*,#1140,.F.);
#346=ORIENTED_EDGE('',*,*,#1141,.T.);
#347=ORIENTED_EDGE('',*,*,#1040,.T.);
#348=ORIENTED_EDGE('',*,*,#1142,.T.);
#349=ORIENTED_EDGE('',*,*,#1042,.T.);
#350=ORIENTED_EDGE('',*,*,#1143,.T.);
#351=ORIENTED_EDGE('',*,*,#1038,.T.);
#352=ORIENTED_EDGE('',*,*,#1144,.F.);
#353=ORIENTED_EDGE('',*,*,#1145,.F.);
#354=ORIENTED_EDGE('',*,*,#1146,.T.);
#355=ORIENTED_EDGE('',*,*,#1147,.F.);
#356=ORIENTED_EDGE('',*,*,#1148,.T.);
#357=ORIENTED_EDGE('',*,*,#1145,.T.);
#358=ORIENTED_EDGE('',*,*,#1149,.T.);
#359=ORIENTED_EDGE('',*,*,#1150,.F.);
#360=ORIENTED_EDGE('',*,*,#1151,.T.);
#361=ORIENTED_EDGE('',*,*,#1147,.T.);
#362=ORIENTED_EDGE('',*,*,#1152,.T.);
#363=ORIENTED_EDGE('',*,*,#1153,.F.);
#364=ORIENTED_EDGE('',*,*,#1154,.T.);
#365=ORIENTED_EDGE('',*,*,#1150,.T.);
#366=ORIENTED_EDGE('',*,*,#1155,.F.);
#367=ORIENTED_EDGE('',*,*,#1090,.T.);
#368=ORIENTED_EDGE('',*,*,#1156,.T.);
#369=ORIENTED_EDGE('',*,*,#1153,.T.);
#370=ORIENTED_EDGE('',*,*,#1157,.T.);
#371=ORIENTED_EDGE('',*,*,#1094,.T.);
#372=ORIENTED_EDGE('',*,*,#1158,.T.);
#373=ORIENTED_EDGE('',*,*,#1088,.T.);
#374=ORIENTED_EDGE('',*,*,#1159,.T.);
#375=ORIENTED_EDGE('',*,*,#1160,.F.);
#376=ORIENTED_EDGE('',*,*,#1161,.T.);
#377=ORIENTED_EDGE('',*,*,#1092,.T.);
#378=ORIENTED_EDGE('',*,*,#1162,.F.);
#379=ORIENTED_EDGE('',*,*,#1163,.F.);
#380=ORIENTED_EDGE('',*,*,#1164,.T.);
#381=ORIENTED_EDGE('',*,*,#1160,.T.);
#382=ORIENTED_EDGE('',*,*,#1165,.F.);
#383=ORIENTED_EDGE('',*,*,#1141,.F.);
#384=ORIENTED_EDGE('',*,*,#1045,.F.);
#385=ORIENTED_EDGE('',*,*,#1166,.T.);
#386=ORIENTED_EDGE('',*,*,#1167,.T.);
#387=ORIENTED_EDGE('',*,*,#1168,.T.);
#388=ORIENTED_EDGE('',*,*,#1098,.F.);
#389=ORIENTED_EDGE('',*,*,#1169,.T.);
#390=ORIENTED_EDGE('',*,*,#1165,.T.);
#391=ORIENTED_EDGE('',*,*,#1162,.T.);
#392=ORIENTED_EDGE('',*,*,#1095,.F.);
#393=ORIENTED_EDGE('',*,*,#1159,.F.);
#394=ORIENTED_EDGE('',*,*,#1091,.F.);
#395=ORIENTED_EDGE('',*,*,#1157,.F.);
#396=ORIENTED_EDGE('',*,*,#1155,.T.);
#397=ORIENTED_EDGE('',*,*,#1152,.F.);
#398=ORIENTED_EDGE('',*,*,#1149,.F.);
#399=ORIENTED_EDGE('',*,*,#1144,.T.);
#400=ORIENTED_EDGE('',*,*,#1041,.F.);
#401=ORIENTED_EDGE('',*,*,#1167,.F.);
#402=ORIENTED_EDGE('',*,*,#1170,.T.);
#403=ORIENTED_EDGE('',*,*,#1171,.F.);
#404=ORIENTED_EDGE('',*,*,#1172,.F.);
#405=ORIENTED_EDGE('',*,*,#1173,.F.);
#406=ORIENTED_EDGE('',*,*,#1174,.F.);
#407=ORIENTED_EDGE('',*,*,#1175,.F.);
#408=ORIENTED_EDGE('',*,*,#1176,.T.);
#409=ORIENTED_EDGE('',*,*,#1177,.F.);
#410=ORIENTED_EDGE('',*,*,#1178,.F.);
#411=ORIENTED_EDGE('',*,*,#1172,.T.);
#412=ORIENTED_EDGE('',*,*,#1179,.T.);
#413=ORIENTED_EDGE('',*,*,#1180,.T.);
#414=ORIENTED_EDGE('',*,*,#1181,.T.);
#415=ORIENTED_EDGE('',*,*,#1182,.T.);
#416=ORIENTED_EDGE('',*,*,#1183,.T.);
#417=ORIENTED_EDGE('',*,*,#1184,.F.);
#418=ORIENTED_EDGE('',*,*,#1185,.T.);
#419=ORIENTED_EDGE('',*,*,#1186,.T.);
#420=ORIENTED_EDGE('',*,*,#1187,.F.);
#421=ORIENTED_EDGE('',*,*,#1176,.F.);
#422=ORIENTED_EDGE('',*,*,#1188,.F.);
#423=ORIENTED_EDGE('',*,*,#1189,.T.);
#424=ORIENTED_EDGE('',*,*,#1190,.F.);
#425=ORIENTED_EDGE('',*,*,#1186,.F.);
#426=ORIENTED_EDGE('',*,*,#1191,.T.);
#427=ORIENTED_EDGE('',*,*,#1192,.T.);
#428=ORIENTED_EDGE('',*,*,#1193,.F.);
#429=ORIENTED_EDGE('',*,*,#1189,.F.);
#430=ORIENTED_EDGE('',*,*,#1194,.T.);
#431=ORIENTED_EDGE('',*,*,#1195,.T.);
#432=ORIENTED_EDGE('',*,*,#1192,.F.);
#433=ORIENTED_EDGE('',*,*,#1196,.F.);
#434=ORIENTED_EDGE('',*,*,#1197,.T.);
#435=ORIENTED_EDGE('',*,*,#1198,.T.);
#436=ORIENTED_EDGE('',*,*,#1178,.T.);
#437=ORIENTED_EDGE('',*,*,#1199,.T.);
#438=ORIENTED_EDGE('',*,*,#1197,.F.);
#439=ORIENTED_EDGE('',*,*,#1200,.F.);
#440=ORIENTED_EDGE('',*,*,#1201,.T.);
#441=ORIENTED_EDGE('',*,*,#1202,.T.);
#442=ORIENTED_EDGE('',*,*,#1203,.F.);
#443=ORIENTED_EDGE('',*,*,#1201,.F.);
#444=ORIENTED_EDGE('',*,*,#1204,.T.);
#445=ORIENTED_EDGE('',*,*,#1205,.T.);
#446=ORIENTED_EDGE('',*,*,#1202,.F.);
#447=ORIENTED_EDGE('',*,*,#1206,.F.);
#448=ORIENTED_EDGE('',*,*,#1207,.T.);
#449=ORIENTED_EDGE('',*,*,#1208,.T.);
#450=ORIENTED_EDGE('',*,*,#1207,.F.);
#451=ORIENTED_EDGE('',*,*,#1209,.F.);
#452=ORIENTED_EDGE('',*,*,#1184,.T.);
#453=ORIENTED_EDGE('',*,*,#1044,.T.);
#454=ORIENTED_EDGE('',*,*,#1210,.T.);
#455=ORIENTED_EDGE('',*,*,#1072,.T.);
#456=ORIENTED_EDGE('',*,*,#1211,.F.);
#457=ORIENTED_EDGE('',*,*,#1212,.T.);
#458=ORIENTED_EDGE('',*,*,#1213,.T.);
#459=ORIENTED_EDGE('',*,*,#1058,.T.);
#460=ORIENTED_EDGE('',*,*,#1214,.T.);
#461=ORIENTED_EDGE('',*,*,#1046,.T.);
#462=ORIENTED_EDGE('',*,*,#1136,.F.);
#463=ORIENTED_EDGE('',*,*,#1140,.T.);
#464=ORIENTED_EDGE('',*,*,#1215,.F.);
#465=ORIENTED_EDGE('',*,*,#1170,.F.);
#466=ORIENTED_EDGE('',*,*,#1166,.F.);
#467=ORIENTED_EDGE('',*,*,#1032,.T.);
#468=ORIENTED_EDGE('',*,*,#1216,.T.);
#469=ORIENTED_EDGE('',*,*,#1059,.T.);
#470=ORIENTED_EDGE('',*,*,#1213,.F.);
#471=ORIENTED_EDGE('',*,*,#1217,.T.);
#472=ORIENTED_EDGE('',*,*,#1218,.F.);
#473=ORIENTED_EDGE('',*,*,#1034,.F.);
#474=ORIENTED_EDGE('',*,*,#1219,.T.);
#475=ORIENTED_EDGE('',*,*,#1220,.T.);
#476=ORIENTED_EDGE('',*,*,#1221,.F.);
#477=ORIENTED_EDGE('',*,*,#1182,.F.);
#478=ORIENTED_EDGE('',*,*,#1222,.T.);
#479=ORIENTED_EDGE('',*,*,#1223,.T.);
#480=ORIENTED_EDGE('',*,*,#1220,.F.);
#481=ORIENTED_EDGE('',*,*,#1224,.F.);
#482=ORIENTED_EDGE('',*,*,#1225,.F.);
#483=ORIENTED_EDGE('',*,*,#1222,.F.);
#484=ORIENTED_EDGE('',*,*,#1226,.T.);
#485=ORIENTED_EDGE('',*,*,#1227,.T.);
#486=ORIENTED_EDGE('',*,*,#1228,.F.);
#487=ORIENTED_EDGE('',*,*,#1180,.F.);
#488=ORIENTED_EDGE('',*,*,#1070,.T.);
#489=ORIENTED_EDGE('',*,*,#1099,.T.);
#490=ORIENTED_EDGE('',*,*,#1168,.F.);
#491=ORIENTED_EDGE('',*,*,#1174,.T.);
#492=ORIENTED_EDGE('',*,*,#1229,.F.);
#493=ORIENTED_EDGE('',*,*,#1227,.F.);
#494=ORIENTED_EDGE('',*,*,#1230,.T.);
#495=ORIENTED_EDGE('',*,*,#1231,.T.);
#496=ORIENTED_EDGE('',*,*,#1211,.T.);
#497=ORIENTED_EDGE('',*,*,#1071,.T.);
#498=ORIENTED_EDGE('',*,*,#1231,.F.);
#499=ORIENTED_EDGE('',*,*,#1232,.T.);
#500=ORIENTED_EDGE('',*,*,#1138,.T.);
#501=ORIENTED_EDGE('',*,*,#1233,.T.);
#502=ORIENTED_EDGE('',*,*,#1234,.F.);
#503=ORIENTED_EDGE('',*,*,#1035,.F.);
#504=ORIENTED_EDGE('',*,*,#1218,.T.);
#505=ORIENTED_EDGE('',*,*,#1235,.T.);
#506=ORIENTED_EDGE('',*,*,#1137,.T.);
#507=ORIENTED_EDGE('',*,*,#1027,.F.);
#508=ORIENTED_EDGE('',*,*,#1236,.T.);
#509=ORIENTED_EDGE('',*,*,#1237,.T.);
#510=ORIENTED_EDGE('',*,*,#1238,.T.);
#511=ORIENTED_EDGE('',*,*,#1221,.T.);
#512=ORIENTED_EDGE('',*,*,#1223,.F.);
#513=ORIENTED_EDGE('',*,*,#1225,.T.);
#514=ORIENTED_EDGE('',*,*,#1239,.T.);
#515=ORIENTED_EDGE('',*,*,#1228,.T.);
#516=ORIENTED_EDGE('',*,*,#1229,.T.);
#517=ORIENTED_EDGE('',*,*,#1173,.T.);
#518=ORIENTED_EDGE('',*,*,#1215,.T.);
#519=ORIENTED_EDGE('',*,*,#1139,.T.);
#520=ORIENTED_EDGE('',*,*,#1240,.T.);
#521=ORIENTED_EDGE('',*,*,#1171,.T.);
#522=ORIENTED_EDGE('',*,*,#1241,.F.);
#523=ORIENTED_EDGE('',*,*,#1242,.F.);
#524=ORIENTED_EDGE('',*,*,#1243,.F.);
#525=ORIENTED_EDGE('',*,*,#1187,.T.);
#526=ORIENTED_EDGE('',*,*,#1190,.T.);
#527=ORIENTED_EDGE('',*,*,#1193,.T.);
#528=ORIENTED_EDGE('',*,*,#1195,.F.);
#529=ORIENTED_EDGE('',*,*,#1199,.F.);
#530=ORIENTED_EDGE('',*,*,#1244,.F.);
#531=ORIENTED_EDGE('',*,*,#1245,.F.);
#532=ORIENTED_EDGE('',*,*,#1246,.F.);
#533=ORIENTED_EDGE('',*,*,#1247,.F.);
#534=ORIENTED_EDGE('',*,*,#1248,.F.);
#535=ORIENTED_EDGE('',*,*,#1249,.F.);
#536=ORIENTED_EDGE('',*,*,#1250,.F.);
#537=ORIENTED_EDGE('',*,*,#1251,.T.);
#538=ORIENTED_EDGE('',*,*,#1252,.F.);
#539=ORIENTED_EDGE('',*,*,#1253,.T.);
#540=ORIENTED_EDGE('',*,*,#1254,.F.);
#541=ORIENTED_EDGE('',*,*,#1255,.T.);
#542=ORIENTED_EDGE('',*,*,#1256,.F.);
#543=ORIENTED_EDGE('',*,*,#1257,.T.);
#544=ORIENTED_EDGE('',*,*,#1258,.F.);
#545=ORIENTED_EDGE('',*,*,#1259,.T.);
#546=ORIENTED_EDGE('',*,*,#1260,.F.);
#547=ORIENTED_EDGE('',*,*,#1261,.T.);
#548=ORIENTED_EDGE('',*,*,#1179,.F.);
#549=ORIENTED_EDGE('',*,*,#1240,.F.);
#550=ORIENTED_EDGE('',*,*,#1233,.F.);
#551=ORIENTED_EDGE('',*,*,#1235,.F.);
#552=ORIENTED_EDGE('',*,*,#1183,.F.);
#553=ORIENTED_EDGE('',*,*,#1238,.F.);
#554=ORIENTED_EDGE('',*,*,#1181,.F.);
#555=ORIENTED_EDGE('',*,*,#1239,.F.);
#556=ORIENTED_EDGE('',*,*,#1262,.T.);
#557=ORIENTED_EDGE('',*,*,#1241,.T.);
#558=ORIENTED_EDGE('',*,*,#1263,.F.);
#559=ORIENTED_EDGE('',*,*,#1242,.T.);
#560=ORIENTED_EDGE('',*,*,#1264,.F.);
#561=ORIENTED_EDGE('',*,*,#1265,.T.);
#562=ORIENTED_EDGE('',*,*,#1266,.F.);
#563=ORIENTED_EDGE('',*,*,#1267,.T.);
#564=ORIENTED_EDGE('',*,*,#1268,.F.);
#565=ORIENTED_EDGE('',*,*,#1208,.F.);
#566=ORIENTED_EDGE('',*,*,#1188,.T.);
#567=ORIENTED_EDGE('',*,*,#1269,.F.);
#568=ORIENTED_EDGE('',*,*,#1270,.F.);
#569=ORIENTED_EDGE('',*,*,#1271,.F.);
#570=ORIENTED_EDGE('',*,*,#1272,.F.);
#571=ORIENTED_EDGE('',*,*,#1273,.F.);
#572=ORIENTED_EDGE('',*,*,#1274,.F.);
#573=ORIENTED_EDGE('',*,*,#1275,.F.);
#574=ORIENTED_EDGE('',*,*,#1198,.F.);
#575=ORIENTED_EDGE('',*,*,#1203,.T.);
#576=ORIENTED_EDGE('',*,*,#1205,.F.);
#577=ORIENTED_EDGE('',*,*,#1267,.F.);
#578=ORIENTED_EDGE('',*,*,#1265,.F.);
#579=ORIENTED_EDGE('',*,*,#1276,.F.);
#580=ORIENTED_EDGE('',*,*,#1277,.F.);
#581=ORIENTED_EDGE('',*,*,#1278,.F.);
#582=ORIENTED_EDGE('',*,*,#1279,.F.);
#583=ORIENTED_EDGE('',*,*,#1280,.T.);
#584=ORIENTED_EDGE('',*,*,#1260,.T.);
#585=ORIENTED_EDGE('',*,*,#1250,.T.);
#586=ORIENTED_EDGE('',*,*,#1252,.T.);
#587=ORIENTED_EDGE('',*,*,#1254,.T.);
#588=ORIENTED_EDGE('',*,*,#1256,.T.);
#589=ORIENTED_EDGE('',*,*,#1258,.T.);
#590=ORIENTED_EDGE('',*,*,#1262,.F.);
#591=ORIENTED_EDGE('',*,*,#1247,.T.);
#592=ORIENTED_EDGE('',*,*,#1281,.F.);
#593=ORIENTED_EDGE('',*,*,#1282,.F.);
#594=ORIENTED_EDGE('',*,*,#1283,.T.);
#595=ORIENTED_EDGE('',*,*,#1245,.T.);
#596=ORIENTED_EDGE('',*,*,#1284,.F.);
#597=ORIENTED_EDGE('',*,*,#1285,.F.);
#598=ORIENTED_EDGE('',*,*,#1286,.T.);
#599=ORIENTED_EDGE('',*,*,#1274,.T.);
#600=ORIENTED_EDGE('',*,*,#1287,.F.);
#601=ORIENTED_EDGE('',*,*,#1288,.F.);
#602=ORIENTED_EDGE('',*,*,#1289,.T.);
#603=ORIENTED_EDGE('',*,*,#1272,.T.);
#604=ORIENTED_EDGE('',*,*,#1290,.F.);
#605=ORIENTED_EDGE('',*,*,#1291,.F.);
#606=ORIENTED_EDGE('',*,*,#1292,.T.);
#607=ORIENTED_EDGE('',*,*,#1270,.T.);
#608=ORIENTED_EDGE('',*,*,#1293,.F.);
#609=ORIENTED_EDGE('',*,*,#1294,.F.);
#610=ORIENTED_EDGE('',*,*,#1295,.T.);
#611=ORIENTED_EDGE('',*,*,#1249,.T.);
#612=ORIENTED_EDGE('',*,*,#1296,.F.);
#613=ORIENTED_EDGE('',*,*,#1297,.F.);
#614=ORIENTED_EDGE('',*,*,#1298,.T.);
#615=ORIENTED_EDGE('',*,*,#1299,.F.);
#616=ORIENTED_EDGE('',*,*,#1300,.F.);
#617=ORIENTED_EDGE('',*,*,#1282,.T.);
#618=ORIENTED_EDGE('',*,*,#1301,.F.);
#619=ORIENTED_EDGE('',*,*,#1285,.T.);
#620=ORIENTED_EDGE('',*,*,#1302,.F.);
#621=ORIENTED_EDGE('',*,*,#1288,.T.);
#622=ORIENTED_EDGE('',*,*,#1303,.F.);
#623=ORIENTED_EDGE('',*,*,#1291,.T.);
#624=ORIENTED_EDGE('',*,*,#1304,.F.);
#625=ORIENTED_EDGE('',*,*,#1294,.T.);
#626=ORIENTED_EDGE('',*,*,#1305,.F.);
#627=ORIENTED_EDGE('',*,*,#1297,.T.);
#628=ORIENTED_EDGE('',*,*,#1299,.T.);
#629=ORIENTED_EDGE('',*,*,#1280,.F.);
#630=ORIENTED_EDGE('',*,*,#1306,.F.);
#631=ORIENTED_EDGE('',*,*,#1307,.T.);
#632=ORIENTED_EDGE('',*,*,#1308,.F.);
#633=ORIENTED_EDGE('',*,*,#1309,.T.);
#634=ORIENTED_EDGE('',*,*,#1276,.T.);
#635=ORIENTED_EDGE('',*,*,#1310,.F.);
#636=ORIENTED_EDGE('',*,*,#1306,.T.);
#637=ORIENTED_EDGE('',*,*,#1268,.T.);
#638=ORIENTED_EDGE('',*,*,#1311,.F.);
#639=ORIENTED_EDGE('',*,*,#1312,.T.);
#640=ORIENTED_EDGE('',*,*,#1313,.F.);
#641=ORIENTED_EDGE('',*,*,#1314,.T.);
#642=ORIENTED_EDGE('',*,*,#1277,.T.);
#643=ORIENTED_EDGE('',*,*,#1315,.F.);
#644=ORIENTED_EDGE('',*,*,#1311,.T.);
#645=ORIENTED_EDGE('',*,*,#1266,.T.);
#646=ORIENTED_EDGE('',*,*,#1316,.F.);
#647=ORIENTED_EDGE('',*,*,#1317,.T.);
#648=ORIENTED_EDGE('',*,*,#1318,.F.);
#649=ORIENTED_EDGE('',*,*,#1319,.T.);
#650=ORIENTED_EDGE('',*,*,#1278,.T.);
#651=ORIENTED_EDGE('',*,*,#1320,.F.);
#652=ORIENTED_EDGE('',*,*,#1316,.T.);
#653=ORIENTED_EDGE('',*,*,#1264,.T.);
#654=ORIENTED_EDGE('',*,*,#1321,.F.);
#655=ORIENTED_EDGE('',*,*,#1322,.T.);
#656=ORIENTED_EDGE('',*,*,#1323,.F.);
#657=ORIENTED_EDGE('',*,*,#1324,.T.);
#658=ORIENTED_EDGE('',*,*,#1279,.T.);
#659=ORIENTED_EDGE('',*,*,#1325,.F.);
#660=ORIENTED_EDGE('',*,*,#1321,.T.);
#661=ORIENTED_EDGE('',*,*,#1263,.T.);
#662=ORIENTED_EDGE('',*,*,#1261,.F.);
#663=ORIENTED_EDGE('',*,*,#1323,.T.);
#664=ORIENTED_EDGE('',*,*,#1326,.T.);
#665=ORIENTED_EDGE('',*,*,#1325,.T.);
#666=ORIENTED_EDGE('',*,*,#1324,.F.);
#667=ORIENTED_EDGE('',*,*,#1326,.F.);
#668=ORIENTED_EDGE('',*,*,#1322,.F.);
#669=ORIENTED_EDGE('',*,*,#1300,.T.);
#670=ORIENTED_EDGE('',*,*,#1296,.T.);
#671=ORIENTED_EDGE('',*,*,#1248,.T.);
#672=ORIENTED_EDGE('',*,*,#1283,.F.);
#673=ORIENTED_EDGE('',*,*,#1251,.F.);
#674=ORIENTED_EDGE('',*,*,#1318,.T.);
#675=ORIENTED_EDGE('',*,*,#1327,.T.);
#676=ORIENTED_EDGE('',*,*,#1320,.T.);
#677=ORIENTED_EDGE('',*,*,#1319,.F.);
#678=ORIENTED_EDGE('',*,*,#1327,.F.);
#679=ORIENTED_EDGE('',*,*,#1317,.F.);
#680=ORIENTED_EDGE('',*,*,#1301,.T.);
#681=ORIENTED_EDGE('',*,*,#1281,.T.);
#682=ORIENTED_EDGE('',*,*,#1246,.T.);
#683=ORIENTED_EDGE('',*,*,#1286,.F.);
#684=ORIENTED_EDGE('',*,*,#1255,.F.);
#685=ORIENTED_EDGE('',*,*,#1313,.T.);
#686=ORIENTED_EDGE('',*,*,#1328,.T.);
#687=ORIENTED_EDGE('',*,*,#1315,.T.);
#688=ORIENTED_EDGE('',*,*,#1314,.F.);
#689=ORIENTED_EDGE('',*,*,#1328,.F.);
#690=ORIENTED_EDGE('',*,*,#1312,.F.);
#691=ORIENTED_EDGE('',*,*,#1303,.T.);
#692=ORIENTED_EDGE('',*,*,#1287,.T.);
#693=ORIENTED_EDGE('',*,*,#1273,.T.);
#694=ORIENTED_EDGE('',*,*,#1292,.F.);
#695=ORIENTED_EDGE('',*,*,#1257,.F.);
#696=ORIENTED_EDGE('',*,*,#1308,.T.);
#697=ORIENTED_EDGE('',*,*,#1329,.T.);
#698=ORIENTED_EDGE('',*,*,#1310,.T.);
#699=ORIENTED_EDGE('',*,*,#1309,.F.);
#700=ORIENTED_EDGE('',*,*,#1329,.F.);
#701=ORIENTED_EDGE('',*,*,#1307,.F.);
#702=ORIENTED_EDGE('',*,*,#1304,.T.);
#703=ORIENTED_EDGE('',*,*,#1290,.T.);
#704=ORIENTED_EDGE('',*,*,#1271,.T.);
#705=ORIENTED_EDGE('',*,*,#1295,.F.);
#706=ORIENTED_EDGE('',*,*,#1330,.F.);
#707=ORIENTED_EDGE('',*,*,#1302,.T.);
#708=ORIENTED_EDGE('',*,*,#1284,.T.);
#709=ORIENTED_EDGE('',*,*,#1244,.T.);
#710=ORIENTED_EDGE('',*,*,#1177,.T.);
#711=ORIENTED_EDGE('',*,*,#1275,.T.);
#712=ORIENTED_EDGE('',*,*,#1289,.F.);
#713=ORIENTED_EDGE('',*,*,#1330,.T.);
#714=ORIENTED_EDGE('',*,*,#1253,.F.);
#715=ORIENTED_EDGE('',*,*,#1331,.F.);
#716=ORIENTED_EDGE('',*,*,#1305,.T.);
#717=ORIENTED_EDGE('',*,*,#1293,.T.);
#718=ORIENTED_EDGE('',*,*,#1269,.T.);
#719=ORIENTED_EDGE('',*,*,#1175,.T.);
#720=ORIENTED_EDGE('',*,*,#1243,.T.);
#721=ORIENTED_EDGE('',*,*,#1298,.F.);
#722=ORIENTED_EDGE('',*,*,#1331,.T.);
#723=ORIENTED_EDGE('',*,*,#1259,.F.);
#724=ORIENTED_EDGE('',*,*,#1226,.F.);
#725=ORIENTED_EDGE('',*,*,#1224,.T.);
#726=ORIENTED_EDGE('',*,*,#1219,.F.);
#727=ORIENTED_EDGE('',*,*,#1033,.T.);
#728=ORIENTED_EDGE('',*,*,#1217,.F.);
#729=ORIENTED_EDGE('',*,*,#1212,.F.);
#730=ORIENTED_EDGE('',*,*,#1232,.F.);
#731=ORIENTED_EDGE('',*,*,#1230,.F.);
#732=ORIENTED_EDGE('',*,*,#1185,.F.);
#733=ORIENTED_EDGE('',*,*,#1209,.T.);
#734=ORIENTED_EDGE('',*,*,#1206,.T.);
#735=ORIENTED_EDGE('',*,*,#1204,.F.);
#736=ORIENTED_EDGE('',*,*,#1200,.T.);
#737=ORIENTED_EDGE('',*,*,#1196,.T.);
#738=ORIENTED_EDGE('',*,*,#1194,.F.);
#739=ORIENTED_EDGE('',*,*,#1191,.F.);
#740=ORIENTED_EDGE('',*,*,#1097,.T.);
#741=ORIENTED_EDGE('',*,*,#1332,.T.);
#742=ORIENTED_EDGE('',*,*,#1163,.T.);
#743=ORIENTED_EDGE('',*,*,#1169,.F.);
#744=ORIENTED_EDGE('',*,*,#1111,.F.);
#745=ORIENTED_EDGE('',*,*,#1333,.T.);
#746=ORIENTED_EDGE('',*,*,#1100,.T.);
#747=ORIENTED_EDGE('',*,*,#1134,.F.);
#748=ORIENTED_EDGE('',*,*,#1210,.F.);
#749=ORIENTED_EDGE('',*,*,#1043,.F.);
#750=ORIENTED_EDGE('',*,*,#1142,.F.);
#751=ORIENTED_EDGE('',*,*,#1039,.F.);
#752=ORIENTED_EDGE('',*,*,#1143,.F.);
#753=ORIENTED_EDGE('',*,*,#1334,.F.);
#754=ORIENTED_EDGE('',*,*,#1073,.F.);
#755=ORIENTED_EDGE('',*,*,#1334,.T.);
#756=ORIENTED_EDGE('',*,*,#1146,.F.);
#757=ORIENTED_EDGE('',*,*,#1335,.F.);
#758=ORIENTED_EDGE('',*,*,#1336,.F.);
#759=ORIENTED_EDGE('',*,*,#1063,.F.);
#760=ORIENTED_EDGE('',*,*,#1335,.T.);
#761=ORIENTED_EDGE('',*,*,#1148,.F.);
#762=ORIENTED_EDGE('',*,*,#1337,.F.);
#763=ORIENTED_EDGE('',*,*,#1338,.F.);
#764=ORIENTED_EDGE('',*,*,#1337,.T.);
#765=ORIENTED_EDGE('',*,*,#1151,.F.);
#766=ORIENTED_EDGE('',*,*,#1339,.F.);
#767=ORIENTED_EDGE('',*,*,#1077,.F.);
#768=ORIENTED_EDGE('',*,*,#1340,.F.);
#769=ORIENTED_EDGE('',*,*,#1339,.T.);
#770=ORIENTED_EDGE('',*,*,#1154,.F.);
#771=ORIENTED_EDGE('',*,*,#1341,.F.);
#772=ORIENTED_EDGE('',*,*,#1078,.F.);
#773=ORIENTED_EDGE('',*,*,#1341,.T.);
#774=ORIENTED_EDGE('',*,*,#1156,.F.);
#775=ORIENTED_EDGE('',*,*,#1342,.F.);
#776=ORIENTED_EDGE('',*,*,#1079,.F.);
#777=ORIENTED_EDGE('',*,*,#1342,.T.);
#778=ORIENTED_EDGE('',*,*,#1089,.F.);
#779=ORIENTED_EDGE('',*,*,#1343,.F.);
#780=ORIENTED_EDGE('',*,*,#1074,.F.);
#781=ORIENTED_EDGE('',*,*,#1343,.T.);
#782=ORIENTED_EDGE('',*,*,#1158,.F.);
#783=ORIENTED_EDGE('',*,*,#1344,.F.);
#784=ORIENTED_EDGE('',*,*,#1345,.F.);
#785=ORIENTED_EDGE('',*,*,#1344,.T.);
#786=ORIENTED_EDGE('',*,*,#1093,.F.);
#787=ORIENTED_EDGE('',*,*,#1346,.F.);
#788=ORIENTED_EDGE('',*,*,#1066,.F.);
#789=ORIENTED_EDGE('',*,*,#1346,.T.);
#790=ORIENTED_EDGE('',*,*,#1161,.F.);
#791=ORIENTED_EDGE('',*,*,#1347,.F.);
#792=ORIENTED_EDGE('',*,*,#1067,.F.);
#793=ORIENTED_EDGE('',*,*,#1096,.F.);
#794=ORIENTED_EDGE('',*,*,#1068,.F.);
#795=ORIENTED_EDGE('',*,*,#1347,.T.);
#796=ORIENTED_EDGE('',*,*,#1164,.F.);
#797=ORIENTED_EDGE('',*,*,#1332,.F.);
#798=ORIENTED_EDGE('',*,*,#1333,.F.);
#799=ORIENTED_EDGE('',*,*,#1110,.F.);
#800=ORIENTED_EDGE('',*,*,#1348,.F.);
#801=ORIENTED_EDGE('',*,*,#1060,.F.);
#802=ORIENTED_EDGE('',*,*,#1216,.F.);
#803=ORIENTED_EDGE('',*,*,#1031,.F.);
#804=ORIENTED_EDGE('',*,*,#1101,.F.);
#805=ORIENTED_EDGE('',*,*,#1348,.T.);
#806=ORIENTED_EDGE('',*,*,#1113,.F.);
#807=ORIENTED_EDGE('',*,*,#1349,.F.);
#808=ORIENTED_EDGE('',*,*,#1061,.F.);
#809=ORIENTED_EDGE('',*,*,#1349,.T.);
#810=ORIENTED_EDGE('',*,*,#1081,.F.);
#811=ORIENTED_EDGE('',*,*,#1350,.F.);
#812=ORIENTED_EDGE('',*,*,#1062,.F.);
#813=ORIENTED_EDGE('',*,*,#1350,.T.);
#814=ORIENTED_EDGE('',*,*,#1115,.F.);
#815=ORIENTED_EDGE('',*,*,#1351,.F.);
#816=ORIENTED_EDGE('',*,*,#1352,.F.);
#817=ORIENTED_EDGE('',*,*,#1351,.T.);
#818=ORIENTED_EDGE('',*,*,#1085,.F.);
#819=ORIENTED_EDGE('',*,*,#1353,.F.);
#820=ORIENTED_EDGE('',*,*,#1129,.F.);
#821=ORIENTED_EDGE('',*,*,#1353,.T.);
#822=ORIENTED_EDGE('',*,*,#1118,.F.);
#823=ORIENTED_EDGE('',*,*,#1354,.F.);
#824=ORIENTED_EDGE('',*,*,#1130,.F.);
#825=ORIENTED_EDGE('',*,*,#1354,.T.);
#826=ORIENTED_EDGE('',*,*,#1121,.F.);
#827=ORIENTED_EDGE('',*,*,#1355,.F.);
#828=ORIENTED_EDGE('',*,*,#1131,.F.);
#829=ORIENTED_EDGE('',*,*,#1355,.T.);
#830=ORIENTED_EDGE('',*,*,#1124,.F.);
#831=ORIENTED_EDGE('',*,*,#1356,.F.);
#832=ORIENTED_EDGE('',*,*,#1357,.F.);
#833=ORIENTED_EDGE('',*,*,#1132,.F.);
#834=ORIENTED_EDGE('',*,*,#1356,.T.);
#835=ORIENTED_EDGE('',*,*,#1126,.F.);
#836=ORIENTED_EDGE('',*,*,#1358,.F.);
#837=ORIENTED_EDGE('',*,*,#1359,.F.);
#838=ORIENTED_EDGE('',*,*,#1358,.T.);
#839=ORIENTED_EDGE('',*,*,#1104,.F.);
#840=ORIENTED_EDGE('',*,*,#1051,.F.);
#841=ORIENTED_EDGE('',*,*,#1108,.F.);
#842=ORIENTED_EDGE('',*,*,#1360,.F.);
#843=ORIENTED_EDGE('',*,*,#1056,.F.);
#844=ORIENTED_EDGE('',*,*,#1361,.F.);
#845=ORIENTED_EDGE('',*,*,#1214,.F.);
#846=ORIENTED_EDGE('',*,*,#1057,.F.);
#847=ORIENTED_EDGE('',*,*,#1360,.T.);
#848=ORIENTED_EDGE('',*,*,#1107,.F.);
#849=ORIENTED_EDGE('',*,*,#1047,.F.);
#850=ORIENTED_EDGE('',*,*,#1362,.F.);
#851=ORIENTED_EDGE('',*,*,#1363,.T.);
#852=ORIENTED_EDGE('',*,*,#1364,.T.);
#853=ORIENTED_EDGE('',*,*,#1075,.F.);
#854=ORIENTED_EDGE('',*,*,#1345,.T.);
#855=ORIENTED_EDGE('',*,*,#1065,.F.);
#856=ORIENTED_EDGE('',*,*,#1365,.T.);
#857=ORIENTED_EDGE('',*,*,#1366,.F.);
#858=ORIENTED_EDGE('',*,*,#1367,.T.);
#859=ORIENTED_EDGE('',*,*,#1368,.T.);
#860=ORIENTED_EDGE('',*,*,#1336,.T.);
#861=ORIENTED_EDGE('',*,*,#1369,.T.);
#862=ORIENTED_EDGE('',*,*,#1370,.F.);
#863=ORIENTED_EDGE('',*,*,#1371,.T.);
#864=ORIENTED_EDGE('',*,*,#1366,.T.);
#865=ORIENTED_EDGE('',*,*,#1338,.T.);
#866=ORIENTED_EDGE('',*,*,#1372,.T.);
#867=ORIENTED_EDGE('',*,*,#1373,.T.);
#868=ORIENTED_EDGE('',*,*,#1370,.T.);
#869=ORIENTED_EDGE('',*,*,#1340,.T.);
#870=ORIENTED_EDGE('',*,*,#1374,.T.);
#871=ORIENTED_EDGE('',*,*,#1375,.T.);
#872=ORIENTED_EDGE('',*,*,#1376,.T.);
#873=ORIENTED_EDGE('',*,*,#1377,.T.);
#874=ORIENTED_EDGE('',*,*,#1378,.F.);
#875=ORIENTED_EDGE('',*,*,#1128,.T.);
#876=ORIENTED_EDGE('',*,*,#1379,.T.);
#877=ORIENTED_EDGE('',*,*,#1380,.T.);
#878=ORIENTED_EDGE('',*,*,#1381,.T.);
#879=ORIENTED_EDGE('',*,*,#1054,.T.);
#880=ORIENTED_EDGE('',*,*,#1352,.T.);
#881=ORIENTED_EDGE('',*,*,#1382,.F.);
#882=ORIENTED_EDGE('',*,*,#1383,.T.);
#883=ORIENTED_EDGE('',*,*,#1384,.T.);
#884=ORIENTED_EDGE('',*,*,#1357,.T.);
#885=ORIENTED_EDGE('',*,*,#1385,.T.);
#886=ORIENTED_EDGE('',*,*,#1386,.F.);
#887=ORIENTED_EDGE('',*,*,#1387,.T.);
#888=ORIENTED_EDGE('',*,*,#1382,.T.);
#889=ORIENTED_EDGE('',*,*,#1359,.T.);
#890=ORIENTED_EDGE('',*,*,#1388,.T.);
#891=ORIENTED_EDGE('',*,*,#1389,.T.);
#892=ORIENTED_EDGE('',*,*,#1386,.T.);
#893=ORIENTED_EDGE('',*,*,#1361,.T.);
#894=ORIENTED_EDGE('',*,*,#1390,.T.);
#895=ORIENTED_EDGE('',*,*,#1391,.T.);
#896=ORIENTED_EDGE('',*,*,#1392,.T.);
#897=ORIENTED_EDGE('',*,*,#1393,.T.);
#898=ORIENTED_EDGE('',*,*,#1394,.F.);
#899=ORIENTED_EDGE('',*,*,#1377,.F.);
#900=ORIENTED_EDGE('',*,*,#1395,.F.);
#901=ORIENTED_EDGE('',*,*,#1371,.F.);
#902=ORIENTED_EDGE('',*,*,#1395,.T.);
#903=ORIENTED_EDGE('',*,*,#1376,.F.);
#904=ORIENTED_EDGE('',*,*,#1396,.F.);
#905=ORIENTED_EDGE('',*,*,#1367,.F.);
#906=ORIENTED_EDGE('',*,*,#1064,.F.);
#907=ORIENTED_EDGE('',*,*,#1368,.F.);
#908=ORIENTED_EDGE('',*,*,#1397,.F.);
#909=ORIENTED_EDGE('',*,*,#1365,.F.);
#910=ORIENTED_EDGE('',*,*,#1076,.F.);
#911=ORIENTED_EDGE('',*,*,#1364,.F.);
#912=ORIENTED_EDGE('',*,*,#1398,.F.);
#913=ORIENTED_EDGE('',*,*,#1372,.F.);
#914=ORIENTED_EDGE('',*,*,#1394,.T.);
#915=ORIENTED_EDGE('',*,*,#1373,.F.);
#916=ORIENTED_EDGE('',*,*,#1399,.F.);
#917=ORIENTED_EDGE('',*,*,#1374,.F.);
#918=ORIENTED_EDGE('',*,*,#1397,.T.);
#919=ORIENTED_EDGE('',*,*,#1396,.T.);
#920=ORIENTED_EDGE('',*,*,#1400,.F.);
#921=ORIENTED_EDGE('',*,*,#1399,.T.);
#922=ORIENTED_EDGE('',*,*,#1398,.T.);
#923=ORIENTED_EDGE('',*,*,#1401,.F.);
#924=ORIENTED_EDGE('',*,*,#1400,.T.);
#925=ORIENTED_EDGE('',*,*,#1375,.F.);
#926=ORIENTED_EDGE('',*,*,#1401,.T.);
#927=ORIENTED_EDGE('',*,*,#1363,.F.);
#928=ORIENTED_EDGE('',*,*,#1402,.F.);
#929=ORIENTED_EDGE('',*,*,#1387,.F.);
#930=ORIENTED_EDGE('',*,*,#1403,.F.);
#931=ORIENTED_EDGE('',*,*,#1393,.F.);
#932=ORIENTED_EDGE('',*,*,#1055,.F.);
#933=ORIENTED_EDGE('',*,*,#1381,.F.);
#934=ORIENTED_EDGE('',*,*,#1404,.F.);
#935=ORIENTED_EDGE('',*,*,#1388,.F.);
#936=ORIENTED_EDGE('',*,*,#1403,.T.);
#937=ORIENTED_EDGE('',*,*,#1389,.F.);
#938=ORIENTED_EDGE('',*,*,#1405,.F.);
#939=ORIENTED_EDGE('',*,*,#1390,.F.);
#940=ORIENTED_EDGE('',*,*,#1402,.T.);
#941=ORIENTED_EDGE('',*,*,#1392,.F.);
#942=ORIENTED_EDGE('',*,*,#1406,.F.);
#943=ORIENTED_EDGE('',*,*,#1383,.F.);
#944=ORIENTED_EDGE('',*,*,#1133,.F.);
#945=ORIENTED_EDGE('',*,*,#1384,.F.);
#946=ORIENTED_EDGE('',*,*,#1407,.F.);
#947=ORIENTED_EDGE('',*,*,#1379,.F.);
#948=ORIENTED_EDGE('',*,*,#1405,.T.);
#949=ORIENTED_EDGE('',*,*,#1404,.T.);
#950=ORIENTED_EDGE('',*,*,#1408,.F.);
#951=ORIENTED_EDGE('',*,*,#1407,.T.);
#952=ORIENTED_EDGE('',*,*,#1406,.T.);
#953=ORIENTED_EDGE('',*,*,#1409,.F.);
#954=ORIENTED_EDGE('',*,*,#1408,.T.);
#955=ORIENTED_EDGE('',*,*,#1380,.F.);
#956=ORIENTED_EDGE('',*,*,#1409,.T.);
#957=ORIENTED_EDGE('',*,*,#1391,.F.);
#958=ORIENTED_EDGE('',*,*,#1378,.T.);
#959=ORIENTED_EDGE('',*,*,#1385,.F.);
#960=ORIENTED_EDGE('',*,*,#1362,.T.);
#961=ORIENTED_EDGE('',*,*,#1369,.F.);
#962=ORIENTED_EDGE('',*,*,#1410,.T.);
#963=ORIENTED_EDGE('',*,*,#1411,.F.);
#964=ORIENTED_EDGE('',*,*,#1412,.F.);
#965=ORIENTED_EDGE('',*,*,#1413,.T.);
#966=ORIENTED_EDGE('',*,*,#1414,.T.);
#967=ORIENTED_EDGE('',*,*,#1415,.F.);
#968=ORIENTED_EDGE('',*,*,#1416,.F.);
#969=ORIENTED_EDGE('',*,*,#1411,.T.);
#970=ORIENTED_EDGE('',*,*,#1417,.F.);
#971=ORIENTED_EDGE('',*,*,#1418,.T.);
#972=ORIENTED_EDGE('',*,*,#1419,.F.);
#973=ORIENTED_EDGE('',*,*,#1420,.F.);
#974=ORIENTED_EDGE('',*,*,#1415,.T.);
#975=ORIENTED_EDGE('',*,*,#1421,.T.);
#976=ORIENTED_EDGE('',*,*,#1422,.T.);
#977=ORIENTED_EDGE('',*,*,#1423,.T.);
#978=ORIENTED_EDGE('',*,*,#1424,.T.);
#979=ORIENTED_EDGE('',*,*,#1425,.F.);
#980=ORIENTED_EDGE('',*,*,#1236,.F.);
#981=ORIENTED_EDGE('',*,*,#1026,.F.);
#982=ORIENTED_EDGE('',*,*,#1426,.F.);
#983=ORIENTED_EDGE('',*,*,#1419,.T.);
#984=ORIENTED_EDGE('',*,*,#1427,.F.);
#985=ORIENTED_EDGE('',*,*,#1413,.F.);
#986=ORIENTED_EDGE('',*,*,#1428,.T.);
#987=ORIENTED_EDGE('',*,*,#1036,.T.);
#988=ORIENTED_EDGE('',*,*,#1234,.T.);
#989=ORIENTED_EDGE('',*,*,#1429,.T.);
#990=ORIENTED_EDGE('',*,*,#1412,.T.);
#991=ORIENTED_EDGE('',*,*,#1416,.T.);
#992=ORIENTED_EDGE('',*,*,#1420,.T.);
#993=ORIENTED_EDGE('',*,*,#1426,.T.);
#994=ORIENTED_EDGE('',*,*,#1037,.F.);
#995=ORIENTED_EDGE('',*,*,#1428,.F.);
#996=ORIENTED_EDGE('',*,*,#1427,.T.);
#997=ORIENTED_EDGE('',*,*,#1430,.T.);
#998=ORIENTED_EDGE('',*,*,#1424,.F.);
#999=ORIENTED_EDGE('',*,*,#1431,.F.);
#1000=ORIENTED_EDGE('',*,*,#1432,.F.);
#1001=ORIENTED_EDGE('',*,*,#1433,.T.);
#1002=ORIENTED_EDGE('',*,*,#1421,.F.);
#1003=ORIENTED_EDGE('',*,*,#1414,.F.);
#1004=ORIENTED_EDGE('',*,*,#1410,.F.);
#1005=ORIENTED_EDGE('',*,*,#1433,.F.);
#1006=ORIENTED_EDGE('',*,*,#1434,.F.);
#1007=ORIENTED_EDGE('',*,*,#1435,.T.);
#1008=ORIENTED_EDGE('',*,*,#1417,.T.);
#1009=ORIENTED_EDGE('',*,*,#1432,.T.);
#1010=ORIENTED_EDGE('',*,*,#1436,.F.);
#1011=ORIENTED_EDGE('',*,*,#1437,.F.);
#1012=ORIENTED_EDGE('',*,*,#1434,.T.);
#1013=ORIENTED_EDGE('',*,*,#1431,.T.);
#1014=ORIENTED_EDGE('',*,*,#1423,.F.);
#1015=ORIENTED_EDGE('',*,*,#1438,.F.);
#1016=ORIENTED_EDGE('',*,*,#1436,.T.);
#1017=ORIENTED_EDGE('',*,*,#1435,.F.);
#1018=ORIENTED_EDGE('',*,*,#1437,.T.);
#1019=ORIENTED_EDGE('',*,*,#1438,.T.);
#1020=ORIENTED_EDGE('',*,*,#1422,.F.);
#1021=ORIENTED_EDGE('',*,*,#1418,.F.);
#1022=ORIENTED_EDGE('',*,*,#1237,.F.);
#1023=ORIENTED_EDGE('',*,*,#1425,.T.);
#1024=ORIENTED_EDGE('',*,*,#1430,.F.);
#1025=ORIENTED_EDGE('',*,*,#1429,.F.);
#1026=EDGE_CURVE('',#1439,#1440,#1706,.T.);
#1027=EDGE_CURVE('',#1440,#1441,#1707,.T.);
#1028=EDGE_CURVE('',#1442,#1441,#1708,.T.);
#1029=EDGE_CURVE('',#1442,#1443,#1709,.T.);
#1030=EDGE_CURVE('',#1443,#1444,#1710,.F.);
#1031=EDGE_CURVE('',#1444,#1445,#1711,.T.);
#1032=EDGE_CURVE('',#1446,#1445,#1712,.T.);
#1033=EDGE_CURVE('',#1447,#1446,#1713,.T.);
#1034=EDGE_CURVE('',#1447,#1448,#1714,.T.);
#1035=EDGE_CURVE('',#1448,#1449,#1715,.T.);
#1036=EDGE_CURVE('',#1450,#1449,#1716,.T.);
#1037=EDGE_CURVE('',#1450,#1439,#1717,.T.);
#1038=EDGE_CURVE('',#1451,#1452,#1718,.T.);
#1039=EDGE_CURVE('',#1451,#1453,#145,.T.);
#1040=EDGE_CURVE('',#1454,#1453,#1719,.F.);
#1041=EDGE_CURVE('',#1454,#1452,#16,.F.);
#1042=EDGE_CURVE('',#1455,#1456,#1720,.T.);
#1043=EDGE_CURVE('',#1455,#1457,#146,.T.);
#1044=EDGE_CURVE('',#1458,#1457,#1721,.F.);
#1045=EDGE_CURVE('',#1458,#1456,#17,.F.);
#1046=EDGE_CURVE('',#1459,#1460,#1722,.F.);
#1047=EDGE_CURVE('',#1459,#1461,#147,.F.);
#1048=EDGE_CURVE('',#1462,#1461,#1723,.T.);
#1049=EDGE_CURVE('',#1462,#1460,#18,.F.);
#1050=EDGE_CURVE('',#1463,#1464,#1724,.F.);
#1051=EDGE_CURVE('',#1463,#1465,#148,.F.);
#1052=EDGE_CURVE('',#1466,#1465,#1725,.T.);
#1053=EDGE_CURVE('',#1466,#1464,#19,.F.);
#1054=EDGE_CURVE('',#1467,#1468,#1726,.T.);
#1055=EDGE_CURVE('',#1467,#1469,#1727,.F.);
#1056=EDGE_CURVE('',#1469,#1470,#1728,.T.);
#1057=EDGE_CURVE('',#1470,#1471,#1729,.T.);
#1058=EDGE_CURVE('',#1472,#1471,#1730,.T.);
#1059=EDGE_CURVE('',#1473,#1472,#20,.T.);
#1060=EDGE_CURVE('',#1473,#1474,#1731,.T.);
#1061=EDGE_CURVE('',#1474,#1475,#1732,.T.);
#1062=EDGE_CURVE('',#1475,#1468,#21,.F.);
#1063=EDGE_CURVE('',#1476,#1477,#1733,.T.);
#1064=EDGE_CURVE('',#1477,#1478,#1734,.T.);
#1065=EDGE_CURVE('',#1478,#1479,#1735,.T.);
#1066=EDGE_CURVE('',#1479,#1480,#22,.F.);
#1067=EDGE_CURVE('',#1480,#1481,#1736,.T.);
#1068=EDGE_CURVE('',#1481,#1482,#1737,.T.);
#1069=EDGE_CURVE('',#1483,#1482,#23,.T.);
#1070=EDGE_CURVE('',#1484,#1483,#1738,.T.);
#1071=EDGE_CURVE('',#1485,#1484,#24,.T.);
#1072=EDGE_CURVE('',#1486,#1485,#1739,.T.);
#1073=EDGE_CURVE('',#1486,#1476,#1740,.T.);
#1074=EDGE_CURVE('',#1487,#1488,#25,.F.);
#1075=EDGE_CURVE('',#1488,#1489,#1741,.T.);
#1076=EDGE_CURVE('',#1489,#1490,#1742,.F.);
#1077=EDGE_CURVE('',#1490,#1491,#1743,.T.);
#1078=EDGE_CURVE('',#1491,#1492,#1744,.T.);
#1079=EDGE_CURVE('',#1492,#1487,#1745,.T.);
#1080=EDGE_CURVE('',#1493,#1494,#1746,.T.);
#1081=EDGE_CURVE('',#1493,#1495,#26,.T.);
#1082=EDGE_CURVE('',#1496,#1495,#1747,.F.);
#1083=EDGE_CURVE('',#1496,#1494,#27,.F.);
#1084=EDGE_CURVE('',#1497,#1498,#1748,.F.);
#1085=EDGE_CURVE('',#1497,#1499,#28,.T.);
#1086=EDGE_CURVE('',#1500,#1499,#1749,.T.);
#1087=EDGE_CURVE('',#1500,#1498,#29,.F.);
#1088=EDGE_CURVE('',#1501,#1502,#1750,.F.);
#1089=EDGE_CURVE('',#1501,#1503,#30,.T.);
#1090=EDGE_CURVE('',#1504,#1503,#1751,.T.);
#1091=EDGE_CURVE('',#1504,#1502,#31,.F.);
#1092=EDGE_CURVE('',#1505,#1506,#1752,.T.);
#1093=EDGE_CURVE('',#1505,#1507,#32,.T.);
#1094=EDGE_CURVE('',#1508,#1507,#1753,.F.);
#1095=EDGE_CURVE('',#1508,#1506,#33,.F.);
#1096=EDGE_CURVE('',#1482,#1509,#149,.F.);
#1097=EDGE_CURVE('',#1510,#1509,#1754,.T.);
#1098=EDGE_CURVE('',#1510,#1511,#34,.F.);
#1099=EDGE_CURVE('',#1483,#1511,#1755,.F.);
#1100=EDGE_CURVE('',#1512,#1513,#1756,.T.);
#1101=EDGE_CURVE('',#1512,#1444,#150,.T.);
#1102=EDGE_CURVE('',#1443,#1513,#35,.F.);
#1103=EDGE_CURVE('',#1466,#1514,#1757,.T.);
#1104=EDGE_CURVE('',#1465,#1515,#1758,.T.);
#1105=EDGE_CURVE('',#1515,#1514,#1759,.T.);
#1106=EDGE_CURVE('',#1462,#1464,#1760,.T.);
#1107=EDGE_CURVE('',#1461,#1516,#1761,.T.);
#1108=EDGE_CURVE('',#1516,#1463,#1762,.F.);
#1109=EDGE_CURVE('',#1517,#1518,#1763,.T.);
#1110=EDGE_CURVE('',#1517,#1519,#1764,.T.);
#1111=EDGE_CURVE('',#1519,#1520,#1765,.T.);
#1112=EDGE_CURVE('',#1520,#1518,#1766,.T.);
#1113=EDGE_CURVE('',#1495,#1517,#1767,.T.);
#1114=EDGE_CURVE('',#1518,#1496,#1768,.T.);
#1115=EDGE_CURVE('',#1499,#1493,#1769,.T.);
#1116=EDGE_CURVE('',#1500,#1494,#1770,.T.);
#1117=EDGE_CURVE('',#1521,#1522,#1771,.T.);
#1118=EDGE_CURVE('',#1521,#1497,#1772,.T.);
#1119=EDGE_CURVE('',#1522,#1498,#1773,.T.);
#1120=EDGE_CURVE('',#1523,#1524,#1774,.T.);
#1121=EDGE_CURVE('',#1523,#1521,#1775,.T.);
#1122=EDGE_CURVE('',#1522,#1524,#1776,.T.);
#1123=EDGE_CURVE('',#1525,#1526,#1777,.T.);
#1124=EDGE_CURVE('',#1525,#1523,#1778,.T.);
#1125=EDGE_CURVE('',#1524,#1526,#1779,.T.);
#1126=EDGE_CURVE('',#1515,#1525,#1780,.T.);
#1127=EDGE_CURVE('',#1514,#1526,#1781,.T.);
#1128=EDGE_CURVE('',#1527,#1528,#1782,.T.);
#1129=EDGE_CURVE('',#1527,#1529,#36,.F.);
#1130=EDGE_CURVE('',#1529,#1530,#1783,.T.);
#1131=EDGE_CURVE('',#1530,#1531,#1784,.T.);
#1132=EDGE_CURVE('',#1531,#1532,#1785,.T.);
#1133=EDGE_CURVE('',#1532,#1528,#1786,.F.);
#1134=EDGE_CURVE('',#1520,#1513,#1787,.T.);
#1135=EDGE_CURVE('',#1442,#1533,#37,.T.);
#1136=EDGE_CURVE('',#1533,#1460,#1788,.T.);
#1137=EDGE_CURVE('',#1534,#1441,#38,.T.);
#1138=EDGE_CURVE('',#1535,#1534,#39,.T.);
#1139=EDGE_CURVE('',#1536,#1535,#40,.T.);
#1140=EDGE_CURVE('',#1533,#1536,#1789,.T.);
#1141=EDGE_CURVE('',#1456,#1454,#1790,.T.);
#1142=EDGE_CURVE('',#1453,#1455,#1791,.T.);
#1143=EDGE_CURVE('',#1537,#1451,#1792,.T.);
#1144=EDGE_CURVE('',#1538,#1452,#1793,.T.);
#1145=EDGE_CURVE('',#1539,#1538,#1794,.T.);
#1146=EDGE_CURVE('',#1539,#1537,#1795,.T.);
#1147=EDGE_CURVE('',#1540,#1541,#1796,.T.);
#1148=EDGE_CURVE('',#1540,#1539,#1797,.T.);
#1149=EDGE_CURVE('',#1538,#1541,#1798,.T.);
#1150=EDGE_CURVE('',#1542,#1543,#1799,.T.);
#1151=EDGE_CURVE('',#1542,#1540,#1800,.T.);
#1152=EDGE_CURVE('',#1541,#1543,#1801,.T.);
#1153=EDGE_CURVE('',#1544,#1545,#1802,.T.);
#1154=EDGE_CURVE('',#1544,#1542,#1803,.T.);
#1155=EDGE_CURVE('',#1545,#1543,#1804,.T.);
#1156=EDGE_CURVE('',#1503,#1544,#1805,.T.);
#1157=EDGE_CURVE('',#1545,#1504,#1806,.T.);
#1158=EDGE_CURVE('',#1507,#1501,#1807,.T.);
#1159=EDGE_CURVE('',#1502,#1508,#1808,.T.);
#1160=EDGE_CURVE('',#1546,#1547,#1809,.T.);
#1161=EDGE_CURVE('',#1546,#1505,#1810,.T.);
#1162=EDGE_CURVE('',#1547,#1506,#1811,.T.);
#1163=EDGE_CURVE('',#1548,#1549,#1812,.T.);
#1164=EDGE_CURVE('',#1548,#1546,#1813,.T.);
#1165=EDGE_CURVE('',#1549,#1547,#1814,.T.);
#1166=EDGE_CURVE('',#1458,#1550,#1815,.T.);
#1167=EDGE_CURVE('',#1550,#1551,#41,.T.);
#1168=EDGE_CURVE('',#1551,#1511,#1816,.T.);
#1169=EDGE_CURVE('',#1510,#1549,#1817,.T.);
#1170=EDGE_CURVE('',#1550,#1552,#1818,.T.);
#1171=EDGE_CURVE('',#1553,#1552,#42,.T.);
#1172=EDGE_CURVE('',#1554,#1553,#43,.T.);
#1173=EDGE_CURVE('',#1555,#1554,#44,.T.);
#1174=EDGE_CURVE('',#1551,#1555,#1819,.T.);
#1175=EDGE_CURVE('',#1556,#1557,#45,.T.);
#1176=EDGE_CURVE('',#1556,#1557,#1820,.T.);
#1177=EDGE_CURVE('',#1558,#1559,#46,.T.);
#1178=EDGE_CURVE('',#1559,#1558,#1821,.T.);
#1179=EDGE_CURVE('',#1553,#1554,#47,.T.);
#1180=EDGE_CURVE('',#1560,#1561,#48,.T.);
#1181=EDGE_CURVE('',#1561,#1560,#49,.T.);
#1182=EDGE_CURVE('',#1562,#1563,#50,.T.);
#1183=EDGE_CURVE('',#1563,#1562,#51,.T.);
#1184=EDGE_CURVE('',#1564,#1565,#1822,.T.);
#1185=EDGE_CURVE('',#1564,#1566,#1823,.T.);
#1186=EDGE_CURVE('',#1566,#1567,#1824,.T.);
#1187=EDGE_CURVE('',#1557,#1567,#1825,.T.);
#1188=EDGE_CURVE('',#1565,#1556,#1826,.T.);
#1189=EDGE_CURVE('',#1568,#1569,#1827,.T.);
#1190=EDGE_CURVE('',#1567,#1569,#1828,.T.);
#1191=EDGE_CURVE('',#1566,#1568,#1829,.T.);
#1192=EDGE_CURVE('',#1570,#1571,#1830,.T.);
#1193=EDGE_CURVE('',#1569,#1571,#1831,.T.);
#1194=EDGE_CURVE('',#1568,#1570,#1832,.T.);
#1195=EDGE_CURVE('',#1572,#1571,#1833,.T.);
#1196=EDGE_CURVE('',#1573,#1570,#1834,.T.);
#1197=EDGE_CURVE('',#1573,#1572,#1835,.T.);
#1198=EDGE_CURVE('',#1574,#1559,#1836,.T.);
#1199=EDGE_CURVE('',#1558,#1572,#1837,.T.);
#1200=EDGE_CURVE('',#1575,#1573,#1838,.T.);
#1201=EDGE_CURVE('',#1575,#1574,#1839,.T.);
#1202=EDGE_CURVE('',#1576,#1577,#1840,.T.);
#1203=EDGE_CURVE('',#1574,#1577,#1841,.T.);
#1204=EDGE_CURVE('',#1575,#1576,#1842,.T.);
#1205=EDGE_CURVE('',#1578,#1577,#1843,.T.);
#1206=EDGE_CURVE('',#1579,#1576,#1844,.T.);
#1207=EDGE_CURVE('',#1579,#1578,#1845,.T.);
#1208=EDGE_CURVE('',#1565,#1578,#1846,.T.);
#1209=EDGE_CURVE('',#1564,#1579,#1847,.T.);
#1210=EDGE_CURVE('',#1457,#1486,#1848,.T.);
#1211=EDGE_CURVE('',#1580,#1485,#1849,.T.);
#1212=EDGE_CURVE('',#1580,#1581,#1850,.T.);
#1213=EDGE_CURVE('',#1581,#1472,#1851,.T.);
#1214=EDGE_CURVE('',#1471,#1459,#1852,.F.);
#1215=EDGE_CURVE('',#1552,#1536,#1853,.T.);
#1216=EDGE_CURVE('',#1445,#1473,#151,.T.);
#1217=EDGE_CURVE('',#1581,#1446,#52,.T.);
#1218=EDGE_CURVE('',#1448,#1562,#53,.T.);
#1219=EDGE_CURVE('',#1447,#1582,#54,.T.);
#1220=EDGE_CURVE('',#1582,#1583,#1854,.T.);
#1221=EDGE_CURVE('',#1563,#1583,#55,.T.);
#1222=EDGE_CURVE('',#1584,#1585,#1855,.T.);
#1223=EDGE_CURVE('',#1585,#1583,#1856,.T.);
#1224=EDGE_CURVE('',#1584,#1582,#1857,.T.);
#1225=EDGE_CURVE('',#1585,#1560,#56,.T.);
#1226=EDGE_CURVE('',#1584,#1586,#57,.T.);
#1227=EDGE_CURVE('',#1586,#1587,#1858,.T.);
#1228=EDGE_CURVE('',#1561,#1587,#58,.T.);
#1229=EDGE_CURVE('',#1587,#1555,#1859,.T.);
#1230=EDGE_CURVE('',#1586,#1588,#1860,.T.);
#1231=EDGE_CURVE('',#1588,#1484,#1861,.T.);
#1232=EDGE_CURVE('',#1588,#1580,#59,.T.);
#1233=EDGE_CURVE('',#1534,#1535,#60,.T.);
#1234=EDGE_CURVE('',#1449,#1589,#1862,.T.);
#1235=EDGE_CURVE('',#1562,#1534,#61,.T.);
#1236=EDGE_CURVE('',#1440,#1590,#1863,.T.);
#1237=EDGE_CURVE('',#1590,#1589,#1864,.T.);
#1238=EDGE_CURVE('',#1560,#1563,#62,.T.);
#1239=EDGE_CURVE('',#1554,#1561,#63,.T.);
#1240=EDGE_CURVE('',#1535,#1553,#64,.T.);
#1241=EDGE_CURVE('',#1591,#1591,#65,.T.);
#1242=EDGE_CURVE('',#1592,#1592,#66,.T.);
#1243=EDGE_CURVE('',#1557,#1593,#67,.T.);
#1244=EDGE_CURVE('',#1594,#1558,#68,.T.);
#1245=EDGE_CURVE('',#1595,#1594,#69,.T.);
#1246=EDGE_CURVE('',#1596,#1595,#70,.T.);
#1247=EDGE_CURVE('',#1597,#1596,#71,.T.);
#1248=EDGE_CURVE('',#1598,#1597,#72,.T.);
#1249=EDGE_CURVE('',#1593,#1598,#73,.T.);
#1250=EDGE_CURVE('',#1599,#1599,#74,.T.);
#1251=EDGE_CURVE('',#1600,#1600,#75,.T.);
#1252=EDGE_CURVE('',#1601,#1601,#76,.T.);
#1253=EDGE_CURVE('',#1602,#1602,#77,.T.);
#1254=EDGE_CURVE('',#1603,#1603,#78,.T.);
#1255=EDGE_CURVE('',#1604,#1604,#79,.T.);
#1256=EDGE_CURVE('',#1605,#1605,#80,.T.);
#1257=EDGE_CURVE('',#1606,#1606,#81,.T.);
#1258=EDGE_CURVE('',#1607,#1607,#82,.T.);
#1259=EDGE_CURVE('',#1608,#1608,#83,.T.);
#1260=EDGE_CURVE('',#1609,#1609,#84,.T.);
#1261=EDGE_CURVE('',#1610,#1610,#85,.T.);
#1262=EDGE_CURVE('',#1611,#1611,#86,.F.);
#1263=EDGE_CURVE('',#1612,#1612,#87,.T.);
#1264=EDGE_CURVE('',#1613,#1613,#88,.T.);
#1265=EDGE_CURVE('',#1614,#1614,#89,.T.);
#1266=EDGE_CURVE('',#1615,#1615,#90,.T.);
#1267=EDGE_CURVE('',#1616,#1616,#91,.T.);
#1268=EDGE_CURVE('',#1617,#1617,#92,.T.);
#1269=EDGE_CURVE('',#1618,#1556,#93,.T.);
#1270=EDGE_CURVE('',#1619,#1618,#94,.T.);
#1271=EDGE_CURVE('',#1620,#1619,#95,.T.);
#1272=EDGE_CURVE('',#1621,#1620,#96,.T.);
#1273=EDGE_CURVE('',#1622,#1621,#97,.T.);
#1274=EDGE_CURVE('',#1623,#1622,#98,.T.);
#1275=EDGE_CURVE('',#1559,#1623,#99,.T.);
#1276=EDGE_CURVE('',#1624,#1624,#100,.T.);
#1277=EDGE_CURVE('',#1625,#1625,#101,.T.);
#1278=EDGE_CURVE('',#1626,#1626,#102,.T.);
#1279=EDGE_CURVE('',#1627,#1627,#103,.T.);
#1280=EDGE_CURVE('',#1628,#1628,#104,.T.);
#1281=EDGE_CURVE('',#1629,#1596,#1865,.T.);
#1282=EDGE_CURVE('',#1630,#1629,#105,.T.);
#1283=EDGE_CURVE('',#1630,#1597,#1866,.T.);
#1284=EDGE_CURVE('',#1631,#1594,#1867,.T.);
#1285=EDGE_CURVE('',#1632,#1631,#106,.T.);
#1286=EDGE_CURVE('',#1632,#1595,#1868,.T.);
#1287=EDGE_CURVE('',#1633,#1622,#1869,.T.);
#1288=EDGE_CURVE('',#1634,#1633,#107,.T.);
#1289=EDGE_CURVE('',#1634,#1623,#1870,.T.);
#1290=EDGE_CURVE('',#1635,#1620,#1871,.T.);
#1291=EDGE_CURVE('',#1636,#1635,#108,.T.);
#1292=EDGE_CURVE('',#1636,#1621,#1872,.T.);
#1293=EDGE_CURVE('',#1637,#1618,#1873,.T.);
#1294=EDGE_CURVE('',#1638,#1637,#109,.T.);
#1295=EDGE_CURVE('',#1638,#1619,#1874,.T.);
#1296=EDGE_CURVE('',#1639,#1598,#1875,.T.);
#1297=EDGE_CURVE('',#1640,#1639,#110,.T.);
#1298=EDGE_CURVE('',#1640,#1593,#1876,.T.);
#1299=EDGE_CURVE('',#1641,#1641,#111,.T.);
#1300=EDGE_CURVE('',#1630,#1639,#112,.T.);
#1301=EDGE_CURVE('',#1632,#1629,#113,.T.);
#1302=EDGE_CURVE('',#1634,#1631,#114,.T.);
#1303=EDGE_CURVE('',#1636,#1633,#115,.T.);
#1304=EDGE_CURVE('',#1638,#1635,#116,.T.);
#1305=EDGE_CURVE('',#1640,#1637,#117,.T.);
#1306=EDGE_CURVE('',#1642,#1643,#118,.T.);
#1307=EDGE_CURVE('',#1642,#1644,#1877,.F.);
#1308=EDGE_CURVE('',#1645,#1644,#119,.F.);
#1309=EDGE_CURVE('',#1645,#1643,#1878,.T.);
#1310=EDGE_CURVE('',#1642,#1643,#120,.T.);
#1311=EDGE_CURVE('',#1646,#1647,#121,.T.);
#1312=EDGE_CURVE('',#1646,#1648,#1879,.F.);
#1313=EDGE_CURVE('',#1649,#1648,#122,.F.);
#1314=EDGE_CURVE('',#1649,#1647,#1880,.T.);
#1315=EDGE_CURVE('',#1646,#1647,#123,.T.);
#1316=EDGE_CURVE('',#1650,#1651,#124,.T.);
#1317=EDGE_CURVE('',#1650,#1652,#1881,.F.);
#1318=EDGE_CURVE('',#1653,#1652,#125,.F.);
#1319=EDGE_CURVE('',#1653,#1651,#1882,.T.);
#1320=EDGE_CURVE('',#1650,#1651,#126,.T.);
#1321=EDGE_CURVE('',#1654,#1655,#127,.T.);
#1322=EDGE_CURVE('',#1654,#1656,#1883,.F.);
#1323=EDGE_CURVE('',#1657,#1656,#128,.F.);
#1324=EDGE_CURVE('',#1657,#1655,#1884,.T.);
#1325=EDGE_CURVE('',#1654,#1655,#129,.T.);
#1326=EDGE_CURVE('',#1656,#1657,#130,.T.);
#1327=EDGE_CURVE('',#1652,#1653,#131,.T.);
#1328=EDGE_CURVE('',#1648,#1649,#132,.T.);
#1329=EDGE_CURVE('',#1644,#1645,#133,.T.);
#1330=EDGE_CURVE('',#1658,#1658,#134,.T.);
#1331=EDGE_CURVE('',#1659,#1659,#135,.T.);
#1332=EDGE_CURVE('',#1509,#1548,#1885,.F.);
#1333=EDGE_CURVE('',#1519,#1512,#1886,.T.);
#1334=EDGE_CURVE('',#1476,#1537,#1887,.T.);
#1335=EDGE_CURVE('',#1660,#1539,#1888,.T.);
#1336=EDGE_CURVE('',#1477,#1660,#1889,.T.);
#1337=EDGE_CURVE('',#1661,#1540,#1890,.F.);
#1338=EDGE_CURVE('',#1660,#1661,#1891,.T.);
#1339=EDGE_CURVE('',#1491,#1542,#1892,.T.);
#1340=EDGE_CURVE('',#1661,#1490,#1893,.T.);
#1341=EDGE_CURVE('',#1492,#1544,#1894,.T.);
#1342=EDGE_CURVE('',#1487,#1503,#1895,.T.);
#1343=EDGE_CURVE('',#1488,#1501,#1896,.T.);
#1344=EDGE_CURVE('',#1479,#1507,#1897,.T.);
#1345=EDGE_CURVE('',#1488,#1479,#1898,.T.);
#1346=EDGE_CURVE('',#1480,#1505,#1899,.T.);
#1347=EDGE_CURVE('',#1481,#1546,#1900,.F.);
#1348=EDGE_CURVE('',#1474,#1517,#1901,.F.);
#1349=EDGE_CURVE('',#1475,#1495,#1902,.T.);
#1350=EDGE_CURVE('',#1468,#1493,#1903,.T.);
#1351=EDGE_CURVE('',#1527,#1499,#1904,.T.);
#1352=EDGE_CURVE('',#1468,#1527,#1905,.T.);
#1353=EDGE_CURVE('',#1529,#1497,#1906,.T.);
#1354=EDGE_CURVE('',#1530,#1521,#1907,.T.);
#1355=EDGE_CURVE('',#1531,#1523,#1908,.F.);
#1356=EDGE_CURVE('',#1662,#1525,#1909,.T.);
#1357=EDGE_CURVE('',#1532,#1662,#1910,.T.);
#1358=EDGE_CURVE('',#1663,#1515,#1911,.F.);
#1359=EDGE_CURVE('',#1662,#1663,#1912,.T.);
#1360=EDGE_CURVE('',#1470,#1516,#1913,.F.);
#1361=EDGE_CURVE('',#1663,#1469,#1914,.T.);
#1362=EDGE_CURVE('',#1664,#1664,#136,.T.);
#1363=EDGE_CURVE('',#1665,#1666,#1915,.T.);
#1364=EDGE_CURVE('',#1666,#1489,#1916,.T.);
#1365=EDGE_CURVE('',#1478,#1665,#1917,.T.);
#1366=EDGE_CURVE('',#1667,#1660,#1918,.T.);
#1367=EDGE_CURVE('',#1667,#1668,#1919,.T.);
#1368=EDGE_CURVE('',#1668,#1477,#1920,.T.);
#1369=EDGE_CURVE('',#1669,#1669,#137,.T.);
#1370=EDGE_CURVE('',#1670,#1661,#1921,.T.);
#1371=EDGE_CURVE('',#1670,#1667,#1922,.T.);
#1372=EDGE_CURVE('',#1490,#1671,#1923,.T.);
#1373=EDGE_CURVE('',#1671,#1670,#1924,.T.);
#1374=EDGE_CURVE('',#1672,#1673,#1925,.T.);
#1375=EDGE_CURVE('',#1673,#1674,#1926,.T.);
#1376=EDGE_CURVE('',#1674,#1675,#1927,.T.);
#1377=EDGE_CURVE('',#1675,#1672,#1928,.T.);
#1378=EDGE_CURVE('',#1676,#1676,#138,.T.);
#1379=EDGE_CURVE('',#1528,#1677,#1929,.T.);
#1380=EDGE_CURVE('',#1677,#1678,#1930,.T.);
#1381=EDGE_CURVE('',#1678,#1467,#1931,.T.);
#1382=EDGE_CURVE('',#1679,#1662,#1932,.T.);
#1383=EDGE_CURVE('',#1679,#1680,#1933,.T.);
#1384=EDGE_CURVE('',#1680,#1532,#1934,.T.);
#1385=EDGE_CURVE('',#1681,#1681,#139,.T.);
#1386=EDGE_CURVE('',#1682,#1663,#1935,.T.);
#1387=EDGE_CURVE('',#1682,#1679,#1936,.T.);
#1388=EDGE_CURVE('',#1469,#1683,#1937,.T.);
#1389=EDGE_CURVE('',#1683,#1682,#1938,.T.);
#1390=EDGE_CURVE('',#1684,#1685,#1939,.T.);
#1391=EDGE_CURVE('',#1685,#1686,#1940,.T.);
#1392=EDGE_CURVE('',#1686,#1687,#1941,.T.);
#1393=EDGE_CURVE('',#1687,#1684,#1942,.T.);
#1394=EDGE_CURVE('',#1672,#1670,#1943,.T.);
#1395=EDGE_CURVE('',#1667,#1675,#1944,.T.);
#1396=EDGE_CURVE('',#1668,#1674,#1945,.T.);
#1397=EDGE_CURVE('',#1665,#1668,#1946,.T.);
#1398=EDGE_CURVE('',#1671,#1666,#1947,.F.);
#1399=EDGE_CURVE('',#1673,#1671,#1948,.F.);
#1400=EDGE_CURVE('',#1665,#1674,#1949,.T.);
#1401=EDGE_CURVE('',#1673,#1666,#1950,.T.);
#1402=EDGE_CURVE('',#1679,#1687,#1951,.T.);
#1403=EDGE_CURVE('',#1684,#1682,#1952,.F.);
#1404=EDGE_CURVE('',#1683,#1678,#1953,.F.);
#1405=EDGE_CURVE('',#1685,#1683,#1954,.T.);
#1406=EDGE_CURVE('',#1680,#1686,#1955,.T.);
#1407=EDGE_CURVE('',#1677,#1680,#1956,.F.);
#1408=EDGE_CURVE('',#1685,#1678,#1957,.F.);
#1409=EDGE_CURVE('',#1677,#1686,#1958,.F.);
#1410=EDGE_CURVE('',#1688,#1689,#140,.T.);
#1411=EDGE_CURVE('',#1690,#1689,#1959,.T.);
#1412=EDGE_CURVE('',#1691,#1690,#141,.T.);
#1413=EDGE_CURVE('',#1691,#1688,#1960,.T.);
#1414=EDGE_CURVE('',#1689,#1692,#1961,.T.);
#1415=EDGE_CURVE('',#1693,#1692,#1962,.T.);
#1416=EDGE_CURVE('',#1690,#1693,#1963,.T.);
#1417=EDGE_CURVE('',#1694,#1695,#1964,.T.);
#1418=EDGE_CURVE('',#1694,#1696,#142,.T.);
#1419=EDGE_CURVE('',#1697,#1696,#1965,.T.);
#1420=EDGE_CURVE('',#1693,#1697,#143,.T.);
#1421=EDGE_CURVE('',#1692,#1695,#144,.T.);
#1422=EDGE_CURVE('',#1696,#1698,#1966,.T.);
#1423=EDGE_CURVE('',#1698,#1699,#1967,.T.);
#1424=EDGE_CURVE('',#1699,#1700,#1968,.T.);
#1425=EDGE_CURVE('',#1590,#1700,#1969,.T.);
#1426=EDGE_CURVE('',#1697,#1439,#1970,.T.);
#1427=EDGE_CURVE('',#1688,#1701,#1971,.T.);
#1428=EDGE_CURVE('',#1691,#1450,#1972,.T.);
#1429=EDGE_CURVE('',#1589,#1701,#1973,.T.);
#1430=EDGE_CURVE('',#1701,#1700,#1974,.T.);
#1431=EDGE_CURVE('',#1702,#1699,#1975,.T.);
#1432=EDGE_CURVE('',#1703,#1702,#1976,.T.);
#1433=EDGE_CURVE('',#1703,#1695,#1977,.T.);
#1434=EDGE_CURVE('',#1704,#1703,#1978,.T.);
#1435=EDGE_CURVE('',#1704,#1694,#1979,.T.);
#1436=EDGE_CURVE('',#1705,#1702,#1980,.T.);
#1437=EDGE_CURVE('',#1704,#1705,#1981,.T.);
#1438=EDGE_CURVE('',#1705,#1698,#1982,.T.);
#1439=VERTEX_POINT('',#4204);
#1440=VERTEX_POINT('',#4205);
#1441=VERTEX_POINT('',#4207);
#1442=VERTEX_POINT('',#4209);
#1443=VERTEX_POINT('',#4211);
#1444=VERTEX_POINT('',#4213);
#1445=VERTEX_POINT('',#4215);
#1446=VERTEX_POINT('',#4217);
#1447=VERTEX_POINT('',#4219);
#1448=VERTEX_POINT('',#4221);
#1449=VERTEX_POINT('',#4223);
#1450=VERTEX_POINT('',#4225);
#1451=VERTEX_POINT('',#4229);
#1452=VERTEX_POINT('',#4230);
#1453=VERTEX_POINT('',#4232);
#1454=VERTEX_POINT('',#4234);
#1455=VERTEX_POINT('',#4238);
#1456=VERTEX_POINT('',#4239);
#1457=VERTEX_POINT('',#4241);
#1458=VERTEX_POINT('',#4243);
#1459=VERTEX_POINT('',#4247);
#1460=VERTEX_POINT('',#4248);
#1461=VERTEX_POINT('',#4250);
#1462=VERTEX_POINT('',#4252);
#1463=VERTEX_POINT('',#4256);
#1464=VERTEX_POINT('',#4257);
#1465=VERTEX_POINT('',#4259);
#1466=VERTEX_POINT('',#4261);
#1467=VERTEX_POINT('',#4265);
#1468=VERTEX_POINT('',#4266);
#1469=VERTEX_POINT('',#4268);
#1470=VERTEX_POINT('',#4270);
#1471=VERTEX_POINT('',#4272);
#1472=VERTEX_POINT('',#4274);
#1473=VERTEX_POINT('',#4276);
#1474=VERTEX_POINT('',#4278);
#1475=VERTEX_POINT('',#4280);
#1476=VERTEX_POINT('',#4284);
#1477=VERTEX_POINT('',#4285);
#1478=VERTEX_POINT('',#4287);
#1479=VERTEX_POINT('',#4289);
#1480=VERTEX_POINT('',#4291);
#1481=VERTEX_POINT('',#4293);
#1482=VERTEX_POINT('',#4295);
#1483=VERTEX_POINT('',#4297);
#1484=VERTEX_POINT('',#4299);
#1485=VERTEX_POINT('',#4301);
#1486=VERTEX_POINT('',#4303);
#1487=VERTEX_POINT('',#4307);
#1488=VERTEX_POINT('',#4308);
#1489=VERTEX_POINT('',#4310);
#1490=VERTEX_POINT('',#4312);
#1491=VERTEX_POINT('',#4314);
#1492=VERTEX_POINT('',#4316);
#1493=VERTEX_POINT('',#4320);
#1494=VERTEX_POINT('',#4321);
#1495=VERTEX_POINT('',#4323);
#1496=VERTEX_POINT('',#4325);
#1497=VERTEX_POINT('',#4329);
#1498=VERTEX_POINT('',#4330);
#1499=VERTEX_POINT('',#4332);
#1500=VERTEX_POINT('',#4334);
#1501=VERTEX_POINT('',#4338);
#1502=VERTEX_POINT('',#4339);
#1503=VERTEX_POINT('',#4341);
#1504=VERTEX_POINT('',#4343);
#1505=VERTEX_POINT('',#4347);
#1506=VERTEX_POINT('',#4348);
#1507=VERTEX_POINT('',#4350);
#1508=VERTEX_POINT('',#4352);
#1509=VERTEX_POINT('',#4356);
#1510=VERTEX_POINT('',#4358);
#1511=VERTEX_POINT('',#4360);
#1512=VERTEX_POINT('',#4364);
#1513=VERTEX_POINT('',#4365);
#1514=VERTEX_POINT('',#4370);
#1515=VERTEX_POINT('',#4372);
#1516=VERTEX_POINT('',#4377);
#1517=VERTEX_POINT('',#4381);
#1518=VERTEX_POINT('',#4382);
#1519=VERTEX_POINT('',#4384);
#1520=VERTEX_POINT('',#4386);
#1521=VERTEX_POINT('',#4396);
#1522=VERTEX_POINT('',#4397);
#1523=VERTEX_POINT('',#4402);
#1524=VERTEX_POINT('',#4403);
#1525=VERTEX_POINT('',#4408);
#1526=VERTEX_POINT('',#4409);
#1527=VERTEX_POINT('',#4417);
#1528=VERTEX_POINT('',#4418);
#1529=VERTEX_POINT('',#4420);
#1530=VERTEX_POINT('',#4422);
#1531=VERTEX_POINT('',#4424);
#1532=VERTEX_POINT('',#4426);
#1533=VERTEX_POINT('',#4431);
#1534=VERTEX_POINT('',#4435);
#1535=VERTEX_POINT('',#4437);
#1536=VERTEX_POINT('',#4439);
#1537=VERTEX_POINT('',#4446);
#1538=VERTEX_POINT('',#4448);
#1539=VERTEX_POINT('',#4450);
#1540=VERTEX_POINT('',#4454);
#1541=VERTEX_POINT('',#4455);
#1542=VERTEX_POINT('',#4460);
#1543=VERTEX_POINT('',#4461);
#1544=VERTEX_POINT('',#4466);
#1545=VERTEX_POINT('',#4467);
#1546=VERTEX_POINT('',#4478);
#1547=VERTEX_POINT('',#4479);
#1548=VERTEX_POINT('',#4484);
#1549=VERTEX_POINT('',#4485);
#1550=VERTEX_POINT('',#4490);
#1551=VERTEX_POINT('',#4492);
#1552=VERTEX_POINT('',#4497);
#1553=VERTEX_POINT('',#4499);
#1554=VERTEX_POINT('',#4501);
#1555=VERTEX_POINT('',#4503);
#1556=VERTEX_POINT('',#4507);
#1557=VERTEX_POINT('',#4508);
#1558=VERTEX_POINT('',#4512);
#1559=VERTEX_POINT('',#4513);
#1560=VERTEX_POINT('',#4519);
#1561=VERTEX_POINT('',#4520);
#1562=VERTEX_POINT('',#4524);
#1563=VERTEX_POINT('',#4525);
#1564=VERTEX_POINT('',#4529);
#1565=VERTEX_POINT('',#4530);
#1566=VERTEX_POINT('',#4532);
#1567=VERTEX_POINT('',#4534);
#1568=VERTEX_POINT('',#4539);
#1569=VERTEX_POINT('',#4540);
#1570=VERTEX_POINT('',#4545);
#1571=VERTEX_POINT('',#4546);
#1572=VERTEX_POINT('',#4551);
#1573=VERTEX_POINT('',#4553);
#1574=VERTEX_POINT('',#4557);
#1575=VERTEX_POINT('',#4560);
#1576=VERTEX_POINT('',#4564);
#1577=VERTEX_POINT('',#4565);
#1578=VERTEX_POINT('',#4570);
#1579=VERTEX_POINT('',#4572);
#1580=VERTEX_POINT('',#4580);
#1581=VERTEX_POINT('',#4582);
#1582=VERTEX_POINT('',#4592);
#1583=VERTEX_POINT('',#4594);
#1584=VERTEX_POINT('',#4598);
#1585=VERTEX_POINT('',#4599);
#1586=VERTEX_POINT('',#4605);
#1587=VERTEX_POINT('',#4607);
#1588=VERTEX_POINT('',#4612);
#1589=VERTEX_POINT('',#4620);
#1590=VERTEX_POINT('',#4623);
#1591=VERTEX_POINT('',#4633);
#1592=VERTEX_POINT('',#4635);
#1593=VERTEX_POINT('',#4637);
#1594=VERTEX_POINT('',#4639);
#1595=VERTEX_POINT('',#4641);
#1596=VERTEX_POINT('',#4643);
#1597=VERTEX_POINT('',#4645);
#1598=VERTEX_POINT('',#4647);
#1599=VERTEX_POINT('',#4651);
#1600=VERTEX_POINT('',#4653);
#1601=VERTEX_POINT('',#4656);
#1602=VERTEX_POINT('',#4658);
#1603=VERTEX_POINT('',#4661);
#1604=VERTEX_POINT('',#4663);
#1605=VERTEX_POINT('',#4666);
#1606=VERTEX_POINT('',#4668);
#1607=VERTEX_POINT('',#4671);
#1608=VERTEX_POINT('',#4673);
#1609=VERTEX_POINT('',#4676);
#1610=VERTEX_POINT('',#4678);
#1611=VERTEX_POINT('',#4681);
#1612=VERTEX_POINT('',#4684);
#1613=VERTEX_POINT('',#4687);
#1614=VERTEX_POINT('',#4690);
#1615=VERTEX_POINT('',#4692);
#1616=VERTEX_POINT('',#4695);
#1617=VERTEX_POINT('',#4697);
#1618=VERTEX_POINT('',#4700);
#1619=VERTEX_POINT('',#4702);
#1620=VERTEX_POINT('',#4704);
#1621=VERTEX_POINT('',#4706);
#1622=VERTEX_POINT('',#4708);
#1623=VERTEX_POINT('',#4710);
#1624=VERTEX_POINT('',#4714);
#1625=VERTEX_POINT('',#4716);
#1626=VERTEX_POINT('',#4718);
#1627=VERTEX_POINT('',#4720);
#1628=VERTEX_POINT('',#4722);
#1629=VERTEX_POINT('',#4725);
#1630=VERTEX_POINT('',#4727);
#1631=VERTEX_POINT('',#4731);
#1632=VERTEX_POINT('',#4733);
#1633=VERTEX_POINT('',#4737);
#1634=VERTEX_POINT('',#4739);
#1635=VERTEX_POINT('',#4743);
#1636=VERTEX_POINT('',#4745);
#1637=VERTEX_POINT('',#4749);
#1638=VERTEX_POINT('',#4751);
#1639=VERTEX_POINT('',#4755);
#1640=VERTEX_POINT('',#4757);
#1641=VERTEX_POINT('',#4761);
#1642=VERTEX_POINT('',#4771);
#1643=VERTEX_POINT('',#4772);
#1644=VERTEX_POINT('',#4774);
#1645=VERTEX_POINT('',#4776);
#1646=VERTEX_POINT('',#4782);
#1647=VERTEX_POINT('',#4783);
#1648=VERTEX_POINT('',#4785);
#1649=VERTEX_POINT('',#4787);
#1650=VERTEX_POINT('',#4793);
#1651=VERTEX_POINT('',#4794);
#1652=VERTEX_POINT('',#4796);
#1653=VERTEX_POINT('',#4798);
#1654=VERTEX_POINT('',#4804);
#1655=VERTEX_POINT('',#4805);
#1656=VERTEX_POINT('',#4807);
#1657=VERTEX_POINT('',#4809);
#1658=VERTEX_POINT('',#4827);
#1659=VERTEX_POINT('',#4831);
#1660=VERTEX_POINT('',#4842);
#1661=VERTEX_POINT('',#4846);
#1662=VERTEX_POINT('',#4882);
#1663=VERTEX_POINT('',#4886);
#1664=VERTEX_POINT('',#4894);
#1665=VERTEX_POINT('',#4896);
#1666=VERTEX_POINT('',#4897);
#1667=VERTEX_POINT('',#4902);
#1668=VERTEX_POINT('',#4904);
#1669=VERTEX_POINT('',#4908);
#1670=VERTEX_POINT('',#4910);
#1671=VERTEX_POINT('',#4914);
#1672=VERTEX_POINT('',#4918);
#1673=VERTEX_POINT('',#4919);
#1674=VERTEX_POINT('',#4921);
#1675=VERTEX_POINT('',#4923);
#1676=VERTEX_POINT('',#4927);
#1677=VERTEX_POINT('',#4929);
#1678=VERTEX_POINT('',#4931);
#1679=VERTEX_POINT('',#4935);
#1680=VERTEX_POINT('',#4937);
#1681=VERTEX_POINT('',#4941);
#1682=VERTEX_POINT('',#4943);
#1683=VERTEX_POINT('',#4947);
#1684=VERTEX_POINT('',#4951);
#1685=VERTEX_POINT('',#4952);
#1686=VERTEX_POINT('',#4954);
#1687=VERTEX_POINT('',#4956);
#1688=VERTEX_POINT('',#4994);
#1689=VERTEX_POINT('',#4995);
#1690=VERTEX_POINT('',#4997);
#1691=VERTEX_POINT('',#4999);
#1692=VERTEX_POINT('',#5003);
#1693=VERTEX_POINT('',#5005);
#1694=VERTEX_POINT('',#5009);
#1695=VERTEX_POINT('',#5010);
#1696=VERTEX_POINT('',#5012);
#1697=VERTEX_POINT('',#5014);
#1698=VERTEX_POINT('',#5019);
#1699=VERTEX_POINT('',#5021);
#1700=VERTEX_POINT('',#5023);
#1701=VERTEX_POINT('',#5028);
#1702=VERTEX_POINT('',#5035);
#1703=VERTEX_POINT('',#5037);
#1704=VERTEX_POINT('',#5041);
#1705=VERTEX_POINT('',#5045);
#1706=LINE('',#4203,#1983);
#1707=LINE('',#4206,#1984);
#1708=LINE('',#4208,#1985);
#1709=LINE('',#4210,#1986);
#1710=LINE('',#4212,#1987);
#1711=LINE('',#4214,#1988);
#1712=LINE('',#4216,#1989);
#1713=LINE('',#4218,#1990);
#1714=LINE('',#4220,#1991);
#1715=LINE('',#4222,#1992);
#1716=LINE('',#4224,#1993);
#1717=LINE('',#4226,#1994);
#1718=LINE('',#4228,#1995);
#1719=LINE('',#4233,#1996);
#1720=LINE('',#4237,#1997);
#1721=LINE('',#4242,#1998);
#1722=LINE('',#4246,#1999);
#1723=LINE('',#4251,#2000);
#1724=LINE('',#4255,#2001);
#1725=LINE('',#4260,#2002);
#1726=LINE('',#4264,#2003);
#1727=LINE('',#4267,#2004);
#1728=LINE('',#4269,#2005);
#1729=LINE('',#4271,#2006);
#1730=LINE('',#4273,#2007);
#1731=LINE('',#4277,#2008);
#1732=LINE('',#4279,#2009);
#1733=LINE('',#4283,#2010);
#1734=LINE('',#4286,#2011);
#1735=LINE('',#4288,#2012);
#1736=LINE('',#4292,#2013);
#1737=LINE('',#4294,#2014);
#1738=LINE('',#4298,#2015);
#1739=LINE('',#4302,#2016);
#1740=LINE('',#4304,#2017);
#1741=LINE('',#4309,#2018);
#1742=LINE('',#4311,#2019);
#1743=LINE('',#4313,#2020);
#1744=LINE('',#4315,#2021);
#1745=LINE('',#4317,#2022);
#1746=LINE('',#4319,#2023);
#1747=LINE('',#4324,#2024);
#1748=LINE('',#4328,#2025);
#1749=LINE('',#4333,#2026);
#1750=LINE('',#4337,#2027);
#1751=LINE('',#4342,#2028);
#1752=LINE('',#4346,#2029);
#1753=LINE('',#4351,#2030);
#1754=LINE('',#4357,#2031);
#1755=LINE('',#4361,#2032);
#1756=LINE('',#4363,#2033);
#1757=LINE('',#4369,#2034);
#1758=LINE('',#4371,#2035);
#1759=LINE('',#4373,#2036);
#1760=LINE('',#4375,#2037);
#1761=LINE('',#4376,#2038);
#1762=LINE('',#4378,#2039);
#1763=LINE('',#4380,#2040);
#1764=LINE('',#4383,#2041);
#1765=LINE('',#4385,#2042);
#1766=LINE('',#4387,#2043);
#1767=LINE('',#4389,#2044);
#1768=LINE('',#4390,#2045);
#1769=LINE('',#4392,#2046);
#1770=LINE('',#4393,#2047);
#1771=LINE('',#4395,#2048);
#1772=LINE('',#4398,#2049);
#1773=LINE('',#4399,#2050);
#1774=LINE('',#4401,#2051);
#1775=LINE('',#4404,#2052);
#1776=LINE('',#4405,#2053);
#1777=LINE('',#4407,#2054);
#1778=LINE('',#4410,#2055);
#1779=LINE('',#4411,#2056);
#1780=LINE('',#4413,#2057);
#1781=LINE('',#4414,#2058);
#1782=LINE('',#4416,#2059);
#1783=LINE('',#4421,#2060);
#1784=LINE('',#4423,#2061);
#1785=LINE('',#4425,#2062);
#1786=LINE('',#4427,#2063);
#1787=LINE('',#4429,#2064);
#1788=LINE('',#4432,#2065);
#1789=LINE('',#4440,#2066);
#1790=LINE('',#4442,#2067);
#1791=LINE('',#4443,#2068);
#1792=LINE('',#4445,#2069);
#1793=LINE('',#4447,#2070);
#1794=LINE('',#4449,#2071);
#1795=LINE('',#4451,#2072);
#1796=LINE('',#4453,#2073);
#1797=LINE('',#4456,#2074);
#1798=LINE('',#4457,#2075);
#1799=LINE('',#4459,#2076);
#1800=LINE('',#4462,#2077);
#1801=LINE('',#4463,#2078);
#1802=LINE('',#4465,#2079);
#1803=LINE('',#4468,#2080);
#1804=LINE('',#4469,#2081);
#1805=LINE('',#4471,#2082);
#1806=LINE('',#4472,#2083);
#1807=LINE('',#4474,#2084);
#1808=LINE('',#4475,#2085);
#1809=LINE('',#4477,#2086);
#1810=LINE('',#4480,#2087);
#1811=LINE('',#4481,#2088);
#1812=LINE('',#4483,#2089);
#1813=LINE('',#4486,#2090);
#1814=LINE('',#4487,#2091);
#1815=LINE('',#4489,#2092);
#1816=LINE('',#4493,#2093);
#1817=LINE('',#4494,#2094);
#1818=LINE('',#4496,#2095);
#1819=LINE('',#4504,#2096);
#1820=LINE('',#4509,#2097);
#1821=LINE('',#4514,#2098);
#1822=LINE('',#4528,#2099);
#1823=LINE('',#4531,#2100);
#1824=LINE('',#4533,#2101);
#1825=LINE('',#4535,#2102);
#1826=LINE('',#4536,#2103);
#1827=LINE('',#4538,#2104);
#1828=LINE('',#4541,#2105);
#1829=LINE('',#4542,#2106);
#1830=LINE('',#4544,#2107);
#1831=LINE('',#4547,#2108);
#1832=LINE('',#4548,#2109);
#1833=LINE('',#4550,#2110);
#1834=LINE('',#4552,#2111);
#1835=LINE('',#4554,#2112);
#1836=LINE('',#4556,#2113);
#1837=LINE('',#4558,#2114);
#1838=LINE('',#4559,#2115);
#1839=LINE('',#4561,#2116);
#1840=LINE('',#4563,#2117);
#1841=LINE('',#4566,#2118);
#1842=LINE('',#4567,#2119);
#1843=LINE('',#4569,#2120);
#1844=LINE('',#4571,#2121);
#1845=LINE('',#4573,#2122);
#1846=LINE('',#4575,#2123);
#1847=LINE('',#4576,#2124);
#1848=LINE('',#4578,#2125);
#1849=LINE('',#4579,#2126);
#1850=LINE('',#4581,#2127);
#1851=LINE('',#4583,#2128);
#1852=LINE('',#4584,#2129);
#1853=LINE('',#4585,#2130);
#1854=LINE('',#4593,#2131);
#1855=LINE('',#4597,#2132);
#1856=LINE('',#4600,#2133);
#1857=LINE('',#4601,#2134);
#1858=LINE('',#4606,#2135);
#1859=LINE('',#4610,#2136);
#1860=LINE('',#4611,#2137);
#1861=LINE('',#4613,#2138);
#1862=LINE('',#4619,#2139);
#1863=LINE('',#4622,#2140);
#1864=LINE('',#4624,#2141);
#1865=LINE('',#4724,#2142);
#1866=LINE('',#4728,#2143);
#1867=LINE('',#4730,#2144);
#1868=LINE('',#4734,#2145);
#1869=LINE('',#4736,#2146);
#1870=LINE('',#4740,#2147);
#1871=LINE('',#4742,#2148);
#1872=LINE('',#4746,#2149);
#1873=LINE('',#4748,#2150);
#1874=LINE('',#4752,#2151);
#1875=LINE('',#4754,#2152);
#1876=LINE('',#4758,#2153);
#1877=LINE('',#4773,#2154);
#1878=LINE('',#4777,#2155);
#1879=LINE('',#4784,#2156);
#1880=LINE('',#4788,#2157);
#1881=LINE('',#4795,#2158);
#1882=LINE('',#4799,#2159);
#1883=LINE('',#4806,#2160);
#1884=LINE('',#4810,#2161);
#1885=LINE('',#4835,#2162);
#1886=LINE('',#4837,#2163);
#1887=LINE('',#4839,#2164);
#1888=LINE('',#4841,#2165);
#1889=LINE('',#4843,#2166);
#1890=LINE('',#4845,#2167);
#1891=LINE('',#4847,#2168);
#1892=LINE('',#4849,#2169);
#1893=LINE('',#4850,#2170);
#1894=LINE('',#4852,#2171);
#1895=LINE('',#4854,#2172);
#1896=LINE('',#4856,#2173);
#1897=LINE('',#4858,#2174);
#1898=LINE('',#4859,#2175);
#1899=LINE('',#4861,#2176);
#1900=LINE('',#4863,#2177);
#1901=LINE('',#4866,#2178);
#1902=LINE('',#4868,#2179);
#1903=LINE('',#4870,#2180);
#1904=LINE('',#4872,#2181);
#1905=LINE('',#4873,#2182);
#1906=LINE('',#4875,#2183);
#1907=LINE('',#4877,#2184);
#1908=LINE('',#4879,#2185);
#1909=LINE('',#4881,#2186);
#1910=LINE('',#4883,#2187);
#1911=LINE('',#4885,#2188);
#1912=LINE('',#4887,#2189);
#1913=LINE('',#4889,#2190);
#1914=LINE('',#4890,#2191);
#1915=LINE('',#4895,#2192);
#1916=LINE('',#4898,#2193);
#1917=LINE('',#4899,#2194);
#1918=LINE('',#4901,#2195);
#1919=LINE('',#4903,#2196);
#1920=LINE('',#4905,#2197);
#1921=LINE('',#4909,#2198);
#1922=LINE('',#4911,#2199);
#1923=LINE('',#4913,#2200);
#1924=LINE('',#4915,#2201);
#1925=LINE('',#4917,#2202);
#1926=LINE('',#4920,#2203);
#1927=LINE('',#4922,#2204);
#1928=LINE('',#4924,#2205);
#1929=LINE('',#4928,#2206);
#1930=LINE('',#4930,#2207);
#1931=LINE('',#4932,#2208);
#1932=LINE('',#4934,#2209);
#1933=LINE('',#4936,#2210);
#1934=LINE('',#4938,#2211);
#1935=LINE('',#4942,#2212);
#1936=LINE('',#4944,#2213);
#1937=LINE('',#4946,#2214);
#1938=LINE('',#4948,#2215);
#1939=LINE('',#4950,#2216);
#1940=LINE('',#4953,#2217);
#1941=LINE('',#4955,#2218);
#1942=LINE('',#4957,#2219);
#1943=LINE('',#4959,#2220);
#1944=LINE('',#4960,#2221);
#1945=LINE('',#4962,#2222);
#1946=LINE('',#4964,#2223);
#1947=LINE('',#4966,#2224);
#1948=LINE('',#4968,#2225);
#1949=LINE('',#4970,#2226);
#1950=LINE('',#4972,#2227);
#1951=LINE('',#4975,#2228);
#1952=LINE('',#4976,#2229);
#1953=LINE('',#4978,#2230);
#1954=LINE('',#4980,#2231);
#1955=LINE('',#4982,#2232);
#1956=LINE('',#4984,#2233);
#1957=LINE('',#4986,#2234);
#1958=LINE('',#4988,#2235);
#1959=LINE('',#4996,#2236);
#1960=LINE('',#5000,#2237);
#1961=LINE('',#5002,#2238);
#1962=LINE('',#5004,#2239);
#1963=LINE('',#5006,#2240);
#1964=LINE('',#5008,#2241);
#1965=LINE('',#5013,#2242);
#1966=LINE('',#5018,#2243);
#1967=LINE('',#5020,#2244);
#1968=LINE('',#5022,#2245);
#1969=LINE('',#5024,#2246);
#1970=LINE('',#5025,#2247);
#1971=LINE('',#5027,#2248);
#1972=LINE('',#5029,#2249);
#1973=LINE('',#5030,#2250);
#1974=LINE('',#5033,#2251);
#1975=LINE('',#5034,#2252);
#1976=LINE('',#5036,#2253);
#1977=LINE('',#5038,#2254);
#1978=LINE('',#5040,#2255);
#1979=LINE('',#5042,#2256);
#1980=LINE('',#5044,#2257);
#1981=LINE('',#5046,#2258);
#1982=LINE('',#5048,#2259);
#1983=VECTOR('',#3316,1.);
#1984=VECTOR('',#3317,1.);
#1985=VECTOR('',#3318,1.);
#1986=VECTOR('',#3319,1.);
#1987=VECTOR('',#3320,1.);
#1988=VECTOR('',#3321,1.);
#1989=VECTOR('',#3322,1.);
#1990=VECTOR('',#3323,1.);
#1991=VECTOR('',#3324,1.);
#1992=VECTOR('',#3325,1.);
#1993=VECTOR('',#3326,1.);
#1994=VECTOR('',#3327,1.);
#1995=VECTOR('',#3330,1.);
#1996=VECTOR('',#3333,1.);
#1997=VECTOR('',#3338,1.);
#1998=VECTOR('',#3341,1.);
#1999=VECTOR('',#3346,1.);
#2000=VECTOR('',#3349,1.);
#2001=VECTOR('',#3354,1.);
#2002=VECTOR('',#3357,1.);
#2003=VECTOR('',#3362,1.);
#2004=VECTOR('',#3363,1.);
#2005=VECTOR('',#3364,1.);
#2006=VECTOR('',#3365,1.);
#2007=VECTOR('',#3366,1.);
#2008=VECTOR('',#3369,1.);
#2009=VECTOR('',#3370,1.);
#2010=VECTOR('',#3375,1.);
#2011=VECTOR('',#3376,1.);
#2012=VECTOR('',#3377,1.);
#2013=VECTOR('',#3380,1.);
#2014=VECTOR('',#3381,1.);
#2015=VECTOR('',#3384,1.);
#2016=VECTOR('',#3387,1.);
#2017=VECTOR('',#3388,1.);
#2018=VECTOR('',#3393,1.);
#2019=VECTOR('',#3394,1.);
#2020=VECTOR('',#3395,1.);
#2021=VECTOR('',#3396,1.);
#2022=VECTOR('',#3397,1.);
#2023=VECTOR('',#3400,1.);
#2024=VECTOR('',#3403,1.);
#2025=VECTOR('',#3408,1.);
#2026=VECTOR('',#3411,1.);
#2027=VECTOR('',#3416,1.);
#2028=VECTOR('',#3419,1.);
#2029=VECTOR('',#3424,1.);
#2030=VECTOR('',#3427,1.);
#2031=VECTOR('',#3434,1.);
#2032=VECTOR('',#3437,1.);
#2033=VECTOR('',#3440,1.);
#2034=VECTOR('',#3447,1.);
#2035=VECTOR('',#3448,1.);
#2036=VECTOR('',#3449,1.);
#2037=VECTOR('',#3452,1.);
#2038=VECTOR('',#3453,1.);
#2039=VECTOR('',#3454,1.);
#2040=VECTOR('',#3457,1.);
#2041=VECTOR('',#3458,1.);
#2042=VECTOR('',#3459,1.);
#2043=VECTOR('',#3460,1.);
#2044=VECTOR('',#3463,1.);
#2045=VECTOR('',#3464,1.);
#2046=VECTOR('',#3467,1.);
#2047=VECTOR('',#3468,1.);
#2048=VECTOR('',#3471,1.);
#2049=VECTOR('',#3472,1.);
#2050=VECTOR('',#3473,1.);
#2051=VECTOR('',#3476,1.);
#2052=VECTOR('',#3477,1.);
#2053=VECTOR('',#3478,1.);
#2054=VECTOR('',#3481,1.);
#2055=VECTOR('',#3482,1.);
#2056=VECTOR('',#3483,1.);
#2057=VECTOR('',#3486,1.);
#2058=VECTOR('',#3487,1.);
#2059=VECTOR('',#3490,1.);
#2060=VECTOR('',#3493,1.);
#2061=VECTOR('',#3494,1.);
#2062=VECTOR('',#3495,1.);
#2063=VECTOR('',#3496,1.);
#2064=VECTOR('',#3499,1.);
#2065=VECTOR('',#3502,1.);
#2066=VECTOR('',#3511,1.);
#2067=VECTOR('',#3514,1.);
#2068=VECTOR('',#3515,1.);
#2069=VECTOR('',#3518,1.);
#2070=VECTOR('',#3519,1.);
#2071=VECTOR('',#3520,1.);
#2072=VECTOR('',#3521,1.);
#2073=VECTOR('',#3524,1.);
#2074=VECTOR('',#3525,1.);
#2075=VECTOR('',#3526,1.);
#2076=VECTOR('',#3529,1.);
#2077=VECTOR('',#3530,1.);
#2078=VECTOR('',#3531,1.);
#2079=VECTOR('',#3534,1.);
#2080=VECTOR('',#3535,1.);
#2081=VECTOR('',#3536,1.);
#2082=VECTOR('',#3539,1.);
#2083=VECTOR('',#3540,1.);
#2084=VECTOR('',#3543,1.);
#2085=VECTOR('',#3544,1.);
#2086=VECTOR('',#3547,1.);
#2087=VECTOR('',#3548,1.);
#2088=VECTOR('',#3549,1.);
#2089=VECTOR('',#3552,1.);
#2090=VECTOR('',#3553,1.);
#2091=VECTOR('',#3554,1.);
#2092=VECTOR('',#3557,1.);
#2093=VECTOR('',#3560,1.);
#2094=VECTOR('',#3561,1.);
#2095=VECTOR('',#3564,1.);
#2096=VECTOR('',#3571,1.);
#2097=VECTOR('',#3576,1.);
#2098=VECTOR('',#3581,1.);
#2099=VECTOR('',#3600,1.);
#2100=VECTOR('',#3601,1.);
#2101=VECTOR('',#3602,1.);
#2102=VECTOR('',#3603,1.);
#2103=VECTOR('',#3604,1.);
#2104=VECTOR('',#3607,1.);
#2105=VECTOR('',#3608,1.);
#2106=VECTOR('',#3609,1.);
#2107=VECTOR('',#3612,1.);
#2108=VECTOR('',#3613,1.);
#2109=VECTOR('',#3614,1.);
#2110=VECTOR('',#3617,1.);
#2111=VECTOR('',#3618,1.);
#2112=VECTOR('',#3619,1.);
#2113=VECTOR('',#3622,1.);
#2114=VECTOR('',#3623,1.);
#2115=VECTOR('',#3624,1.);
#2116=VECTOR('',#3625,1.);
#2117=VECTOR('',#3628,1.);
#2118=VECTOR('',#3629,1.);
#2119=VECTOR('',#3630,1.);
#2120=VECTOR('',#3633,1.);
#2121=VECTOR('',#3634,1.);
#2122=VECTOR('',#3635,1.);
#2123=VECTOR('',#3638,1.);
#2124=VECTOR('',#3639,1.);
#2125=VECTOR('',#3642,1.);
#2126=VECTOR('',#3643,1.);
#2127=VECTOR('',#3644,1.);
#2128=VECTOR('',#3645,1.);
#2129=VECTOR('',#3646,1.);
#2130=VECTOR('',#3647,1.);
#2131=VECTOR('',#3660,1.);
#2132=VECTOR('',#3665,1.);
#2133=VECTOR('',#3666,1.);
#2134=VECTOR('',#3667,1.);
#2135=VECTOR('',#3674,1.);
#2136=VECTOR('',#3679,1.);
#2137=VECTOR('',#3680,1.);
#2138=VECTOR('',#3681,1.);
#2139=VECTOR('',#3692,1.);
#2140=VECTOR('',#3695,1.);
#2141=VECTOR('',#3696,1.);
#2142=VECTOR('',#3819,1.);
#2143=VECTOR('',#3822,1.);
#2144=VECTOR('',#3825,1.);
#2145=VECTOR('',#3828,1.);
#2146=VECTOR('',#3831,1.);
#2147=VECTOR('',#3834,1.);
#2148=VECTOR('',#3837,1.);
#2149=VECTOR('',#3840,1.);
#2150=VECTOR('',#3843,1.);
#2151=VECTOR('',#3846,1.);
#2152=VECTOR('',#3849,1.);
#2153=VECTOR('',#3852,1.);
#2154=VECTOR('',#3875,1.);
#2155=VECTOR('',#3878,1.);
#2156=VECTOR('',#3887,1.);
#2157=VECTOR('',#3890,1.);
#2158=VECTOR('',#3899,1.);
#2159=VECTOR('',#3902,1.);
#2160=VECTOR('',#3911,1.);
#2161=VECTOR('',#3914,1.);
#2162=VECTOR('',#3959,1.);
#2163=VECTOR('',#3962,1.);
#2164=VECTOR('',#3965,1.);
#2165=VECTOR('',#3968,1.);
#2166=VECTOR('',#3969,1.);
#2167=VECTOR('',#3972,1.);
#2168=VECTOR('',#3973,1.);
#2169=VECTOR('',#3976,1.);
#2170=VECTOR('',#3977,1.);
#2171=VECTOR('',#3980,1.);
#2172=VECTOR('',#3983,1.);
#2173=VECTOR('',#3986,1.);
#2174=VECTOR('',#3989,1.);
#2175=VECTOR('',#3990,1.);
#2176=VECTOR('',#3993,1.);
#2177=VECTOR('',#3996,1.);
#2178=VECTOR('',#4001,1.);
#2179=VECTOR('',#4004,1.);
#2180=VECTOR('',#4007,1.);
#2181=VECTOR('',#4010,1.);
#2182=VECTOR('',#4011,1.);
#2183=VECTOR('',#4014,1.);
#2184=VECTOR('',#4017,1.);
#2185=VECTOR('',#4020,1.);
#2186=VECTOR('',#4023,1.);
#2187=VECTOR('',#4024,1.);
#2188=VECTOR('',#4027,1.);
#2189=VECTOR('',#4028,1.);
#2190=VECTOR('',#4031,1.);
#2191=VECTOR('',#4032,1.);
#2192=VECTOR('',#4039,1.);
#2193=VECTOR('',#4040,1.);
#2194=VECTOR('',#4041,1.);
#2195=VECTOR('',#4044,1.);
#2196=VECTOR('',#4045,1.);
#2197=VECTOR('',#4046,1.);
#2198=VECTOR('',#4051,1.);
#2199=VECTOR('',#4052,1.);
#2200=VECTOR('',#4055,1.);
#2201=VECTOR('',#4056,1.);
#2202=VECTOR('',#4059,1.);
#2203=VECTOR('',#4060,1.);
#2204=VECTOR('',#4061,1.);
#2205=VECTOR('',#4062,1.);
#2206=VECTOR('',#4067,1.);
#2207=VECTOR('',#4068,1.);
#2208=VECTOR('',#4069,1.);
#2209=VECTOR('',#4072,1.);
#2210=VECTOR('',#4073,1.);
#2211=VECTOR('',#4074,1.);
#2212=VECTOR('',#4079,1.);
#2213=VECTOR('',#4080,1.);
#2214=VECTOR('',#4083,1.);
#2215=VECTOR('',#4084,1.);
#2216=VECTOR('',#4087,1.);
#2217=VECTOR('',#4088,1.);
#2218=VECTOR('',#4089,1.);
#2219=VECTOR('',#4090,1.);
#2220=VECTOR('',#4093,1.);
#2221=VECTOR('',#4094,1.);
#2222=VECTOR('',#4097,1.);
#2223=VECTOR('',#4100,1.);
#2224=VECTOR('',#4103,1.);
#2225=VECTOR('',#4106,1.);
#2226=VECTOR('',#4109,1.);
#2227=VECTOR('',#4112,1.);
#2228=VECTOR('',#4117,1.);
#2229=VECTOR('',#4118,1.);
#2230=VECTOR('',#4121,1.);
#2231=VECTOR('',#4124,1.);
#2232=VECTOR('',#4127,1.);
#2233=VECTOR('',#4130,1.);
#2234=VECTOR('',#4133,1.);
#2235=VECTOR('',#4136,1.);
#2236=VECTOR('',#4147,1.);
#2237=VECTOR('',#4150,1.);
#2238=VECTOR('',#4153,1.);
#2239=VECTOR('',#4154,1.);
#2240=VECTOR('',#4155,1.);
#2241=VECTOR('',#4158,1.);
#2242=VECTOR('',#4161,1.);
#2243=VECTOR('',#4168,1.);
#2244=VECTOR('',#4169,1.);
#2245=VECTOR('',#4170,1.);
#2246=VECTOR('',#4171,1.);
#2247=VECTOR('',#4172,1.);
#2248=VECTOR('',#4175,1.);
#2249=VECTOR('',#4176,1.);
#2250=VECTOR('',#4177,1.);
#2251=VECTOR('',#4182,1.);
#2252=VECTOR('',#4183,1.);
#2253=VECTOR('',#4184,1.);
#2254=VECTOR('',#4185,1.);
#2255=VECTOR('',#4188,1.);
#2256=VECTOR('',#4189,1.);
#2257=VECTOR('',#4192,1.);
#2258=VECTOR('',#4193,1.);
#2259=VECTOR('',#4196,1.);
#2260=EDGE_LOOP('',(#200,#201,#202,#203,#204,#205,#206,#207,#208,#209,#210,
#211));
#2261=EDGE_LOOP('',(#212,#213,#214,#215));
#2262=EDGE_LOOP('',(#216,#217,#218,#219));
#2263=EDGE_LOOP('',(#220,#221,#222,#223));
#2264=EDGE_LOOP('',(#224,#225,#226,#227));
#2265=EDGE_LOOP('',(#228,#229,#230,#231,#232,#233,#234,#235,#236));
#2266=EDGE_LOOP('',(#237,#238,#239,#240,#241,#242,#243,#244,#245,#246,#247));
#2267=EDGE_LOOP('',(#248,#249,#250,#251,#252,#253));
#2268=EDGE_LOOP('',(#254,#255,#256,#257));
#2269=EDGE_LOOP('',(#258,#259,#260,#261));
#2270=EDGE_LOOP('',(#262,#263,#264,#265));
#2271=EDGE_LOOP('',(#266,#267,#268,#269));
#2272=EDGE_LOOP('',(#270,#271,#272,#273,#274));
#2273=EDGE_LOOP('',(#275,#276,#277,#278));
#2274=EDGE_LOOP('',(#279,#280,#281,#282));
#2275=EDGE_LOOP('',(#283,#284,#285,#286,#287));
#2276=EDGE_LOOP('',(#288,#289,#290,#291));
#2277=EDGE_LOOP('',(#292,#293,#294,#295));
#2278=EDGE_LOOP('',(#296,#297,#298,#299));
#2279=EDGE_LOOP('',(#300,#301,#302,#303));
#2280=EDGE_LOOP('',(#304,#305,#306,#307));
#2281=EDGE_LOOP('',(#308,#309,#310,#311));
#2282=EDGE_LOOP('',(#312,#313,#314,#315));
#2283=EDGE_LOOP('',(#316,#317,#318,#319,#320,#321));
#2284=EDGE_LOOP('',(#322,#323,#324,#325,#326,#327,#328,#329,#330,#331,#332,
#333,#334,#335,#336,#337,#338,#339));
#2285=EDGE_LOOP('',(#340,#341,#342,#343,#344,#345));
#2286=EDGE_LOOP('',(#346,#347,#348,#349));
#2287=EDGE_LOOP('',(#350,#351,#352,#353,#354));
#2288=EDGE_LOOP('',(#355,#356,#357,#358));
#2289=EDGE_LOOP('',(#359,#360,#361,#362));
#2290=EDGE_LOOP('',(#363,#364,#365,#366));
#2291=EDGE_LOOP('',(#367,#368,#369,#370));
#2292=EDGE_LOOP('',(#371,#372,#373,#374));
#2293=EDGE_LOOP('',(#375,#376,#377,#378));
#2294=EDGE_LOOP('',(#379,#380,#381,#382));
#2295=EDGE_LOOP('',(#383,#384,#385,#386,#387,#388,#389,#390,#391,#392,#393,
#394,#395,#396,#397,#398,#399,#400));
#2296=EDGE_LOOP('',(#401,#402,#403,#404,#405,#406));
#2297=EDGE_LOOP('',(#407,#408));
#2298=EDGE_LOOP('',(#409,#410));
#2299=EDGE_LOOP('',(#411,#412));
#2300=EDGE_LOOP('',(#413,#414));
#2301=EDGE_LOOP('',(#415,#416));
#2302=EDGE_LOOP('',(#417,#418,#419,#420,#421,#422));
#2303=EDGE_LOOP('',(#423,#424,#425,#426));
#2304=EDGE_LOOP('',(#427,#428,#429,#430));
#2305=EDGE_LOOP('',(#431,#432,#433,#434));
#2306=EDGE_LOOP('',(#435,#436,#437,#438,#439,#440));
#2307=EDGE_LOOP('',(#441,#442,#443,#444));
#2308=EDGE_LOOP('',(#445,#446,#447,#448));
#2309=EDGE_LOOP('',(#449,#450,#451,#452));
#2310=EDGE_LOOP('',(#453,#454,#455,#456,#457,#458,#459,#460,#461,#462,#463,
#464,#465,#466));
#2311=EDGE_LOOP('',(#467,#468,#469,#470,#471));
#2312=EDGE_LOOP('',(#472,#473,#474,#475,#476,#477));
#2313=EDGE_LOOP('',(#478,#479,#480,#481));
#2314=EDGE_LOOP('',(#482,#483,#484,#485,#486,#487));
#2315=EDGE_LOOP('',(#488,#489,#490,#491,#492,#493,#494,#495));
#2316=EDGE_LOOP('',(#496,#497,#498,#499));
#2317=EDGE_LOOP('',(#500,#501));
#2318=EDGE_LOOP('',(#502,#503,#504,#505,#506,#507,#508,#509));
#2319=EDGE_LOOP('',(#510,#511,#512,#513));
#2320=EDGE_LOOP('',(#514,#515,#516,#517));
#2321=EDGE_LOOP('',(#518,#519,#520,#521));
#2322=EDGE_LOOP('',(#522));
#2323=EDGE_LOOP('',(#523));
#2324=EDGE_LOOP('',(#524,#525,#526,#527,#528,#529,#530,#531,#532,#533,#534,
#535));
#2325=EDGE_LOOP('',(#536));
#2326=EDGE_LOOP('',(#537));
#2327=EDGE_LOOP('',(#538));
#2328=EDGE_LOOP('',(#539));
#2329=EDGE_LOOP('',(#540));
#2330=EDGE_LOOP('',(#541));
#2331=EDGE_LOOP('',(#542));
#2332=EDGE_LOOP('',(#543));
#2333=EDGE_LOOP('',(#544));
#2334=EDGE_LOOP('',(#545));
#2335=EDGE_LOOP('',(#546));
#2336=EDGE_LOOP('',(#547));
#2337=EDGE_LOOP('',(#548,#549,#550,#551,#552,#553,#554,#555));
#2338=EDGE_LOOP('',(#556));
#2339=EDGE_LOOP('',(#557));
#2340=EDGE_LOOP('',(#558));
#2341=EDGE_LOOP('',(#559));
#2342=EDGE_LOOP('',(#560));
#2343=EDGE_LOOP('',(#561));
#2344=EDGE_LOOP('',(#562));
#2345=EDGE_LOOP('',(#563));
#2346=EDGE_LOOP('',(#564));
#2347=EDGE_LOOP('',(#565,#566,#567,#568,#569,#570,#571,#572,#573,#574,#575,
#576));
#2348=EDGE_LOOP('',(#577));
#2349=EDGE_LOOP('',(#578));
#2350=EDGE_LOOP('',(#579));
#2351=EDGE_LOOP('',(#580));
#2352=EDGE_LOOP('',(#581));
#2353=EDGE_LOOP('',(#582));
#2354=EDGE_LOOP('',(#583));
#2355=EDGE_LOOP('',(#584));
#2356=EDGE_LOOP('',(#585));
#2357=EDGE_LOOP('',(#586));
#2358=EDGE_LOOP('',(#587));
#2359=EDGE_LOOP('',(#588));
#2360=EDGE_LOOP('',(#589));
#2361=EDGE_LOOP('',(#590));
#2362=EDGE_LOOP('',(#591,#592,#593,#594));
#2363=EDGE_LOOP('',(#595,#596,#597,#598));
#2364=EDGE_LOOP('',(#599,#600,#601,#602));
#2365=EDGE_LOOP('',(#603,#604,#605,#606));
#2366=EDGE_LOOP('',(#607,#608,#609,#610));
#2367=EDGE_LOOP('',(#611,#612,#613,#614));
#2368=EDGE_LOOP('',(#615));
#2369=EDGE_LOOP('',(#616,#617,#618,#619,#620,#621,#622,#623,#624,#625,#626,
#627));
#2370=EDGE_LOOP('',(#628));
#2371=EDGE_LOOP('',(#629));
#2372=EDGE_LOOP('',(#630,#631,#632,#633));
#2373=EDGE_LOOP('',(#634));
#2374=EDGE_LOOP('',(#635,#636));
#2375=EDGE_LOOP('',(#637));
#2376=EDGE_LOOP('',(#638,#639,#640,#641));
#2377=EDGE_LOOP('',(#642));
#2378=EDGE_LOOP('',(#643,#644));
#2379=EDGE_LOOP('',(#645));
#2380=EDGE_LOOP('',(#646,#647,#648,#649));
#2381=EDGE_LOOP('',(#650));
#2382=EDGE_LOOP('',(#651,#652));
#2383=EDGE_LOOP('',(#653));
#2384=EDGE_LOOP('',(#654,#655,#656,#657));
#2385=EDGE_LOOP('',(#658));
#2386=EDGE_LOOP('',(#659,#660));
#2387=EDGE_LOOP('',(#661));
#2388=EDGE_LOOP('',(#662));
#2389=EDGE_LOOP('',(#663,#664));
#2390=EDGE_LOOP('',(#665,#666,#667,#668));
#2391=EDGE_LOOP('',(#669,#670,#671,#672));
#2392=EDGE_LOOP('',(#673));
#2393=EDGE_LOOP('',(#674,#675));
#2394=EDGE_LOOP('',(#676,#677,#678,#679));
#2395=EDGE_LOOP('',(#680,#681,#682,#683));
#2396=EDGE_LOOP('',(#684));
#2397=EDGE_LOOP('',(#685,#686));
#2398=EDGE_LOOP('',(#687,#688,#689,#690));
#2399=EDGE_LOOP('',(#691,#692,#693,#694));
#2400=EDGE_LOOP('',(#695));
#2401=EDGE_LOOP('',(#696,#697));
#2402=EDGE_LOOP('',(#698,#699,#700,#701));
#2403=EDGE_LOOP('',(#702,#703,#704,#705));
#2404=EDGE_LOOP('',(#706));
#2405=EDGE_LOOP('',(#707,#708,#709,#710,#711,#712));
#2406=EDGE_LOOP('',(#713));
#2407=EDGE_LOOP('',(#714));
#2408=EDGE_LOOP('',(#715));
#2409=EDGE_LOOP('',(#716,#717,#718,#719,#720,#721));
#2410=EDGE_LOOP('',(#722));
#2411=EDGE_LOOP('',(#723));
#2412=EDGE_LOOP('',(#724,#725,#726,#727,#728,#729,#730,#731));
#2413=EDGE_LOOP('',(#732,#733,#734,#735,#736,#737,#738,#739));
#2414=EDGE_LOOP('',(#740,#741,#742,#743));
#2415=EDGE_LOOP('',(#744,#745,#746,#747));
#2416=EDGE_LOOP('',(#748,#749,#750,#751,#752,#753,#754));
#2417=EDGE_LOOP('',(#755,#756,#757,#758,#759));
#2418=EDGE_LOOP('',(#760,#761,#762,#763));
#2419=EDGE_LOOP('',(#764,#765,#766,#767,#768));
#2420=EDGE_LOOP('',(#769,#770,#771,#772));
#2421=EDGE_LOOP('',(#773,#774,#775,#776));
#2422=EDGE_LOOP('',(#777,#778,#779,#780));
#2423=EDGE_LOOP('',(#781,#782,#783,#784));
#2424=EDGE_LOOP('',(#785,#786,#787,#788));
#2425=EDGE_LOOP('',(#789,#790,#791,#792));
#2426=EDGE_LOOP('',(#793,#794,#795,#796,#797));
#2427=EDGE_LOOP('',(#798,#799,#800,#801,#802,#803,#804));
#2428=EDGE_LOOP('',(#805,#806,#807,#808));
#2429=EDGE_LOOP('',(#809,#810,#811,#812));
#2430=EDGE_LOOP('',(#813,#814,#815,#816));
#2431=EDGE_LOOP('',(#817,#818,#819,#820));
#2432=EDGE_LOOP('',(#821,#822,#823,#824));
#2433=EDGE_LOOP('',(#825,#826,#827,#828));
#2434=EDGE_LOOP('',(#829,#830,#831,#832,#833));
#2435=EDGE_LOOP('',(#834,#835,#836,#837));
#2436=EDGE_LOOP('',(#838,#839,#840,#841,#842,#843,#844));
#2437=EDGE_LOOP('',(#845,#846,#847,#848,#849));
#2438=EDGE_LOOP('',(#850));
#2439=EDGE_LOOP('',(#851,#852,#853,#854,#855,#856));
#2440=EDGE_LOOP('',(#857,#858,#859,#860));
#2441=EDGE_LOOP('',(#861));
#2442=EDGE_LOOP('',(#862,#863,#864,#865));
#2443=EDGE_LOOP('',(#866,#867,#868,#869));
#2444=EDGE_LOOP('',(#870,#871,#872,#873));
#2445=EDGE_LOOP('',(#874));
#2446=EDGE_LOOP('',(#875,#876,#877,#878,#879,#880));
#2447=EDGE_LOOP('',(#881,#882,#883,#884));
#2448=EDGE_LOOP('',(#885));
#2449=EDGE_LOOP('',(#886,#887,#888,#889));
#2450=EDGE_LOOP('',(#890,#891,#892,#893));
#2451=EDGE_LOOP('',(#894,#895,#896,#897));
#2452=EDGE_LOOP('',(#898,#899,#900,#901));
#2453=EDGE_LOOP('',(#902,#903,#904,#905));
#2454=EDGE_LOOP('',(#906,#907,#908,#909));
#2455=EDGE_LOOP('',(#910,#911,#912,#913));
#2456=EDGE_LOOP('',(#914,#915,#916,#917));
#2457=EDGE_LOOP('',(#918,#919,#920));
#2458=EDGE_LOOP('',(#921,#922,#923));
#2459=EDGE_LOOP('',(#924,#925,#926,#927));
#2460=EDGE_LOOP('',(#928,#929,#930,#931));
#2461=EDGE_LOOP('',(#932,#933,#934,#935));
#2462=EDGE_LOOP('',(#936,#937,#938,#939));
#2463=EDGE_LOOP('',(#940,#941,#942,#943));
#2464=EDGE_LOOP('',(#944,#945,#946,#947));
#2465=EDGE_LOOP('',(#948,#949,#950));
#2466=EDGE_LOOP('',(#951,#952,#953));
#2467=EDGE_LOOP('',(#954,#955,#956,#957));
#2468=EDGE_LOOP('',(#958));
#2469=EDGE_LOOP('',(#959));
#2470=EDGE_LOOP('',(#960));
#2471=EDGE_LOOP('',(#961));
#2472=EDGE_LOOP('',(#962,#963,#964,#965));
#2473=EDGE_LOOP('',(#966,#967,#968,#969));
#2474=EDGE_LOOP('',(#970,#971,#972,#973,#974,#975));
#2475=EDGE_LOOP('',(#976,#977,#978,#979,#980,#981,#982,#983));
#2476=EDGE_LOOP('',(#984,#985,#986,#987,#988,#989));
#2477=EDGE_LOOP('',(#990,#991,#992,#993,#994,#995));
#2478=EDGE_LOOP('',(#996,#997,#998,#999,#1000,#1001,#1002,#1003,#1004));
#2479=EDGE_LOOP('',(#1005,#1006,#1007,#1008));
#2480=EDGE_LOOP('',(#1009,#1010,#1011,#1012));
#2481=EDGE_LOOP('',(#1013,#1014,#1015,#1016));
#2482=EDGE_LOOP('',(#1017,#1018,#1019,#1020,#1021));
#2483=EDGE_LOOP('',(#1022,#1023,#1024,#1025));
#2484=FACE_BOUND('',#2260,.T.);
#2485=FACE_BOUND('',#2261,.T.);
#2486=FACE_BOUND('',#2262,.T.);
#2487=FACE_BOUND('',#2263,.T.);
#2488=FACE_BOUND('',#2264,.T.);
#2489=FACE_BOUND('',#2265,.T.);
#2490=FACE_BOUND('',#2266,.T.);
#2491=FACE_BOUND('',#2267,.T.);
#2492=FACE_BOUND('',#2268,.T.);
#2493=FACE_BOUND('',#2269,.T.);
#2494=FACE_BOUND('',#2270,.T.);
#2495=FACE_BOUND('',#2271,.T.);
#2496=FACE_BOUND('',#2272,.T.);
#2497=FACE_BOUND('',#2273,.T.);
#2498=FACE_BOUND('',#2274,.T.);
#2499=FACE_BOUND('',#2275,.T.);
#2500=FACE_BOUND('',#2276,.T.);
#2501=FACE_BOUND('',#2277,.T.);
#2502=FACE_BOUND('',#2278,.T.);
#2503=FACE_BOUND('',#2279,.T.);
#2504=FACE_BOUND('',#2280,.T.);
#2505=FACE_BOUND('',#2281,.T.);
#2506=FACE_BOUND('',#2282,.T.);
#2507=FACE_BOUND('',#2283,.T.);
#2508=FACE_BOUND('',#2284,.T.);
#2509=FACE_BOUND('',#2285,.T.);
#2510=FACE_BOUND('',#2286,.T.);
#2511=FACE_BOUND('',#2287,.T.);
#2512=FACE_BOUND('',#2288,.T.);
#2513=FACE_BOUND('',#2289,.T.);
#2514=FACE_BOUND('',#2290,.T.);
#2515=FACE_BOUND('',#2291,.T.);
#2516=FACE_BOUND('',#2292,.T.);
#2517=FACE_BOUND('',#2293,.T.);
#2518=FACE_BOUND('',#2294,.T.);
#2519=FACE_BOUND('',#2295,.T.);
#2520=FACE_BOUND('',#2296,.T.);
#2521=FACE_BOUND('',#2297,.T.);
#2522=FACE_BOUND('',#2298,.T.);
#2523=FACE_BOUND('',#2299,.T.);
#2524=FACE_BOUND('',#2300,.T.);
#2525=FACE_BOUND('',#2301,.T.);
#2526=FACE_BOUND('',#2302,.T.);
#2527=FACE_BOUND('',#2303,.T.);
#2528=FACE_BOUND('',#2304,.T.);
#2529=FACE_BOUND('',#2305,.T.);
#2530=FACE_BOUND('',#2306,.T.);
#2531=FACE_BOUND('',#2307,.T.);
#2532=FACE_BOUND('',#2308,.T.);
#2533=FACE_BOUND('',#2309,.T.);
#2534=FACE_BOUND('',#2310,.T.);
#2535=FACE_BOUND('',#2311,.T.);
#2536=FACE_BOUND('',#2312,.T.);
#2537=FACE_BOUND('',#2313,.T.);
#2538=FACE_BOUND('',#2314,.T.);
#2539=FACE_BOUND('',#2315,.T.);
#2540=FACE_BOUND('',#2316,.T.);
#2541=FACE_BOUND('',#2317,.T.);
#2542=FACE_BOUND('',#2318,.T.);
#2543=FACE_BOUND('',#2319,.T.);
#2544=FACE_BOUND('',#2320,.T.);
#2545=FACE_BOUND('',#2321,.T.);
#2546=FACE_BOUND('',#2322,.T.);
#2547=FACE_BOUND('',#2323,.T.);
#2548=FACE_BOUND('',#2324,.T.);
#2549=FACE_BOUND('',#2325,.T.);
#2550=FACE_BOUND('',#2326,.T.);
#2551=FACE_BOUND('',#2327,.T.);
#2552=FACE_BOUND('',#2328,.T.);
#2553=FACE_BOUND('',#2329,.T.);
#2554=FACE_BOUND('',#2330,.T.);
#2555=FACE_BOUND('',#2331,.T.);
#2556=FACE_BOUND('',#2332,.T.);
#2557=FACE_BOUND('',#2333,.T.);
#2558=FACE_BOUND('',#2334,.T.);
#2559=FACE_BOUND('',#2335,.T.);
#2560=FACE_BOUND('',#2336,.T.);
#2561=FACE_BOUND('',#2337,.T.);
#2562=FACE_BOUND('',#2338,.T.);
#2563=FACE_BOUND('',#2339,.T.);
#2564=FACE_BOUND('',#2340,.T.);
#2565=FACE_BOUND('',#2341,.T.);
#2566=FACE_BOUND('',#2342,.T.);
#2567=FACE_BOUND('',#2343,.T.);
#2568=FACE_BOUND('',#2344,.T.);
#2569=FACE_BOUND('',#2345,.T.);
#2570=FACE_BOUND('',#2346,.T.);
#2571=FACE_BOUND('',#2347,.T.);
#2572=FACE_BOUND('',#2348,.T.);
#2573=FACE_BOUND('',#2349,.T.);
#2574=FACE_BOUND('',#2350,.T.);
#2575=FACE_BOUND('',#2351,.T.);
#2576=FACE_BOUND('',#2352,.T.);
#2577=FACE_BOUND('',#2353,.T.);
#2578=FACE_BOUND('',#2354,.T.);
#2579=FACE_BOUND('',#2355,.T.);
#2580=FACE_BOUND('',#2356,.T.);
#2581=FACE_BOUND('',#2357,.T.);
#2582=FACE_BOUND('',#2358,.T.);
#2583=FACE_BOUND('',#2359,.T.);
#2584=FACE_BOUND('',#2360,.T.);
#2585=FACE_BOUND('',#2361,.T.);
#2586=FACE_BOUND('',#2362,.T.);
#2587=FACE_BOUND('',#2363,.T.);
#2588=FACE_BOUND('',#2364,.T.);
#2589=FACE_BOUND('',#2365,.T.);
#2590=FACE_BOUND('',#2366,.T.);
#2591=FACE_BOUND('',#2367,.T.);
#2592=FACE_BOUND('',#2368,.T.);
#2593=FACE_BOUND('',#2369,.T.);
#2594=FACE_BOUND('',#2370,.T.);
#2595=FACE_BOUND('',#2371,.T.);
#2596=FACE_BOUND('',#2372,.T.);
#2597=FACE_BOUND('',#2373,.T.);
#2598=FACE_BOUND('',#2374,.T.);
#2599=FACE_BOUND('',#2375,.T.);
#2600=FACE_BOUND('',#2376,.T.);
#2601=FACE_BOUND('',#2377,.T.);
#2602=FACE_BOUND('',#2378,.T.);
#2603=FACE_BOUND('',#2379,.T.);
#2604=FACE_BOUND('',#2380,.T.);
#2605=FACE_BOUND('',#2381,.T.);
#2606=FACE_BOUND('',#2382,.T.);
#2607=FACE_BOUND('',#2383,.T.);
#2608=FACE_BOUND('',#2384,.T.);
#2609=FACE_BOUND('',#2385,.T.);
#2610=FACE_BOUND('',#2386,.T.);
#2611=FACE_BOUND('',#2387,.T.);
#2612=FACE_BOUND('',#2388,.T.);
#2613=FACE_BOUND('',#2389,.T.);
#2614=FACE_BOUND('',#2390,.T.);
#2615=FACE_BOUND('',#2391,.T.);
#2616=FACE_BOUND('',#2392,.T.);
#2617=FACE_BOUND('',#2393,.T.);
#2618=FACE_BOUND('',#2394,.T.);
#2619=FACE_BOUND('',#2395,.T.);
#2620=FACE_BOUND('',#2396,.T.);
#2621=FACE_BOUND('',#2397,.T.);
#2622=FACE_BOUND('',#2398,.T.);
#2623=FACE_BOUND('',#2399,.T.);
#2624=FACE_BOUND('',#2400,.T.);
#2625=FACE_BOUND('',#2401,.T.);
#2626=FACE_BOUND('',#2402,.T.);
#2627=FACE_BOUND('',#2403,.T.);
#2628=FACE_BOUND('',#2404,.T.);
#2629=FACE_BOUND('',#2405,.T.);
#2630=FACE_BOUND('',#2406,.T.);
#2631=FACE_BOUND('',#2407,.T.);
#2632=FACE_BOUND('',#2408,.T.);
#2633=FACE_BOUND('',#2409,.T.);
#2634=FACE_BOUND('',#2410,.T.);
#2635=FACE_BOUND('',#2411,.T.);
#2636=FACE_BOUND('',#2412,.T.);
#2637=FACE_BOUND('',#2413,.T.);
#2638=FACE_BOUND('',#2414,.T.);
#2639=FACE_BOUND('',#2415,.T.);
#2640=FACE_BOUND('',#2416,.T.);
#2641=FACE_BOUND('',#2417,.T.);
#2642=FACE_BOUND('',#2418,.T.);
#2643=FACE_BOUND('',#2419,.T.);
#2644=FACE_BOUND('',#2420,.T.);
#2645=FACE_BOUND('',#2421,.T.);
#2646=FACE_BOUND('',#2422,.T.);
#2647=FACE_BOUND('',#2423,.T.);
#2648=FACE_BOUND('',#2424,.T.);
#2649=FACE_BOUND('',#2425,.T.);
#2650=FACE_BOUND('',#2426,.T.);
#2651=FACE_BOUND('',#2427,.T.);
#2652=FACE_BOUND('',#2428,.T.);
#2653=FACE_BOUND('',#2429,.T.);
#2654=FACE_BOUND('',#2430,.T.);
#2655=FACE_BOUND('',#2431,.T.);
#2656=FACE_BOUND('',#2432,.T.);
#2657=FACE_BOUND('',#2433,.T.);
#2658=FACE_BOUND('',#2434,.T.);
#2659=FACE_BOUND('',#2435,.T.);
#2660=FACE_BOUND('',#2436,.T.);
#2661=FACE_BOUND('',#2437,.T.);
#2662=FACE_BOUND('',#2438,.T.);
#2663=FACE_BOUND('',#2439,.T.);
#2664=FACE_BOUND('',#2440,.T.);
#2665=FACE_BOUND('',#2441,.T.);
#2666=FACE_BOUND('',#2442,.T.);
#2667=FACE_BOUND('',#2443,.T.);
#2668=FACE_BOUND('',#2444,.T.);
#2669=FACE_BOUND('',#2445,.T.);
#2670=FACE_BOUND('',#2446,.T.);
#2671=FACE_BOUND('',#2447,.T.);
#2672=FACE_BOUND('',#2448,.T.);
#2673=FACE_BOUND('',#2449,.T.);
#2674=FACE_BOUND('',#2450,.T.);
#2675=FACE_BOUND('',#2451,.T.);
#2676=FACE_BOUND('',#2452,.T.);
#2677=FACE_BOUND('',#2453,.T.);
#2678=FACE_BOUND('',#2454,.T.);
#2679=FACE_BOUND('',#2455,.T.);
#2680=FACE_BOUND('',#2456,.T.);
#2681=FACE_BOUND('',#2457,.T.);
#2682=FACE_BOUND('',#2458,.T.);
#2683=FACE_BOUND('',#2459,.T.);
#2684=FACE_BOUND('',#2460,.T.);
#2685=FACE_BOUND('',#2461,.T.);
#2686=FACE_BOUND('',#2462,.T.);
#2687=FACE_BOUND('',#2463,.T.);
#2688=FACE_BOUND('',#2464,.T.);
#2689=FACE_BOUND('',#2465,.T.);
#2690=FACE_BOUND('',#2466,.T.);
#2691=FACE_BOUND('',#2467,.T.);
#2692=FACE_BOUND('',#2468,.T.);
#2693=FACE_BOUND('',#2469,.T.);
#2694=FACE_BOUND('',#2470,.T.);
#2695=FACE_BOUND('',#2471,.T.);
#2696=FACE_BOUND('',#2472,.T.);
#2697=FACE_BOUND('',#2473,.T.);
#2698=FACE_BOUND('',#2474,.T.);
#2699=FACE_BOUND('',#2475,.T.);
#2700=FACE_BOUND('',#2476,.T.);
#2701=FACE_BOUND('',#2477,.T.);
#2702=FACE_BOUND('',#2478,.T.);
#2703=FACE_BOUND('',#2479,.T.);
#2704=FACE_BOUND('',#2480,.T.);
#2705=FACE_BOUND('',#2481,.T.);
#2706=FACE_BOUND('',#2482,.T.);
#2707=FACE_BOUND('',#2483,.T.);
#2708=PLANE('',#3007);
#2709=PLANE('',#3020);
#2710=PLANE('',#3023);
#2711=PLANE('',#3027);
#2712=PLANE('',#3047);
#2713=PLANE('',#3048);
#2714=PLANE('',#3049);
#2715=PLANE('',#3050);
#2716=PLANE('',#3051);
#2717=PLANE('',#3052);
#2718=PLANE('',#3053);
#2719=PLANE('',#3054);
#2720=PLANE('',#3055);
#2721=PLANE('',#3056);
#2722=PLANE('',#3058);
#2723=PLANE('',#3064);
#2724=PLANE('',#3065);
#2725=PLANE('',#3066);
#2726=PLANE('',#3067);
#2727=PLANE('',#3068);
#2728=PLANE('',#3069);
#2729=PLANE('',#3070);
#2730=PLANE('',#3071);
#2731=PLANE('',#3072);
#2732=PLANE('',#3073);
#2733=PLANE('',#3079);
#2734=PLANE('',#3081);
#2735=PLANE('',#3083);
#2736=PLANE('',#3085);
#2737=PLANE('',#3088);
#2738=PLANE('',#3091);
#2739=PLANE('',#3092);
#2740=PLANE('',#3093);
#2741=PLANE('',#3094);
#2742=PLANE('',#3095);
#2743=PLANE('',#3096);
#2744=PLANE('',#3097);
#2745=PLANE('',#3098);
#2746=PLANE('',#3099);
#2747=PLANE('',#3107);
#2748=PLANE('',#3112);
#2749=PLANE('',#3115);
#2750=PLANE('',#3117);
#2751=PLANE('',#3119);
#2752=PLANE('',#3121);
#2753=PLANE('',#3123);
#2754=PLANE('',#3125);
#2755=PLANE('',#3165);
#2756=PLANE('',#3173);
#2757=PLANE('',#3191);
#2758=PLANE('',#3203);
#2759=PLANE('',#3208);
#2760=PLANE('',#3213);
#2761=PLANE('',#3218);
#2762=PLANE('',#3220);
#2763=PLANE('',#3223);
#2764=PLANE('',#3226);
#2765=PLANE('',#3229);
#2766=PLANE('',#3234);
#2767=PLANE('',#3237);
#2768=PLANE('',#3238);
#2769=PLANE('',#3239);
#2770=PLANE('',#3240);
#2771=PLANE('',#3241);
#2772=PLANE('',#3242);
#2773=PLANE('',#3243);
#2774=PLANE('',#3244);
#2775=PLANE('',#3245);
#2776=PLANE('',#3246);
#2777=PLANE('',#3248);
#2778=PLANE('',#3250);
#2779=PLANE('',#3251);
#2780=PLANE('',#3252);
#2781=PLANE('',#3253);
#2782=PLANE('',#3255);
#2783=PLANE('',#3257);
#2784=PLANE('',#3258);
#2785=PLANE('',#3259);
#2786=PLANE('',#3260);
#2787=PLANE('',#3261);
#2788=PLANE('',#3262);
#2789=PLANE('',#3263);
#2790=PLANE('',#3265);
#2791=PLANE('',#3266);
#2792=PLANE('',#3268);
#2793=PLANE('',#3269);
#2794=PLANE('',#3270);
#2795=PLANE('',#3272);
#2796=PLANE('',#3273);
#2797=PLANE('',#3275);
#2798=PLANE('',#3276);
#2799=PLANE('',#3277);
#2800=PLANE('',#3278);
#2801=PLANE('',#3279);
#2802=PLANE('',#3280);
#2803=PLANE('',#3281);
#2804=PLANE('',#3282);
#2805=PLANE('',#3283);
#2806=PLANE('',#3284);
#2807=PLANE('',#3285);
#2808=PLANE('',#3286);
#2809=PLANE('',#3287);
#2810=PLANE('',#3288);
#2811=PLANE('',#3289);
#2812=PLANE('',#3290);
#2813=PLANE('',#3291);
#2814=PLANE('',#3292);
#2815=PLANE('',#3298);
#2816=PLANE('',#3303);
#2817=PLANE('',#3304);
#2818=PLANE('',#3305);
#2819=PLANE('',#3306);
#2820=PLANE('',#3307);
#2821=PLANE('',#3308);
#2822=PLANE('',#3309);
#2823=PLANE('',#3310);
#2824=PLANE('',#3311);
#2825=ADVANCED_FACE('',(#2484),#2708,.F.);
#2826=ADVANCED_FACE('',(#2485),#152,.F.);
#2827=ADVANCED_FACE('',(#2486),#153,.F.);
#2828=ADVANCED_FACE('',(#2487),#154,.F.);
#2829=ADVANCED_FACE('',(#2488),#155,.F.);
#2830=ADVANCED_FACE('',(#2489),#2709,.T.);
#2831=ADVANCED_FACE('',(#2490),#2710,.T.);
#2832=ADVANCED_FACE('',(#2491),#2711,.T.);
#2833=ADVANCED_FACE('',(#2492),#156,.F.);
#2834=ADVANCED_FACE('',(#2493),#157,.F.);
#2835=ADVANCED_FACE('',(#2494),#158,.F.);
#2836=ADVANCED_FACE('',(#2495),#159,.F.);
#2837=ADVANCED_FACE('',(#2496),#160,.F.);
#2838=ADVANCED_FACE('',(#2497),#161,.F.);
#2839=ADVANCED_FACE('',(#2498),#2712,.T.);
#2840=ADVANCED_FACE('',(#2499),#2713,.T.);
#2841=ADVANCED_FACE('',(#2500),#2714,.F.);
#2842=ADVANCED_FACE('',(#2501),#2715,.F.);
#2843=ADVANCED_FACE('',(#2502),#2716,.T.);
#2844=ADVANCED_FACE('',(#2503),#2717,.T.);
#2845=ADVANCED_FACE('',(#2504),#2718,.F.);
#2846=ADVANCED_FACE('',(#2505),#2719,.F.);
#2847=ADVANCED_FACE('',(#2506),#2720,.T.);
#2848=ADVANCED_FACE('',(#2507),#2721,.T.);
#2849=ADVANCED_FACE('',(#2508),#2722,.F.);
#2850=ADVANCED_FACE('',(#2509),#162,.T.);
#2851=ADVANCED_FACE('',(#2510),#2723,.F.);
#2852=ADVANCED_FACE('',(#2511),#2724,.T.);
#2853=ADVANCED_FACE('',(#2512),#2725,.F.);
#2854=ADVANCED_FACE('',(#2513),#2726,.F.);
#2855=ADVANCED_FACE('',(#2514),#2727,.T.);
#2856=ADVANCED_FACE('',(#2515),#2728,.F.);
#2857=ADVANCED_FACE('',(#2516),#2729,.F.);
#2858=ADVANCED_FACE('',(#2517),#2730,.T.);
#2859=ADVANCED_FACE('',(#2518),#2731,.T.);
#2860=ADVANCED_FACE('',(#2519),#2732,.F.);
#2861=ADVANCED_FACE('',(#2520),#163,.T.);
#2862=ADVANCED_FACE('',(#2521),#2733,.T.);
#2863=ADVANCED_FACE('',(#2522),#2734,.T.);
#2864=ADVANCED_FACE('',(#2523),#2735,.T.);
#2865=ADVANCED_FACE('',(#2524),#2736,.T.);
#2866=ADVANCED_FACE('',(#2525),#2737,.T.);
#2867=ADVANCED_FACE('',(#2526),#2738,.T.);
#2868=ADVANCED_FACE('',(#2527),#2739,.T.);
#2869=ADVANCED_FACE('',(#2528),#2740,.T.);
#2870=ADVANCED_FACE('',(#2529),#2741,.F.);
#2871=ADVANCED_FACE('',(#2530),#2742,.F.);
#2872=ADVANCED_FACE('',(#2531),#2743,.T.);
#2873=ADVANCED_FACE('',(#2532),#2744,.F.);
#2874=ADVANCED_FACE('',(#2533),#2745,.F.);
#2875=ADVANCED_FACE('',(#2534),#2746,.T.);
#2876=ADVANCED_FACE('',(#2535),#164,.T.);
#2877=ADVANCED_FACE('',(#2536),#165,.T.);
#2878=ADVANCED_FACE('',(#2537),#2747,.F.);
#2879=ADVANCED_FACE('',(#2538),#166,.T.);
#2880=ADVANCED_FACE('',(#2539),#2748,.T.);
#2881=ADVANCED_FACE('',(#2540),#167,.T.);
#2882=ADVANCED_FACE('',(#2541),#2749,.T.);
#2883=ADVANCED_FACE('',(#2542),#2750,.T.);
#2884=ADVANCED_FACE('',(#2543),#2751,.T.);
#2885=ADVANCED_FACE('',(#2544),#2752,.T.);
#2886=ADVANCED_FACE('',(#2545),#2753,.T.);
#2887=ADVANCED_FACE('',(#2546,#2547,#2548),#2754,.T.);
#2888=ADVANCED_FACE('',(#2549,#2550),#168,.F.);
#2889=ADVANCED_FACE('',(#2551,#2552),#169,.F.);
#2890=ADVANCED_FACE('',(#2553,#2554),#170,.F.);
#2891=ADVANCED_FACE('',(#2555,#2556),#171,.F.);
#2892=ADVANCED_FACE('',(#2557,#2558),#172,.F.);
#2893=ADVANCED_FACE('',(#2559,#2560),#173,.F.);
#2894=ADVANCED_FACE('',(#2561,#2562),#174,.T.);
#2895=ADVANCED_FACE('',(#2563,#2564),#175,.F.);
#2896=ADVANCED_FACE('',(#2565,#2566),#176,.F.);
#2897=ADVANCED_FACE('',(#2567,#2568),#177,.F.);
#2898=ADVANCED_FACE('',(#2569,#2570),#178,.F.);
#2899=ADVANCED_FACE('',(#2571,#2572,#2573),#2755,.T.);
#2900=ADVANCED_FACE('',(#2574,#2575,#2576,#2577,#2578,#2579,#2580,#2581,
#2582,#2583,#2584,#2585),#2756,.F.);
#2901=ADVANCED_FACE('',(#2586),#179,.F.);
#2902=ADVANCED_FACE('',(#2587),#180,.F.);
#2903=ADVANCED_FACE('',(#2588),#181,.F.);
#2904=ADVANCED_FACE('',(#2589),#182,.F.);
#2905=ADVANCED_FACE('',(#2590),#183,.F.);
#2906=ADVANCED_FACE('',(#2591),#184,.F.);
#2907=ADVANCED_FACE('',(#2592,#2593),#2757,.T.);
#2908=ADVANCED_FACE('',(#2594,#2595),#185,.F.);
#2909=ADVANCED_FACE('',(#2596,#2597),#186,.F.);
#2910=ADVANCED_FACE('',(#2598,#2599),#2758,.T.);
#2911=ADVANCED_FACE('',(#2600,#2601),#187,.F.);
#2912=ADVANCED_FACE('',(#2602,#2603),#2759,.T.);
#2913=ADVANCED_FACE('',(#2604,#2605),#188,.F.);
#2914=ADVANCED_FACE('',(#2606,#2607),#2760,.T.);
#2915=ADVANCED_FACE('',(#2608,#2609),#189,.F.);
#2916=ADVANCED_FACE('',(#2610,#2611),#2761,.T.);
#2917=ADVANCED_FACE('',(#2612,#2613),#2762,.T.);
#2918=ADVANCED_FACE('',(#2614,#2615),#190,.F.);
#2919=ADVANCED_FACE('',(#2616,#2617),#2763,.T.);
#2920=ADVANCED_FACE('',(#2618,#2619),#191,.F.);
#2921=ADVANCED_FACE('',(#2620,#2621),#2764,.T.);
#2922=ADVANCED_FACE('',(#2622,#2623),#192,.F.);
#2923=ADVANCED_FACE('',(#2624,#2625),#2765,.T.);
#2924=ADVANCED_FACE('',(#2626,#2627),#193,.F.);
#2925=ADVANCED_FACE('',(#2628,#2629),#194,.F.);
#2926=ADVANCED_FACE('',(#2630,#2631),#2766,.T.);
#2927=ADVANCED_FACE('',(#2632,#2633),#195,.F.);
#2928=ADVANCED_FACE('',(#2634,#2635),#2767,.T.);
#2929=ADVANCED_FACE('',(#2636,#2637),#2768,.F.);
#2930=ADVANCED_FACE('',(#2638),#2769,.T.);
#2931=ADVANCED_FACE('',(#2639),#2770,.T.);
#2932=ADVANCED_FACE('',(#2640),#2771,.T.);
#2933=ADVANCED_FACE('',(#2641),#2772,.F.);
#2934=ADVANCED_FACE('',(#2642),#2773,.T.);
#2935=ADVANCED_FACE('',(#2643),#2774,.T.);
#2936=ADVANCED_FACE('',(#2644),#2775,.F.);
#2937=ADVANCED_FACE('',(#2645),#2776,.T.);
#2938=ADVANCED_FACE('',(#2646),#12,.F.);
#2939=ADVANCED_FACE('',(#2647),#2777,.T.);
#2940=ADVANCED_FACE('',(#2648),#13,.F.);
#2941=ADVANCED_FACE('',(#2649),#2778,.F.);
#2942=ADVANCED_FACE('',(#2650),#2779,.F.);
#2943=ADVANCED_FACE('',(#2651),#2780,.T.);
#2944=ADVANCED_FACE('',(#2652),#2781,.T.);
#2945=ADVANCED_FACE('',(#2653),#14,.F.);
#2946=ADVANCED_FACE('',(#2654),#2782,.F.);
#2947=ADVANCED_FACE('',(#2655),#15,.F.);
#2948=ADVANCED_FACE('',(#2656),#2783,.F.);
#2949=ADVANCED_FACE('',(#2657),#2784,.T.);
#2950=ADVANCED_FACE('',(#2658),#2785,.T.);
#2951=ADVANCED_FACE('',(#2659),#2786,.F.);
#2952=ADVANCED_FACE('',(#2660),#2787,.F.);
#2953=ADVANCED_FACE('',(#2661),#2788,.F.);
#2954=ADVANCED_FACE('',(#2662,#2663),#2789,.T.);
#2955=ADVANCED_FACE('',(#2664),#2790,.F.);
#2956=ADVANCED_FACE('',(#2665,#2666),#2791,.F.);
#2957=ADVANCED_FACE('',(#2667),#2792,.T.);
#2958=ADVANCED_FACE('',(#2668),#2793,.T.);
#2959=ADVANCED_FACE('',(#2669,#2670),#2794,.F.);
#2960=ADVANCED_FACE('',(#2671),#2795,.F.);
#2961=ADVANCED_FACE('',(#2672,#2673),#2796,.F.);
#2962=ADVANCED_FACE('',(#2674),#2797,.F.);
#2963=ADVANCED_FACE('',(#2675),#2798,.T.);
#2964=ADVANCED_FACE('',(#2676),#2799,.T.);
#2965=ADVANCED_FACE('',(#2677),#2800,.T.);
#2966=ADVANCED_FACE('',(#2678),#2801,.T.);
#2967=ADVANCED_FACE('',(#2679),#2802,.F.);
#2968=ADVANCED_FACE('',(#2680),#2803,.F.);
#2969=ADVANCED_FACE('',(#2681),#2804,.T.);
#2970=ADVANCED_FACE('',(#2682),#2805,.T.);
#2971=ADVANCED_FACE('',(#2683),#2806,.F.);
#2972=ADVANCED_FACE('',(#2684),#2807,.T.);
#2973=ADVANCED_FACE('',(#2685),#2808,.F.);
#2974=ADVANCED_FACE('',(#2686),#2809,.T.);
#2975=ADVANCED_FACE('',(#2687),#2810,.T.);
#2976=ADVANCED_FACE('',(#2688),#2811,.F.);
#2977=ADVANCED_FACE('',(#2689),#2812,.T.);
#2978=ADVANCED_FACE('',(#2690),#2813,.T.);
#2979=ADVANCED_FACE('',(#2691),#2814,.T.);
#2980=ADVANCED_FACE('',(#2692,#2693),#196,.F.);
#2981=ADVANCED_FACE('',(#2694,#2695),#197,.F.);
#2982=ADVANCED_FACE('',(#2696),#198,.T.);
#2983=ADVANCED_FACE('',(#2697),#2815,.F.);
#2984=ADVANCED_FACE('',(#2698),#199,.T.);
#2985=ADVANCED_FACE('',(#2699),#2816,.F.);
#2986=ADVANCED_FACE('',(#2700),#2817,.T.);
#2987=ADVANCED_FACE('',(#2701),#2818,.T.);
#2988=ADVANCED_FACE('',(#2702),#2819,.F.);
#2989=ADVANCED_FACE('',(#2703),#2820,.T.);
#2990=ADVANCED_FACE('',(#2704),#2821,.F.);
#2991=ADVANCED_FACE('',(#2705),#2822,.F.);
#2992=ADVANCED_FACE('',(#2706),#2823,.T.);
#2993=ADVANCED_FACE('',(#2707),#2824,.T.);
#2994=CLOSED_SHELL('',(#2825,#2826,#2827,#2828,#2829,#2830,#2831,#2832,
#2833,#2834,#2835,#2836,#2837,#2838,#2839,#2840,#2841,#2842,#2843,#2844,
#2845,#2846,#2847,#2848,#2849,#2850,#2851,#2852,#2853,#2854,#2855,#2856,
#2857,#2858,#2859,#2860,#2861,#2862,#2863,#2864,#2865,#2866,#2867,#2868,
#2869,#2870,#2871,#2872,#2873,#2874,#2875,#2876,#2877,#2878,#2879,#2880,
#2881,#2882,#2883,#2884,#2885,#2886,#2887,#2888,#2889,#2890,#2891,#2892,
#2893,#2894,#2895,#2896,#2897,#2898,#2899,#2900,#2901,#2902,#2903,#2904,
#2905,#2906,#2907,#2908,#2909,#2910,#2911,#2912,#2913,#2914,#2915,#2916,
#2917,#2918,#2919,#2920,#2921,#2922,#2923,#2924,#2925,#2926,#2927,#2928,
#2929,#2930,#2931,#2932,#2933,#2934,#2935,#2936,#2937,#2938,#2939,#2940,
#2941,#2942,#2943,#2944,#2945,#2946,#2947,#2948,#2949,#2950,#2951,#2952,
#2953,#2954,#2955,#2956,#2957,#2958,#2959,#2960,#2961,#2962,#2963,#2964,
#2965,#2966,#2967,#2968,#2969,#2970,#2971,#2972,#2973,#2974,#2975,#2976,
#2977,#2978,#2979,#2980,#2981,#2982,#2983,#2984,#2985,#2986,#2987,#2988,
#2989,#2990,#2991,#2992,#2993));
#2995=STYLED_ITEM('',(#2996),#3003);
#2996=PRESENTATION_STYLE_ASSIGNMENT((#2997));
#2997=SURFACE_STYLE_USAGE(.BOTH.,#2998);
#2998=SURFACE_SIDE_STYLE('',(#2999));
#2999=SURFACE_STYLE_FILL_AREA(#3000);
#3000=FILL_AREA_STYLE('',(#3001));
#3001=FILL_AREA_STYLE_COLOUR('',#3002);
#3002=COLOUR_RGB('',0.231372549019608,0.380392156862745,0.705882352941177);
#3003=MANIFOLD_SOLID_BREP('stepper housing',#2994);
#3004=SHAPE_DEFINITION_REPRESENTATION(#5057,#3005);
#3005=SHAPE_REPRESENTATION('stepper housing',(#3006),#5052);
#3006=AXIS2_PLACEMENT_3D('',#4201,#3312,#3313);
#3007=AXIS2_PLACEMENT_3D('',#4202,#3314,#3315);
#3008=AXIS2_PLACEMENT_3D('',#4227,#3328,#3329);
#3009=AXIS2_PLACEMENT_3D('',#4231,#3331,#3332);
#3010=AXIS2_PLACEMENT_3D('',#4235,#3334,#3335);
#3011=AXIS2_PLACEMENT_3D('',#4236,#3336,#3337);
#3012=AXIS2_PLACEMENT_3D('',#4240,#3339,#3340);
#3013=AXIS2_PLACEMENT_3D('',#4244,#3342,#3343);
#3014=AXIS2_PLACEMENT_3D('',#4245,#3344,#3345);
#3015=AXIS2_PLACEMENT_3D('',#4249,#3347,#3348);
#3016=AXIS2_PLACEMENT_3D('',#4253,#3350,#3351);
#3017=AXIS2_PLACEMENT_3D('',#4254,#3352,#3353);
#3018=AXIS2_PLACEMENT_3D('',#4258,#3355,#3356);
#3019=AXIS2_PLACEMENT_3D('',#4262,#3358,#3359);
#3020=AXIS2_PLACEMENT_3D('',#4263,#3360,#3361);
#3021=AXIS2_PLACEMENT_3D('',#4275,#3367,#3368);
#3022=AXIS2_PLACEMENT_3D('',#4281,#3371,#3372);
#3023=AXIS2_PLACEMENT_3D('',#4282,#3373,#3374);
#3024=AXIS2_PLACEMENT_3D('',#4290,#3378,#3379);
#3025=AXIS2_PLACEMENT_3D('',#4296,#3382,#3383);
#3026=AXIS2_PLACEMENT_3D('',#4300,#3385,#3386);
#3027=AXIS2_PLACEMENT_3D('',#4305,#3389,#3390);
#3028=AXIS2_PLACEMENT_3D('',#4306,#3391,#3392);
#3029=AXIS2_PLACEMENT_3D('',#4318,#3398,#3399);
#3030=AXIS2_PLACEMENT_3D('',#4322,#3401,#3402);
#3031=AXIS2_PLACEMENT_3D('',#4326,#3404,#3405);
#3032=AXIS2_PLACEMENT_3D('',#4327,#3406,#3407);
#3033=AXIS2_PLACEMENT_3D('',#4331,#3409,#3410);
#3034=AXIS2_PLACEMENT_3D('',#4335,#3412,#3413);
#3035=AXIS2_PLACEMENT_3D('',#4336,#3414,#3415);
#3036=AXIS2_PLACEMENT_3D('',#4340,#3417,#3418);
#3037=AXIS2_PLACEMENT_3D('',#4344,#3420,#3421);
#3038=AXIS2_PLACEMENT_3D('',#4345,#3422,#3423);
#3039=AXIS2_PLACEMENT_3D('',#4349,#3425,#3426);
#3040=AXIS2_PLACEMENT_3D('',#4353,#3428,#3429);
#3041=AXIS2_PLACEMENT_3D('',#4354,#3430,#3431);
#3042=AXIS2_PLACEMENT_3D('',#4355,#3432,#3433);
#3043=AXIS2_PLACEMENT_3D('',#4359,#3435,#3436);
#3044=AXIS2_PLACEMENT_3D('',#4362,#3438,#3439);
#3045=AXIS2_PLACEMENT_3D('',#4366,#3441,#3442);
#3046=AXIS2_PLACEMENT_3D('',#4367,#3443,#3444);
#3047=AXIS2_PLACEMENT_3D('',#4368,#3445,#3446);
#3048=AXIS2_PLACEMENT_3D('',#4374,#3450,#3451);
#3049=AXIS2_PLACEMENT_3D('',#4379,#3455,#3456);
#3050=AXIS2_PLACEMENT_3D('',#4388,#3461,#3462);
#3051=AXIS2_PLACEMENT_3D('',#4391,#3465,#3466);
#3052=AXIS2_PLACEMENT_3D('',#4394,#3469,#3470);
#3053=AXIS2_PLACEMENT_3D('',#4400,#3474,#3475);
#3054=AXIS2_PLACEMENT_3D('',#4406,#3479,#3480);
#3055=AXIS2_PLACEMENT_3D('',#4412,#3484,#3485);
#3056=AXIS2_PLACEMENT_3D('',#4415,#3488,#3489);
#3057=AXIS2_PLACEMENT_3D('',#4419,#3491,#3492);
#3058=AXIS2_PLACEMENT_3D('',#4428,#3497,#3498);
#3059=AXIS2_PLACEMENT_3D('',#4430,#3500,#3501);
#3060=AXIS2_PLACEMENT_3D('',#4433,#3503,#3504);
#3061=AXIS2_PLACEMENT_3D('',#4434,#3505,#3506);
#3062=AXIS2_PLACEMENT_3D('',#4436,#3507,#3508);
#3063=AXIS2_PLACEMENT_3D('',#4438,#3509,#3510);
#3064=AXIS2_PLACEMENT_3D('',#4441,#3512,#3513);
#3065=AXIS2_PLACEMENT_3D('',#4444,#3516,#3517);
#3066=AXIS2_PLACEMENT_3D('',#4452,#3522,#3523);
#3067=AXIS2_PLACEMENT_3D('',#4458,#3527,#3528);
#3068=AXIS2_PLACEMENT_3D('',#4464,#3532,#3533);
#3069=AXIS2_PLACEMENT_3D('',#4470,#3537,#3538);
#3070=AXIS2_PLACEMENT_3D('',#4473,#3541,#3542);
#3071=AXIS2_PLACEMENT_3D('',#4476,#3545,#3546);
#3072=AXIS2_PLACEMENT_3D('',#4482,#3550,#3551);
#3073=AXIS2_PLACEMENT_3D('',#4488,#3555,#3556);
#3074=AXIS2_PLACEMENT_3D('',#4491,#3558,#3559);
#3075=AXIS2_PLACEMENT_3D('',#4495,#3562,#3563);
#3076=AXIS2_PLACEMENT_3D('',#4498,#3565,#3566);
#3077=AXIS2_PLACEMENT_3D('',#4500,#3567,#3568);
#3078=AXIS2_PLACEMENT_3D('',#4502,#3569,#3570);
#3079=AXIS2_PLACEMENT_3D('',#4505,#3572,#3573);
#3080=AXIS2_PLACEMENT_3D('',#4506,#3574,#3575);
#3081=AXIS2_PLACEMENT_3D('',#4510,#3577,#3578);
#3082=AXIS2_PLACEMENT_3D('',#4511,#3579,#3580);
#3083=AXIS2_PLACEMENT_3D('',#4515,#3582,#3583);
#3084=AXIS2_PLACEMENT_3D('',#4516,#3584,#3585);
#3085=AXIS2_PLACEMENT_3D('',#4517,#3586,#3587);
#3086=AXIS2_PLACEMENT_3D('',#4518,#3588,#3589);
#3087=AXIS2_PLACEMENT_3D('',#4521,#3590,#3591);
#3088=AXIS2_PLACEMENT_3D('',#4522,#3592,#3593);
#3089=AXIS2_PLACEMENT_3D('',#4523,#3594,#3595);
#3090=AXIS2_PLACEMENT_3D('',#4526,#3596,#3597);
#3091=AXIS2_PLACEMENT_3D('',#4527,#3598,#3599);
#3092=AXIS2_PLACEMENT_3D('',#4537,#3605,#3606);
#3093=AXIS2_PLACEMENT_3D('',#4543,#3610,#3611);
#3094=AXIS2_PLACEMENT_3D('',#4549,#3615,#3616);
#3095=AXIS2_PLACEMENT_3D('',#4555,#3620,#3621);
#3096=AXIS2_PLACEMENT_3D('',#4562,#3626,#3627);
#3097=AXIS2_PLACEMENT_3D('',#4568,#3631,#3632);
#3098=AXIS2_PLACEMENT_3D('',#4574,#3636,#3637);
#3099=AXIS2_PLACEMENT_3D('',#4577,#3640,#3641);
#3100=AXIS2_PLACEMENT_3D('',#4586,#3648,#3649);
#3101=AXIS2_PLACEMENT_3D('',#4587,#3650,#3651);
#3102=AXIS2_PLACEMENT_3D('',#4588,#3652,#3653);
#3103=AXIS2_PLACEMENT_3D('',#4589,#3654,#3655);
#3104=AXIS2_PLACEMENT_3D('',#4590,#3656,#3657);
#3105=AXIS2_PLACEMENT_3D('',#4591,#3658,#3659);
#3106=AXIS2_PLACEMENT_3D('',#4595,#3661,#3662);
#3107=AXIS2_PLACEMENT_3D('',#4596,#3663,#3664);
#3108=AXIS2_PLACEMENT_3D('',#4602,#3668,#3669);
#3109=AXIS2_PLACEMENT_3D('',#4603,#3670,#3671);
#3110=AXIS2_PLACEMENT_3D('',#4604,#3672,#3673);
#3111=AXIS2_PLACEMENT_3D('',#4608,#3675,#3676);
#3112=AXIS2_PLACEMENT_3D('',#4609,#3677,#3678);
#3113=AXIS2_PLACEMENT_3D('',#4614,#3682,#3683);
#3114=AXIS2_PLACEMENT_3D('',#4615,#3684,#3685);
#3115=AXIS2_PLACEMENT_3D('',#4616,#3686,#3687);
#3116=AXIS2_PLACEMENT_3D('',#4617,#3688,#3689);
#3117=AXIS2_PLACEMENT_3D('',#4618,#3690,#3691);
#3118=AXIS2_PLACEMENT_3D('',#4621,#3693,#3694);
#3119=AXIS2_PLACEMENT_3D('',#4625,#3697,#3698);
#3120=AXIS2_PLACEMENT_3D('',#4626,#3699,#3700);
#3121=AXIS2_PLACEMENT_3D('',#4627,#3701,#3702);
#3122=AXIS2_PLACEMENT_3D('',#4628,#3703,#3704);
#3123=AXIS2_PLACEMENT_3D('',#4629,#3705,#3706);
#3124=AXIS2_PLACEMENT_3D('',#4630,#3707,#3708);
#3125=AXIS2_PLACEMENT_3D('',#4631,#3709,#3710);
#3126=AXIS2_PLACEMENT_3D('',#4632,#3711,#3712);
#3127=AXIS2_PLACEMENT_3D('',#4634,#3713,#3714);
#3128=AXIS2_PLACEMENT_3D('',#4636,#3715,#3716);
#3129=AXIS2_PLACEMENT_3D('',#4638,#3717,#3718);
#3130=AXIS2_PLACEMENT_3D('',#4640,#3719,#3720);
#3131=AXIS2_PLACEMENT_3D('',#4642,#3721,#3722);
#3132=AXIS2_PLACEMENT_3D('',#4644,#3723,#3724);
#3133=AXIS2_PLACEMENT_3D('',#4646,#3725,#3726);
#3134=AXIS2_PLACEMENT_3D('',#4648,#3727,#3728);
#3135=AXIS2_PLACEMENT_3D('',#4649,#3729,#3730);
#3136=AXIS2_PLACEMENT_3D('',#4650,#3731,#3732);
#3137=AXIS2_PLACEMENT_3D('',#4652,#3733,#3734);
#3138=AXIS2_PLACEMENT_3D('',#4654,#3735,#3736);
#3139=AXIS2_PLACEMENT_3D('',#4655,#3737,#3738);
#3140=AXIS2_PLACEMENT_3D('',#4657,#3739,#3740);
#3141=AXIS2_PLACEMENT_3D('',#4659,#3741,#3742);
#3142=AXIS2_PLACEMENT_3D('',#4660,#3743,#3744);
#3143=AXIS2_PLACEMENT_3D('',#4662,#3745,#3746);
#3144=AXIS2_PLACEMENT_3D('',#4664,#3747,#3748);
#3145=AXIS2_PLACEMENT_3D('',#4665,#3749,#3750);
#3146=AXIS2_PLACEMENT_3D('',#4667,#3751,#3752);
#3147=AXIS2_PLACEMENT_3D('',#4669,#3753,#3754);
#3148=AXIS2_PLACEMENT_3D('',#4670,#3755,#3756);
#3149=AXIS2_PLACEMENT_3D('',#4672,#3757,#3758);
#3150=AXIS2_PLACEMENT_3D('',#4674,#3759,#3760);
#3151=AXIS2_PLACEMENT_3D('',#4675,#3761,#3762);
#3152=AXIS2_PLACEMENT_3D('',#4677,#3763,#3764);
#3153=AXIS2_PLACEMENT_3D('',#4679,#3765,#3766);
#3154=AXIS2_PLACEMENT_3D('',#4680,#3767,#3768);
#3155=AXIS2_PLACEMENT_3D('',#4682,#3769,#3770);
#3156=AXIS2_PLACEMENT_3D('',#4683,#3771,#3772);
#3157=AXIS2_PLACEMENT_3D('',#4685,#3773,#3774);
#3158=AXIS2_PLACEMENT_3D('',#4686,#3775,#3776);
#3159=AXIS2_PLACEMENT_3D('',#4688,#3777,#3778);
#3160=AXIS2_PLACEMENT_3D('',#4689,#3779,#3780);
#3161=AXIS2_PLACEMENT_3D('',#4691,#3781,#3782);
#3162=AXIS2_PLACEMENT_3D('',#4693,#3783,#3784);
#3163=AXIS2_PLACEMENT_3D('',#4694,#3785,#3786);
#3164=AXIS2_PLACEMENT_3D('',#4696,#3787,#3788);
#3165=AXIS2_PLACEMENT_3D('',#4698,#3789,#3790);
#3166=AXIS2_PLACEMENT_3D('',#4699,#3791,#3792);
#3167=AXIS2_PLACEMENT_3D('',#4701,#3793,#3794);
#3168=AXIS2_PLACEMENT_3D('',#4703,#3795,#3796);
#3169=AXIS2_PLACEMENT_3D('',#4705,#3797,#3798);
#3170=AXIS2_PLACEMENT_3D('',#4707,#3799,#3800);
#3171=AXIS2_PLACEMENT_3D('',#4709,#3801,#3802);
#3172=AXIS2_PLACEMENT_3D('',#4711,#3803,#3804);
#3173=AXIS2_PLACEMENT_3D('',#4712,#3805,#3806);
#3174=AXIS2_PLACEMENT_3D('',#4713,#3807,#3808);
#3175=AXIS2_PLACEMENT_3D('',#4715,#3809,#3810);
#3176=AXIS2_PLACEMENT_3D('',#4717,#3811,#3812);
#3177=AXIS2_PLACEMENT_3D('',#4719,#3813,#3814);
#3178=AXIS2_PLACEMENT_3D('',#4721,#3815,#3816);
#3179=AXIS2_PLACEMENT_3D('',#4723,#3817,#3818);
#3180=AXIS2_PLACEMENT_3D('',#4726,#3820,#3821);
#3181=AXIS2_PLACEMENT_3D('',#4729,#3823,#3824);
#3182=AXIS2_PLACEMENT_3D('',#4732,#3826,#3827);
#3183=AXIS2_PLACEMENT_3D('',#4735,#3829,#3830);
#3184=AXIS2_PLACEMENT_3D('',#4738,#3832,#3833);
#3185=AXIS2_PLACEMENT_3D('',#4741,#3835,#3836);
#3186=AXIS2_PLACEMENT_3D('',#4744,#3838,#3839);
#3187=AXIS2_PLACEMENT_3D('',#4747,#3841,#3842);
#3188=AXIS2_PLACEMENT_3D('',#4750,#3844,#3845);
#3189=AXIS2_PLACEMENT_3D('',#4753,#3847,#3848);
#3190=AXIS2_PLACEMENT_3D('',#4756,#3850,#3851);
#3191=AXIS2_PLACEMENT_3D('',#4759,#3853,#3854);
#3192=AXIS2_PLACEMENT_3D('',#4760,#3855,#3856);
#3193=AXIS2_PLACEMENT_3D('',#4762,#3857,#3858);
#3194=AXIS2_PLACEMENT_3D('',#4763,#3859,#3860);
#3195=AXIS2_PLACEMENT_3D('',#4764,#3861,#3862);
#3196=AXIS2_PLACEMENT_3D('',#4765,#3863,#3864);
#3197=AXIS2_PLACEMENT_3D('',#4766,#3865,#3866);
#3198=AXIS2_PLACEMENT_3D('',#4767,#3867,#3868);
#3199=AXIS2_PLACEMENT_3D('',#4768,#3869,#3870);
#3200=AXIS2_PLACEMENT_3D('',#4769,#3871,#3872);
#3201=AXIS2_PLACEMENT_3D('',#4770,#3873,#3874);
#3202=AXIS2_PLACEMENT_3D('',#4775,#3876,#3877);
#3203=AXIS2_PLACEMENT_3D('',#4778,#3879,#3880);
#3204=AXIS2_PLACEMENT_3D('',#4779,#3881,#3882);
#3205=AXIS2_PLACEMENT_3D('',#4780,#3883,#3884);
#3206=AXIS2_PLACEMENT_3D('',#4781,#3885,#3886);
#3207=AXIS2_PLACEMENT_3D('',#4786,#3888,#3889);
#3208=AXIS2_PLACEMENT_3D('',#4789,#3891,#3892);
#3209=AXIS2_PLACEMENT_3D('',#4790,#3893,#3894);
#3210=AXIS2_PLACEMENT_3D('',#4791,#3895,#3896);
#3211=AXIS2_PLACEMENT_3D('',#4792,#3897,#3898);
#3212=AXIS2_PLACEMENT_3D('',#4797,#3900,#3901);
#3213=AXIS2_PLACEMENT_3D('',#4800,#3903,#3904);
#3214=AXIS2_PLACEMENT_3D('',#4801,#3905,#3906);
#3215=AXIS2_PLACEMENT_3D('',#4802,#3907,#3908);
#3216=AXIS2_PLACEMENT_3D('',#4803,#3909,#3910);
#3217=AXIS2_PLACEMENT_3D('',#4808,#3912,#3913);
#3218=AXIS2_PLACEMENT_3D('',#4811,#3915,#3916);
#3219=AXIS2_PLACEMENT_3D('',#4812,#3917,#3918);
#3220=AXIS2_PLACEMENT_3D('',#4813,#3919,#3920);
#3221=AXIS2_PLACEMENT_3D('',#4814,#3921,#3922);
#3222=AXIS2_PLACEMENT_3D('',#4815,#3923,#3924);
#3223=AXIS2_PLACEMENT_3D('',#4816,#3925,#3926);
#3224=AXIS2_PLACEMENT_3D('',#4817,#3927,#3928);
#3225=AXIS2_PLACEMENT_3D('',#4818,#3929,#3930);
#3226=AXIS2_PLACEMENT_3D('',#4819,#3931,#3932);
#3227=AXIS2_PLACEMENT_3D('',#4820,#3933,#3934);
#3228=AXIS2_PLACEMENT_3D('',#4821,#3935,#3936);
#3229=AXIS2_PLACEMENT_3D('',#4822,#3937,#3938);
#3230=AXIS2_PLACEMENT_3D('',#4823,#3939,#3940);
#3231=AXIS2_PLACEMENT_3D('',#4824,#3941,#3942);
#3232=AXIS2_PLACEMENT_3D('',#4825,#3943,#3944);
#3233=AXIS2_PLACEMENT_3D('',#4826,#3945,#3946);
#3234=AXIS2_PLACEMENT_3D('',#4828,#3947,#3948);
#3235=AXIS2_PLACEMENT_3D('',#4829,#3949,#3950);
#3236=AXIS2_PLACEMENT_3D('',#4830,#3951,#3952);
#3237=AXIS2_PLACEMENT_3D('',#4832,#3953,#3954);
#3238=AXIS2_PLACEMENT_3D('',#4833,#3955,#3956);
#3239=AXIS2_PLACEMENT_3D('',#4834,#3957,#3958);
#3240=AXIS2_PLACEMENT_3D('',#4836,#3960,#3961);
#3241=AXIS2_PLACEMENT_3D('',#4838,#3963,#3964);
#3242=AXIS2_PLACEMENT_3D('',#4840,#3966,#3967);
#3243=AXIS2_PLACEMENT_3D('',#4844,#3970,#3971);
#3244=AXIS2_PLACEMENT_3D('',#4848,#3974,#3975);
#3245=AXIS2_PLACEMENT_3D('',#4851,#3978,#3979);
#3246=AXIS2_PLACEMENT_3D('',#4853,#3981,#3982);
#3247=AXIS2_PLACEMENT_3D('',#4855,#3984,#3985);
#3248=AXIS2_PLACEMENT_3D('',#4857,#3987,#3988);
#3249=AXIS2_PLACEMENT_3D('',#4860,#3991,#3992);
#3250=AXIS2_PLACEMENT_3D('',#4862,#3994,#3995);
#3251=AXIS2_PLACEMENT_3D('',#4864,#3997,#3998);
#3252=AXIS2_PLACEMENT_3D('',#4865,#3999,#4000);
#3253=AXIS2_PLACEMENT_3D('',#4867,#4002,#4003);
#3254=AXIS2_PLACEMENT_3D('',#4869,#4005,#4006);
#3255=AXIS2_PLACEMENT_3D('',#4871,#4008,#4009);
#3256=AXIS2_PLACEMENT_3D('',#4874,#4012,#4013);
#3257=AXIS2_PLACEMENT_3D('',#4876,#4015,#4016);
#3258=AXIS2_PLACEMENT_3D('',#4878,#4018,#4019);
#3259=AXIS2_PLACEMENT_3D('',#4880,#4021,#4022);
#3260=AXIS2_PLACEMENT_3D('',#4884,#4025,#4026);
#3261=AXIS2_PLACEMENT_3D('',#4888,#4029,#4030);
#3262=AXIS2_PLACEMENT_3D('',#4891,#4033,#4034);
#3263=AXIS2_PLACEMENT_3D('',#4892,#4035,#4036);
#3264=AXIS2_PLACEMENT_3D('',#4893,#4037,#4038);
#3265=AXIS2_PLACEMENT_3D('',#4900,#4042,#4043);
#3266=AXIS2_PLACEMENT_3D('',#4906,#4047,#4048);
#3267=AXIS2_PLACEMENT_3D('',#4907,#4049,#4050);
#3268=AXIS2_PLACEMENT_3D('',#4912,#4053,#4054);
#3269=AXIS2_PLACEMENT_3D('',#4916,#4057,#4058);
#3270=AXIS2_PLACEMENT_3D('',#4925,#4063,#4064);
#3271=AXIS2_PLACEMENT_3D('',#4926,#4065,#4066);
#3272=AXIS2_PLACEMENT_3D('',#4933,#4070,#4071);
#3273=AXIS2_PLACEMENT_3D('',#4939,#4075,#4076);
#3274=AXIS2_PLACEMENT_3D('',#4940,#4077,#4078);
#3275=AXIS2_PLACEMENT_3D('',#4945,#4081,#4082);
#3276=AXIS2_PLACEMENT_3D('',#4949,#4085,#4086);
#3277=AXIS2_PLACEMENT_3D('',#4958,#4091,#4092);
#3278=AXIS2_PLACEMENT_3D('',#4961,#4095,#4096);
#3279=AXIS2_PLACEMENT_3D('',#4963,#4098,#4099);
#3280=AXIS2_PLACEMENT_3D('',#4965,#4101,#4102);
#3281=AXIS2_PLACEMENT_3D('',#4967,#4104,#4105);
#3282=AXIS2_PLACEMENT_3D('',#4969,#4107,#4108);
#3283=AXIS2_PLACEMENT_3D('',#4971,#4110,#4111);
#3284=AXIS2_PLACEMENT_3D('',#4973,#4113,#4114);
#3285=AXIS2_PLACEMENT_3D('',#4974,#4115,#4116);
#3286=AXIS2_PLACEMENT_3D('',#4977,#4119,#4120);
#3287=AXIS2_PLACEMENT_3D('',#4979,#4122,#4123);
#3288=AXIS2_PLACEMENT_3D('',#4981,#4125,#4126);
#3289=AXIS2_PLACEMENT_3D('',#4983,#4128,#4129);
#3290=AXIS2_PLACEMENT_3D('',#4985,#4131,#4132);
#3291=AXIS2_PLACEMENT_3D('',#4987,#4134,#4135);
#3292=AXIS2_PLACEMENT_3D('',#4989,#4137,#4138);
#3293=AXIS2_PLACEMENT_3D('',#4990,#4139,#4140);
#3294=AXIS2_PLACEMENT_3D('',#4991,#4141,#4142);
#3295=AXIS2_PLACEMENT_3D('',#4992,#4143,#4144);
#3296=AXIS2_PLACEMENT_3D('',#4993,#4145,#4146);
#3297=AXIS2_PLACEMENT_3D('',#4998,#4148,#4149);
#3298=AXIS2_PLACEMENT_3D('',#5001,#4151,#4152);
#3299=AXIS2_PLACEMENT_3D('',#5007,#4156,#4157);
#3300=AXIS2_PLACEMENT_3D('',#5011,#4159,#4160);
#3301=AXIS2_PLACEMENT_3D('',#5015,#4162,#4163);
#3302=AXIS2_PLACEMENT_3D('',#5016,#4164,#4165);
#3303=AXIS2_PLACEMENT_3D('',#5017,#4166,#4167);
#3304=AXIS2_PLACEMENT_3D('',#5026,#4173,#4174);
#3305=AXIS2_PLACEMENT_3D('',#5031,#4178,#4179);
#3306=AXIS2_PLACEMENT_3D('',#5032,#4180,#4181);
#3307=AXIS2_PLACEMENT_3D('',#5039,#4186,#4187);
#3308=AXIS2_PLACEMENT_3D('',#5043,#4190,#4191);
#3309=AXIS2_PLACEMENT_3D('',#5047,#4194,#4195);
#3310=AXIS2_PLACEMENT_3D('',#5049,#4197,#4198);
#3311=AXIS2_PLACEMENT_3D('',#5050,#4199,#4200);
#3312=DIRECTION('',(0.,0.,1.));
#3313=DIRECTION('',(1.,0.,0.));
#3314=DIRECTION('',(0.,-1.,-9.50533411494141E-17));
#3315=DIRECTION('',(0.,9.50533411494141E-17,-1.));
#3316=DIRECTION('',(1.,1.52117864326303E-17,-6.12323399573677E-17));
#3317=DIRECTION('',(0.,9.50533411494141E-17,-1.));
#3318=DIRECTION('',(1.,0.,0.));
#3319=DIRECTION('',(6.12323399573677E-17,-9.50533411494141E-17,1.));
#3320=DIRECTION('',(1.,6.18342233857203E-33,-6.50521303491303E-17));
#3321=DIRECTION('',(3.38210011920472E-17,9.50533411494141E-17,-1.));
#3322=DIRECTION('',(1.,0.,0.));
#3323=DIRECTION('',(0.,9.50533411494141E-17,-1.));
#3324=DIRECTION('',(1.,0.,0.));
#3325=DIRECTION('',(0.,9.50533411494141E-17,-1.));
#3326=DIRECTION('',(1.,1.52117864326303E-17,-6.12323399573677E-17));
#3327=DIRECTION('',(-6.12323399573677E-17,-9.31453278201692E-34,-1.));
#3328=DIRECTION('',(1.,0.,-4.42531498973675E-17));
#3329=DIRECTION('',(-4.42531498973675E-17,0.,-1.));
#3330=DIRECTION('',(1.,-2.94541996001544E-33,-6.12323399573677E-17));
#3331=DIRECTION('',(-0.707106781186545,0.70710678118655,4.32978028117745E-17));
#3332=DIRECTION('',(0.707106781186551,0.707106781186545,-1.92856019508123E-17));
#3333=DIRECTION('',(1.,1.52117864326303E-17,-4.42531498973675E-17));
#3334=DIRECTION('',(-1.,-1.52117864326303E-17,6.12323399573677E-17));
#3335=DIRECTION('',(6.12323399573677E-17,0.,1.));
#3336=DIRECTION('',(1.,0.,-8.02088341889787E-17));
#3337=DIRECTION('',(-8.02088341889787E-17,0.,-1.));
#3338=DIRECTION('',(1.,1.52117864326303E-17,-8.02088341889787E-17));
#3339=DIRECTION('',(-0.707106781186545,0.70710678118655,4.32978028117745E-17));
#3340=DIRECTION('',(0.707106781186551,0.707106781186545,-7.01346183204138E-17));
#3341=DIRECTION('',(1.,0.,0.));
#3342=DIRECTION('',(-1.,-1.52117864326303E-17,6.12323399573677E-17));
#3343=DIRECTION('',(6.12323399573677E-17,0.,1.));
#3344=DIRECTION('',(1.,0.,-1.49889701265277E-17));
#3345=DIRECTION('',(-1.49889701265277E-17,0.,-1.));
#3346=DIRECTION('',(-1.,0.,0.));
#3347=DIRECTION('',(0.707106781186545,0.70710678118655,-4.32978028117745E-17));
#3348=DIRECTION('',(0.707106781186551,-0.707106781186545,2.21001979728336E-17));
#3349=DIRECTION('',(-1.,-1.52117864326303E-17,1.49889701265277E-17));
#3350=DIRECTION('',(-1.,-1.52117864326303E-17,6.12323399573677E-17));
#3351=DIRECTION('',(6.12323399573677E-17,0.,1.));
#3352=DIRECTION('',(1.,0.,-4.42531498973675E-17));
#3353=DIRECTION('',(-4.42531498973675E-17,0.,-1.));
#3354=DIRECTION('',(-1.,-1.52117864326303E-17,4.42531498973675E-17));
#3355=DIRECTION('',(0.707106781186546,-1.11907115994196E-16,-0.707106781186549));
#3356=DIRECTION('',(0.707106781186549,1.11907115994195E-16,0.707106781186546));
#3357=DIRECTION('',(-1.,2.94541996001544E-33,6.12323399573677E-17));
#3358=DIRECTION('',(-1.,-1.52117864326303E-17,6.12323399573677E-17));
#3359=DIRECTION('',(6.12323399573677E-17,0.,1.));
#3360=DIRECTION('',(-1.,-1.52117864326303E-17,6.12323399573677E-17));
#3361=DIRECTION('',(1.52117864326303E-17,-1.,-9.31453278201692E-34));
#3362=DIRECTION('',(-6.12323399573677E-17,3.87958873609771E-34,-1.));
#3363=DIRECTION('',(-5.40541601522492E-17,0.707106781186545,-0.70710678118655));
#3364=DIRECTION('',(-1.52117864326303E-17,1.,-1.73472347597681E-16));
#3365=DIRECTION('',(6.12323399573677E-17,3.65181968411364E-34,1.));
#3366=DIRECTION('',(1.52117864326303E-17,-1.,0.));
#3367=DIRECTION('',(-1.,-1.52117864326303E-17,6.12323399573677E-17));
#3368=DIRECTION('',(6.12323399573677E-17,0.,1.));
#3369=DIRECTION('',(-6.12323399573677E-17,-1.39013547383996E-34,-1.));
#3370=DIRECTION('',(1.52117864326303E-17,-1.,-9.31453278201692E-34));
#3371=DIRECTION('',(-1.,-1.52117864326303E-17,6.12323399573677E-17));
#3372=DIRECTION('',(6.12323399573677E-17,0.,1.));
#3373=DIRECTION('',(-1.,-1.52117864326303E-17,6.12323399573677E-17));
#3374=DIRECTION('',(1.52117864326303E-17,-1.,-9.31453278201692E-34));
#3375=DIRECTION('',(-1.52117864326303E-17,1.,-1.73472347597681E-16));
#3376=DIRECTION('',(-3.25414454713004E-17,-0.707106781186545,-0.70710678118655));
#3377=DIRECTION('',(-6.12323399573677E-17,-9.31453278201692E-34,-1.));
#3378=DIRECTION('',(-1.,-1.52117864326303E-17,6.12323399573677E-17));
#3379=DIRECTION('',(6.12323399573677E-17,0.,1.));
#3380=DIRECTION('',(1.52117864326303E-17,-1.,-9.31453278201692E-34));
#3381=DIRECTION('',(6.12323399573677E-17,1.39013547383996E-34,1.));
#3382=DIRECTION('',(-1.,-1.52117864326303E-17,6.12323399573677E-17));
#3383=DIRECTION('',(6.12323399573677E-17,0.,1.));
#3384=DIRECTION('',(6.12323399573677E-17,0.,1.));
#3385=DIRECTION('',(-1.,-1.52117864326303E-17,6.12323399573677E-17));
#3386=DIRECTION('',(6.12323399573677E-17,0.,1.));
#3387=DIRECTION('',(1.52117864326303E-17,-1.,0.));
#3388=DIRECTION('',(-6.12323399573677E-17,-3.65181968411364E-34,-1.));
#3389=DIRECTION('',(-1.,-1.52117864326303E-17,6.12323399573677E-17));
#3390=DIRECTION('',(1.52117864326303E-17,-1.,-9.31453278201692E-34));
#3391=DIRECTION('',(-1.,-1.52117864326303E-17,6.12323399573677E-17));
#3392=DIRECTION('',(6.12323399573677E-17,0.,1.));
#3393=DIRECTION('',(-6.12323399573677E-17,-9.31453278201692E-34,-1.));
#3394=DIRECTION('',(5.40541601522492E-17,-0.707106781186546,0.707106781186549));
#3395=DIRECTION('',(1.52117864326303E-17,-1.,2.31296463463574E-16));
#3396=DIRECTION('',(6.12323399573677E-17,9.31453278201692E-34,1.));
#3397=DIRECTION('',(-1.52117864326303E-17,1.,9.31453278201692E-34));
#3398=DIRECTION('',(1.,0.,0.));
#3399=DIRECTION('',(0.,0.,-1.));
#3400=DIRECTION('',(1.,1.52117864326303E-17,2.00706158699731E-50));
#3401=DIRECTION('',(-1.,0.,0.));
#3402=DIRECTION('',(0.,0.,1.));
#3403=DIRECTION('',(1.,0.,-6.12323399573677E-17));
#3404=DIRECTION('',(-1.,-1.52117864326303E-17,6.12323399573677E-17));
#3405=DIRECTION('',(6.12323399573677E-17,0.,1.));
#3406=DIRECTION('',(1.,0.,-8.67361737988404E-17));
#3407=DIRECTION('',(-8.67361737988404E-17,0.,-1.));
#3408=DIRECTION('',(-1.,0.,6.12323399573677E-17));
#3409=DIRECTION('',(-1.,0.,0.));
#3410=DIRECTION('',(0.,0.,1.));
#3411=DIRECTION('',(-1.,-1.52117864326303E-17,8.67361737988404E-17));
#3412=DIRECTION('',(-1.,-1.52117864326303E-17,6.12323399573677E-17));
#3413=DIRECTION('',(6.12323399573677E-17,0.,1.));
#3414=DIRECTION('',(1.,3.46944695195362E-16,-8.67361737988404E-17));
#3415=DIRECTION('',(-3.46944695195362E-16,1.,0.));
#3416=DIRECTION('',(-1.,-1.52117864326303E-17,8.67361737988404E-17));
#3417=DIRECTION('',(-1.,0.,0.));
#3418=DIRECTION('',(0.,0.,1.));
#3419=DIRECTION('',(-1.,-3.46944695195362E-16,6.12323399573677E-17));
#3420=DIRECTION('',(-1.,-1.52117864326303E-17,6.12323399573677E-17));
#3421=DIRECTION('',(6.12323399573677E-17,0.,1.));
#3422=DIRECTION('',(1.,0.,-1.7347234759768E-16));
#3423=DIRECTION('',(-1.7347234759768E-16,0.,-1.));
#3424=DIRECTION('',(1.,0.,-6.12323399573677E-17));
#3425=DIRECTION('',(-1.,0.,0.));
#3426=DIRECTION('',(0.,0.,1.));
#3427=DIRECTION('',(1.,1.52117864326303E-17,-1.7347234759768E-16));
#3428=DIRECTION('',(-1.,-1.52117864326303E-17,6.12323399573677E-17));
#3429=DIRECTION('',(6.12323399573677E-17,0.,1.));
#3430=DIRECTION('',(1.,0.,-7.99411740081478E-17));
#3431=DIRECTION('',(-7.99411740081478E-17,0.,-1.));
#3432=DIRECTION('',(0.707106781186545,0.707106781186551,-4.32978028117745E-17));
#3433=DIRECTION('',(0.707106781186551,-0.707106781186545,-6.97560896625756E-17));
#3434=DIRECTION('',(-1.,-4.58929086572164E-33,6.12323399573677E-17));
#3435=DIRECTION('',(-1.,-1.52117864326303E-17,6.12323399573677E-17));
#3436=DIRECTION('',(6.12323399573677E-17,0.,1.));
#3437=DIRECTION('',(-1.,0.,7.99411740081478E-17));
#3438=DIRECTION('',(1.,0.,-6.50521303491303E-17));
#3439=DIRECTION('',(-6.50521303491303E-17,0.,-1.));
#3440=DIRECTION('',(1.,9.34071408746261E-34,-6.12323399573677E-17));
#3441=DIRECTION('',(-0.707106781186545,0.707106781186551,4.32978028117745E-17));
#3442=DIRECTION('',(0.707106781186551,0.707106781186545,-4.86998021892279E-17));
#3443=DIRECTION('',(-1.,-1.52117864326303E-17,6.12323399573677E-17));
#3444=DIRECTION('',(6.12323399573677E-17,0.,1.));
#3445=DIRECTION('',(6.12323399573677E-17,1.73472347597681E-16,1.));
#3446=DIRECTION('',(0.,-1.,1.73472347597681E-16));
#3447=DIRECTION('',(1.52117864326303E-17,-1.,1.73472347597681E-16));
#3448=DIRECTION('',(1.52117864326303E-17,-1.,1.73472347597681E-16));
#3449=DIRECTION('',(1.,1.52117864326303E-17,-6.12323399573677E-17));
#3450=DIRECTION('',(1.52117864326303E-17,-1.,-5.66271309790328E-34));
#3451=DIRECTION('',(1.,1.52117864326303E-17,0.));
#3452=DIRECTION('',(-6.12323399573677E-17,-3.65181968411364E-34,-1.));
#3453=DIRECTION('',(-6.12323399573677E-17,-3.65181968411364E-34,-1.));
#3454=DIRECTION('',(-0.707106781186549,-1.07563573404744E-17,-0.707106781186546));
#3455=DIRECTION('',(1.52117864326303E-17,-1.,-7.92439730817696E-34));
#3456=DIRECTION('',(1.,1.52117864326303E-17,0.));
#3457=DIRECTION('',(1.,1.52117864326303E-17,-6.12323399573677E-17));
#3458=DIRECTION('',(6.12323399573677E-17,1.39013547383996E-34,1.));
#3459=DIRECTION('',(1.,1.52117864326303E-17,-6.12323399573677E-17));
#3460=DIRECTION('',(-6.12323399573677E-17,-1.39013547383996E-34,-1.));
#3461=DIRECTION('',(6.12323399573677E-17,0.,1.));
#3462=DIRECTION('',(1.,0.,-6.12323399573677E-17));
#3463=DIRECTION('',(-1.52117864326303E-17,1.,9.31453278201692E-34));
#3464=DIRECTION('',(1.52117864326303E-17,-1.,-9.31453278201692E-34));
#3465=DIRECTION('',(-1.52117864326303E-17,1.,1.31941215181146E-33));
#3466=DIRECTION('',(-1.,-1.52117864326303E-17,0.));
#3467=DIRECTION('',(6.12323399573677E-17,-3.87958873609771E-34,1.));
#3468=DIRECTION('',(6.12323399573677E-17,-3.87958873609771E-34,1.));
#3469=DIRECTION('',(6.12323399573677E-17,0.,1.));
#3470=DIRECTION('',(1.,0.,-6.12323399573677E-17));
#3471=DIRECTION('',(1.,1.52117864326303E-17,-6.12323399573677E-17));
#3472=DIRECTION('',(1.52117864326303E-17,-1.,-9.31453278201692E-34));
#3473=DIRECTION('',(1.52117864326303E-17,-1.,-9.31453278201692E-34));
#3474=DIRECTION('',(1.52117864326303E-17,-1.,0.));
#3475=DIRECTION('',(1.,1.52117864326303E-17,0.));
#3476=DIRECTION('',(1.,1.52117864326303E-17,-6.12323399573677E-17));
#3477=DIRECTION('',(6.12323399573677E-17,9.31453278201692E-34,1.));
#3478=DIRECTION('',(-6.12323399573677E-17,-9.31453278201692E-34,-1.));
#3479=DIRECTION('',(6.12323399573677E-17,2.37633352873535E-16,1.));
#3480=DIRECTION('',(0.,-1.,2.37633352873535E-16));
#3481=DIRECTION('',(1.,1.52117864326303E-17,-6.12323399573677E-17));
#3482=DIRECTION('',(-1.52117864326303E-17,1.,-2.37633352873535E-16));
#3483=DIRECTION('',(1.52117864326303E-17,-1.,2.37633352873535E-16));
#3484=DIRECTION('',(1.52117864326303E-17,-1.,-9.00622629222842E-34));
#3485=DIRECTION('',(1.,1.52117864326303E-17,0.));
#3486=DIRECTION('',(-6.12323399573677E-17,-3.08306489788503E-35,-1.));
#3487=DIRECTION('',(-6.12323399573677E-17,-3.08306489788502E-35,-1.));
#3488=DIRECTION('',(-1.,-1.52117864326303E-17,6.12323399573677E-17));
#3489=DIRECTION('',(1.52117864326303E-17,-1.,-9.31453278201692E-34));
#3490=DIRECTION('',(-6.12323399573677E-17,3.87958873609771E-34,-1.));
#3491=DIRECTION('',(-1.,-1.52117864326303E-17,6.12323399573677E-17));
#3492=DIRECTION('',(6.12323399573677E-17,0.,1.));
#3493=DIRECTION('',(-1.52117864326303E-17,1.,9.31453278201692E-34));
#3494=DIRECTION('',(-6.12323399573677E-17,-9.31453278201692E-34,-1.));
#3495=DIRECTION('',(1.52117864326303E-17,-1.,2.37633352873535E-16));
#3496=DIRECTION('',(-3.25414454713004E-17,-0.707106781186546,-0.707106781186549));
#3497=DIRECTION('',(-1.,-1.52117864326303E-17,6.12323399573677E-17));
#3498=DIRECTION('',(1.52117864326303E-17,-1.,-9.31453278201692E-34));
#3499=DIRECTION('',(1.52117864326303E-17,-1.,2.44534729120372E-16));
#3500=DIRECTION('',(-1.,-1.52117864326303E-17,6.12323399573677E-17));
#3501=DIRECTION('',(6.12323399573677E-17,0.,1.));
#3502=DIRECTION('',(1.52117864326303E-17,-1.,0.));
#3503=DIRECTION('',(1.,0.,0.));
#3504=DIRECTION('',(0.,0.,-1.));
#3505=DIRECTION('',(1.,0.,0.));
#3506=DIRECTION('',(0.,0.,-1.));
#3507=DIRECTION('',(1.,0.,0.));
#3508=DIRECTION('',(0.,0.,-1.));
#3509=DIRECTION('',(1.,0.,0.));
#3510=DIRECTION('',(0.,0.,-1.));
#3511=DIRECTION('',(1.,0.,0.));
#3512=DIRECTION('',(1.52117864326303E-17,-1.,-5.66271309790328E-34));
#3513=DIRECTION('',(1.,1.52117864326303E-17,0.));
#3514=DIRECTION('',(-6.12323399573677E-17,-3.65181968411364E-34,-1.));
#3515=DIRECTION('',(6.12323399573677E-17,3.65181968411364E-34,1.));
#3516=DIRECTION('',(6.12323399573677E-17,1.73472347597681E-16,1.));
#3517=DIRECTION('',(0.,-1.,1.73472347597681E-16));
#3518=DIRECTION('',(0.707106781186551,0.707106781186545,-1.65961276146444E-16));
#3519=DIRECTION('',(1.52117864326303E-17,-1.,1.73472347597681E-16));
#3520=DIRECTION('',(1.,1.52117864326303E-17,-6.12323399573677E-17));
#3521=DIRECTION('',(1.52117864326303E-17,-1.,1.73472347597681E-16));
#3522=DIRECTION('',(1.52117864326303E-17,-1.,-9.00622629222842E-34));
#3523=DIRECTION('',(1.,1.52117864326303E-17,0.));
#3524=DIRECTION('',(1.,1.52117864326303E-17,-6.12323399573677E-17));
#3525=DIRECTION('',(6.12323399573677E-17,3.08306489788501E-35,1.));
#3526=DIRECTION('',(-6.12323399573677E-17,-3.08306489788501E-35,-1.));
#3527=DIRECTION('',(6.12323399573677E-17,2.31296463463574E-16,1.));
#3528=DIRECTION('',(0.,-1.,2.31296463463574E-16));
#3529=DIRECTION('',(1.,1.52117864326303E-17,-6.12323399573677E-17));
#3530=DIRECTION('',(-1.52117864326303E-17,1.,-2.31296463463574E-16));
#3531=DIRECTION('',(1.52117864326303E-17,-1.,2.31296463463574E-16));
#3532=DIRECTION('',(1.52117864326303E-17,-1.,0.));
#3533=DIRECTION('',(1.,1.52117864326303E-17,0.));
#3534=DIRECTION('',(1.,1.52117864326303E-17,-6.12323399573677E-17));
#3535=DIRECTION('',(-6.12323399573677E-17,-9.31453278201692E-34,-1.));
#3536=DIRECTION('',(-6.12323399573677E-17,-9.31453278201692E-34,-1.));
#3537=DIRECTION('',(-6.12323399573677E-17,0.,-1.));
#3538=DIRECTION('',(-1.,0.,6.12323399573677E-17));
#3539=DIRECTION('',(1.52117864326303E-17,-1.,-9.31453278201692E-34));
#3540=DIRECTION('',(-1.52117864326303E-17,1.,9.31453278201692E-34));
#3541=DIRECTION('',(-1.52117864326303E-17,1.,1.31941215181146E-33));
#3542=DIRECTION('',(-1.,-1.52117864326303E-17,0.));
#3543=DIRECTION('',(-6.12323399573677E-17,3.87958873609767E-34,-1.));
#3544=DIRECTION('',(6.12323399573677E-17,-3.87958873609767E-34,1.));
#3545=DIRECTION('',(-6.12323399573677E-17,0.,-1.));
#3546=DIRECTION('',(-1.,0.,6.12323399573677E-17));
#3547=DIRECTION('',(1.,1.52117864326303E-17,-6.12323399573677E-17));
#3548=DIRECTION('',(-1.52117864326303E-17,1.,9.31453278201692E-34));
#3549=DIRECTION('',(-1.52117864326303E-17,1.,9.31453278201692E-34));
#3550=DIRECTION('',(1.52117864326303E-17,-1.,-7.92439730817696E-34));
#3551=DIRECTION('',(1.,1.52117864326303E-17,0.));
#3552=DIRECTION('',(1.,1.52117864326303E-17,-6.12323399573677E-17));
#3553=DIRECTION('',(-6.12323399573677E-17,-1.39013547383996E-34,-1.));
#3554=DIRECTION('',(-6.12323399573677E-17,-1.39013547383996E-34,-1.));
#3555=DIRECTION('',(-1.,-1.52117864326303E-17,6.12323399573677E-17));
#3556=DIRECTION('',(1.52117864326303E-17,-1.,-9.31453278201692E-34));
#3557=DIRECTION('',(1.52117864326303E-17,-1.,0.));
#3558=DIRECTION('',(-1.,-1.52117864326303E-17,6.12323399573677E-17));
#3559=DIRECTION('',(6.12323399573677E-17,0.,1.));
#3560=DIRECTION('',(6.12323399573677E-17,0.,1.));
#3561=DIRECTION('',(1.52117864326303E-17,-1.,2.45300741524845E-16));
#3562=DIRECTION('',(1.,0.,0.));
#3563=DIRECTION('',(0.,0.,-1.));
#3564=DIRECTION('',(1.,0.,0.));
#3565=DIRECTION('',(1.,0.,0.));
#3566=DIRECTION('',(0.,0.,-1.));
#3567=DIRECTION('',(1.,0.,0.));
#3568=DIRECTION('',(0.,0.,-1.));
#3569=DIRECTION('',(1.,0.,0.));
#3570=DIRECTION('',(0.,0.,-1.));
#3571=DIRECTION('',(1.,0.,0.));
#3572=DIRECTION('',(1.,0.,0.));
#3573=DIRECTION('',(0.,1.,0.));
#3574=DIRECTION('',(-1.,-1.52117864326303E-17,6.12323399573677E-17));
#3575=DIRECTION('',(-6.12323399573677E-17,-1.37676466347366E-16,-1.));
#3576=DIRECTION('',(0.,1.,0.));
#3577=DIRECTION('',(1.,0.,0.));
#3578=DIRECTION('',(0.,1.,0.));
#3579=DIRECTION('',(-1.,-1.52117864326303E-17,6.12323399573677E-17));
#3580=DIRECTION('',(-6.12323399573677E-17,-1.37676466347366E-16,-1.));
#3581=DIRECTION('',(0.,1.,0.));
#3582=DIRECTION('',(1.,0.,0.));
#3583=DIRECTION('',(0.,1.,0.));
#3584=DIRECTION('',(-1.,-1.52117864326303E-17,6.12323399573677E-17));
#3585=DIRECTION('',(-6.12323399573677E-17,-1.37676466347366E-16,-1.));
#3586=DIRECTION('',(1.,0.,0.));
#3587=DIRECTION('',(0.,1.,0.));
#3588=DIRECTION('',(1.,0.,0.));
#3589=DIRECTION('',(0.,0.,-1.));
#3590=DIRECTION('',(-1.,-1.52117864326303E-17,6.12323399573677E-17));
#3591=DIRECTION('',(-6.12323399573677E-17,-1.37676466347366E-16,-1.));
#3592=DIRECTION('',(1.,0.,0.));
#3593=DIRECTION('',(0.,1.,0.));
#3594=DIRECTION('',(1.,0.,0.));
#3595=DIRECTION('',(0.,0.,-1.));
#3596=DIRECTION('',(-1.,-1.52117864326303E-17,6.12323399573677E-17));
#3597=DIRECTION('',(-6.12323399573677E-17,-1.37676466347366E-16,-1.));
#3598=DIRECTION('',(0.,0.,-1.));
#3599=DIRECTION('',(-1.,0.,0.));
#3600=DIRECTION('',(1.,0.,0.));
#3601=DIRECTION('',(0.,1.,0.));
#3602=DIRECTION('',(1.,0.,0.));
#3603=DIRECTION('',(0.,1.,0.));
#3604=DIRECTION('',(0.,1.,0.));
#3605=DIRECTION('',(0.,-0.707106781186548,-0.707106781186548));
#3606=DIRECTION('',(0.,0.707106781186548,-0.707106781186548));
#3607=DIRECTION('',(1.,0.,0.));
#3608=DIRECTION('',(0.,0.707106781186548,-0.707106781186548));
#3609=DIRECTION('',(0.,0.707106781186548,-0.707106781186548));
#3610=DIRECTION('',(0.,-1.,0.));
#3611=DIRECTION('',(0.,0.,-1.));
#3612=DIRECTION('',(1.,0.,0.));
#3613=DIRECTION('',(0.,0.,-1.));
#3614=DIRECTION('',(0.,0.,-1.));
#3615=DIRECTION('',(0.,0.707106781186548,-0.707106781186548));
#3616=DIRECTION('',(0.,0.707106781186548,0.707106781186548));
#3617=DIRECTION('',(0.,0.707106781186548,0.707106781186548));
#3618=DIRECTION('',(0.,0.707106781186548,0.707106781186548));
#3619=DIRECTION('',(1.,0.,0.));
#3620=DIRECTION('',(0.,0.,-1.));
#3621=DIRECTION('',(-1.,0.,0.));
#3622=DIRECTION('',(0.,1.,0.));
#3623=DIRECTION('',(0.,1.,0.));
#3624=DIRECTION('',(0.,1.,0.));
#3625=DIRECTION('',(1.,0.,0.));
#3626=DIRECTION('',(0.,0.707106781186548,0.707106781186547));
#3627=DIRECTION('',(0.,-0.707106781186548,0.707106781186548));
#3628=DIRECTION('',(1.,0.,0.));
#3629=DIRECTION('',(0.,-0.707106781186548,0.707106781186548));
#3630=DIRECTION('',(0.,-0.707106781186548,0.707106781186548));
#3631=DIRECTION('',(0.,-1.,0.));
#3632=DIRECTION('',(0.,0.,-1.));
#3633=DIRECTION('',(0.,0.,-1.));
#3634=DIRECTION('',(0.,0.,-1.));
#3635=DIRECTION('',(1.,0.,0.));
#3636=DIRECTION('',(0.,-0.707106781186548,0.707106781186548));
#3637=DIRECTION('',(0.,-0.707106781186548,-0.707106781186548));
#3638=DIRECTION('',(0.,-0.707106781186548,-0.707106781186548));
#3639=DIRECTION('',(0.,-0.707106781186548,-0.707106781186548));
#3640=DIRECTION('',(0.,0.,-1.));
#3641=DIRECTION('',(-1.,0.,0.));
#3642=DIRECTION('',(-0.707106781186551,-0.707106781186545,0.));
#3643=DIRECTION('',(1.,0.,0.));
#3644=DIRECTION('',(0.,1.,0.));
#3645=DIRECTION('',(1.,0.,0.));
#3646=DIRECTION('',(-0.707106781186551,0.707106781186545,0.));
#3647=DIRECTION('',(0.,1.,0.));
#3648=DIRECTION('',(1.,0.,0.));
#3649=DIRECTION('',(0.,0.,-1.));
#3650=DIRECTION('',(-0.707106781186545,0.707106781186551,4.32978028117745E-17));
#3651=DIRECTION('',(0.707106781186551,0.707106781186545,4.32978028117741E-17));
#3652=DIRECTION('',(1.,0.,0.));
#3653=DIRECTION('',(0.,0.,-1.));
#3654=DIRECTION('',(1.,0.,0.));
#3655=DIRECTION('',(0.,0.,-1.));
#3656=DIRECTION('',(1.,0.,0.));
#3657=DIRECTION('',(0.,0.,-1.));
#3658=DIRECTION('',(1.,0.,0.));
#3659=DIRECTION('',(0.,0.,-1.));
#3660=DIRECTION('',(1.,0.,0.));
#3661=DIRECTION('',(1.,0.,0.));
#3662=DIRECTION('',(0.,0.,-1.));
#3663=DIRECTION('',(0.,0.,-1.));
#3664=DIRECTION('',(-1.,0.,0.));
#3665=DIRECTION('',(1.,0.,0.));
#3666=DIRECTION('',(0.,1.,0.));
#3667=DIRECTION('',(0.,1.,0.));
#3668=DIRECTION('',(1.,0.,0.));
#3669=DIRECTION('',(0.,0.,-1.));
#3670=DIRECTION('',(1.,0.,0.));
#3671=DIRECTION('',(0.,0.,-1.));
#3672=DIRECTION('',(1.,0.,0.));
#3673=DIRECTION('',(0.,0.,-1.));
#3674=DIRECTION('',(1.,0.,0.));
#3675=DIRECTION('',(1.,0.,0.));
#3676=DIRECTION('',(0.,0.,-1.));
#3677=DIRECTION('',(0.,-1.,0.));
#3678=DIRECTION('',(0.,0.,-1.));
#3679=DIRECTION('',(0.,0.,-1.));
#3680=DIRECTION('',(0.,0.,-1.));
#3681=DIRECTION('',(1.,0.,0.));
#3682=DIRECTION('',(1.,0.,0.));
#3683=DIRECTION('',(0.,0.,-1.));
#3684=DIRECTION('',(1.,0.,0.));
#3685=DIRECTION('',(0.,0.,-1.));
#3686=DIRECTION('',(1.,0.,0.));
#3687=DIRECTION('',(0.,1.,0.));
#3688=DIRECTION('',(-1.,-1.52117864326303E-17,6.12323399573677E-17));
#3689=DIRECTION('',(-6.12323399573677E-17,-1.37676466347366E-16,-1.));
#3690=DIRECTION('',(-1.,-1.52117864326303E-17,6.12323399573677E-17));
#3691=DIRECTION('',(-6.12323399573677E-17,-1.37676466347366E-16,-1.));
#3692=DIRECTION('',(-2.56135694638991E-17,0.984807753012208,-0.17364817766693));
#3693=DIRECTION('',(-1.,-1.52117864326303E-17,6.12323399573677E-17));
#3694=DIRECTION('',(-6.12323399573677E-17,-1.37676466347366E-16,-1.));
#3695=DIRECTION('',(-4.34780096814142E-18,0.984807753012208,0.17364817766693));
#3696=DIRECTION('',(6.12323399573677E-17,9.31453278201692E-34,1.));
#3697=DIRECTION('',(-1.,-1.52117864326303E-17,6.12323399573677E-17));
#3698=DIRECTION('',(-6.12323399573677E-17,-1.37676466347366E-16,-1.));
#3699=DIRECTION('',(-1.,-1.52117864326303E-17,6.12323399573677E-17));
#3700=DIRECTION('',(-6.12323399573677E-17,-1.37676466347366E-16,-1.));
#3701=DIRECTION('',(-1.,-1.52117864326303E-17,6.12323399573677E-17));
#3702=DIRECTION('',(-6.12323399573677E-17,-1.37676466347366E-16,-1.));
#3703=DIRECTION('',(-1.,-1.52117864326303E-17,6.12323399573677E-17));
#3704=DIRECTION('',(-6.12323399573677E-17,-1.37676466347366E-16,-1.));
#3705=DIRECTION('',(-1.,-1.52117864326303E-17,6.12323399573677E-17));
#3706=DIRECTION('',(-6.12323399573677E-17,-1.37676466347366E-16,-1.));
#3707=DIRECTION('',(-1.,-1.52117864326303E-17,6.12323399573677E-17));
#3708=DIRECTION('',(-6.12323399573677E-17,-1.37676466347366E-16,-1.));
#3709=DIRECTION('',(-1.,-1.52117864326303E-17,6.12323399573677E-17));
#3710=DIRECTION('',(-6.12323399573677E-17,-1.37676466347366E-16,-1.));
#3711=DIRECTION('',(-1.,-1.52117864326303E-17,6.12323399573677E-17));
#3712=DIRECTION('',(-6.12323399573677E-17,-1.37676466347366E-16,-1.));
#3713=DIRECTION('',(-1.,-1.52117864326303E-17,6.12323399573677E-17));
#3714=DIRECTION('',(-6.12323399573677E-17,-1.37676466347366E-16,-1.));
#3715=DIRECTION('',(-1.,-1.52117864326303E-17,6.12323399573677E-17));
#3716=DIRECTION('',(-6.12323399573677E-17,-1.37676466347366E-16,-1.));
#3717=DIRECTION('',(-1.,-1.52117864326303E-17,6.12323399573677E-17));
#3718=DIRECTION('',(-6.12323399573677E-17,-1.37676466347366E-16,-1.));
#3719=DIRECTION('',(-1.,-1.52117864326303E-17,6.12323399573677E-17));
#3720=DIRECTION('',(-6.12323399573677E-17,-1.37676466347366E-16,-1.));
#3721=DIRECTION('',(-1.,-1.52117864326303E-17,6.12323399573677E-17));
#3722=DIRECTION('',(-6.12323399573677E-17,-1.37676466347366E-16,-1.));
#3723=DIRECTION('',(-1.,-1.52117864326303E-17,6.12323399573677E-17));
#3724=DIRECTION('',(-6.12323399573677E-17,-1.37676466347366E-16,-1.));
#3725=DIRECTION('',(-1.,-1.52117864326303E-17,6.12323399573677E-17));
#3726=DIRECTION('',(-6.12323399573677E-17,-1.37676466347366E-16,-1.));
#3727=DIRECTION('',(-1.,-1.52117864326303E-17,6.12323399573677E-17));
#3728=DIRECTION('',(-6.12323399573677E-17,-1.37676466347366E-16,-1.));
#3729=DIRECTION('',(-1.,-1.52117864326303E-17,6.12323399573677E-17));
#3730=DIRECTION('',(-6.12323399573677E-17,-1.37676466347366E-16,-1.));
#3731=DIRECTION('',(-1.,-1.52117864326303E-17,6.12323399573677E-17));
#3732=DIRECTION('',(-6.12323399573677E-17,-1.37676466347366E-16,-1.));
#3733=DIRECTION('',(-1.,-1.52117864326303E-17,6.12323399573677E-17));
#3734=DIRECTION('',(-6.12323399573677E-17,-1.37676466347366E-16,-1.));
#3735=DIRECTION('',(-1.,-1.52117864326303E-17,6.12323399573677E-17));
#3736=DIRECTION('',(-6.12323399573677E-17,-1.37676466347366E-16,-1.));
#3737=DIRECTION('',(-1.,-1.52117864326303E-17,6.12323399573677E-17));
#3738=DIRECTION('',(-6.12323399573677E-17,-1.37676466347366E-16,-1.));
#3739=DIRECTION('',(-1.,-1.52117864326303E-17,6.12323399573677E-17));
#3740=DIRECTION('',(-6.12323399573677E-17,-1.37676466347366E-16,-1.));
#3741=DIRECTION('',(-1.,-1.52117864326303E-17,6.12323399573677E-17));
#3742=DIRECTION('',(-6.12323399573677E-17,-1.37676466347366E-16,-1.));
#3743=DIRECTION('',(-1.,-1.52117864326303E-17,6.12323399573677E-17));
#3744=DIRECTION('',(-6.12323399573677E-17,-1.37676466347366E-16,-1.));
#3745=DIRECTION('',(-1.,-1.52117864326303E-17,6.12323399573677E-17));
#3746=DIRECTION('',(-6.12323399573677E-17,-1.37676466347366E-16,-1.));
#3747=DIRECTION('',(-1.,-1.52117864326303E-17,6.12323399573677E-17));
#3748=DIRECTION('',(-6.12323399573677E-17,-1.37676466347366E-16,-1.));
#3749=DIRECTION('',(-1.,-1.52117864326303E-17,6.12323399573677E-17));
#3750=DIRECTION('',(-6.12323399573677E-17,-1.37676466347366E-16,-1.));
#3751=DIRECTION('',(-1.,-1.52117864326303E-17,6.12323399573677E-17));
#3752=DIRECTION('',(-6.12323399573677E-17,-1.37676466347366E-16,-1.));
#3753=DIRECTION('',(-1.,-1.52117864326303E-17,6.12323399573677E-17));
#3754=DIRECTION('',(-6.12323399573677E-17,-1.37676466347366E-16,-1.));
#3755=DIRECTION('',(-1.,-1.52117864326303E-17,6.12323399573677E-17));
#3756=DIRECTION('',(-6.12323399573677E-17,-1.37676466347366E-16,-1.));
#3757=DIRECTION('',(-1.,-1.52117864326303E-17,6.12323399573677E-17));
#3758=DIRECTION('',(-6.12323399573677E-17,-1.37676466347366E-16,-1.));
#3759=DIRECTION('',(-1.,-1.52117864326303E-17,6.12323399573677E-17));
#3760=DIRECTION('',(-6.12323399573677E-17,-1.37676466347366E-16,-1.));
#3761=DIRECTION('',(-1.,-1.52117864326303E-17,6.12323399573677E-17));
#3762=DIRECTION('',(-6.12323399573677E-17,-1.37676466347366E-16,-1.));
#3763=DIRECTION('',(-1.,-1.52117864326303E-17,6.12323399573677E-17));
#3764=DIRECTION('',(-6.12323399573677E-17,-1.37676466347366E-16,-1.));
#3765=DIRECTION('',(-1.,-1.52117864326303E-17,6.12323399573677E-17));
#3766=DIRECTION('',(-6.12323399573677E-17,-1.37676466347366E-16,-1.));
#3767=DIRECTION('',(1.,1.52117864326303E-17,-6.12323399573677E-17));
#3768=DIRECTION('',(6.12323399573677E-17,1.37676466347366E-16,1.));
#3769=DIRECTION('',(-1.,-1.52117864326303E-17,6.12323399573677E-17));
#3770=DIRECTION('',(-6.12323399573677E-17,-1.37676466347366E-16,-1.));
#3771=DIRECTION('',(-1.,-1.52117864326303E-17,6.12323399573677E-17));
#3772=DIRECTION('',(-6.12323399573677E-17,-1.37676466347366E-16,-1.));
#3773=DIRECTION('',(-1.,-1.52117864326303E-17,6.12323399573677E-17));
#3774=DIRECTION('',(-6.12323399573677E-17,-1.37676466347366E-16,-1.));
#3775=DIRECTION('',(-1.,-1.52117864326303E-17,6.12323399573677E-17));
#3776=DIRECTION('',(-6.12323399573677E-17,-1.37676466347366E-16,-1.));
#3777=DIRECTION('',(-1.,-1.52117864326303E-17,6.12323399573677E-17));
#3778=DIRECTION('',(-6.12323399573677E-17,-1.37676466347366E-16,-1.));
#3779=DIRECTION('',(-1.,-1.52117864326303E-17,6.12323399573677E-17));
#3780=DIRECTION('',(-6.12323399573677E-17,-1.37676466347366E-16,-1.));
#3781=DIRECTION('',(-1.,-1.52117864326303E-17,6.12323399573677E-17));
#3782=DIRECTION('',(-6.12323399573677E-17,-1.37676466347366E-16,-1.));
#3783=DIRECTION('',(-1.,-1.52117864326303E-17,6.12323399573677E-17));
#3784=DIRECTION('',(-6.12323399573677E-17,-1.37676466347366E-16,-1.));
#3785=DIRECTION('',(-1.,-1.52117864326303E-17,6.12323399573677E-17));
#3786=DIRECTION('',(-6.12323399573677E-17,-1.37676466347366E-16,-1.));
#3787=DIRECTION('',(-1.,-1.52117864326303E-17,6.12323399573677E-17));
#3788=DIRECTION('',(-6.12323399573677E-17,-1.37676466347366E-16,-1.));
#3789=DIRECTION('',(-1.,-1.52117864326303E-17,6.12323399573677E-17));
#3790=DIRECTION('',(-6.12323399573677E-17,-1.37676466347366E-16,-1.));
#3791=DIRECTION('',(-1.,-1.52117864326303E-17,6.12323399573677E-17));
#3792=DIRECTION('',(-6.12323399573677E-17,-1.37676466347366E-16,-1.));
#3793=DIRECTION('',(-1.,-1.52117864326303E-17,6.12323399573677E-17));
#3794=DIRECTION('',(-6.12323399573677E-17,-1.37676466347366E-16,-1.));
#3795=DIRECTION('',(-1.,-1.52117864326303E-17,6.12323399573677E-17));
#3796=DIRECTION('',(-6.12323399573677E-17,-1.37676466347366E-16,-1.));
#3797=DIRECTION('',(-1.,-1.52117864326303E-17,6.12323399573677E-17));
#3798=DIRECTION('',(-6.12323399573677E-17,-1.37676466347366E-16,-1.));
#3799=DIRECTION('',(-1.,-1.52117864326303E-17,6.12323399573677E-17));
#3800=DIRECTION('',(-6.12323399573677E-17,-1.37676466347366E-16,-1.));
#3801=DIRECTION('',(-1.,-1.52117864326303E-17,6.12323399573677E-17));
#3802=DIRECTION('',(-6.12323399573677E-17,-1.37676466347366E-16,-1.));
#3803=DIRECTION('',(-1.,-1.52117864326303E-17,6.12323399573677E-17));
#3804=DIRECTION('',(-6.12323399573677E-17,-1.37676466347366E-16,-1.));
#3805=DIRECTION('',(-1.,-1.52117864326303E-17,6.12323399573677E-17));
#3806=DIRECTION('',(-6.12323399573677E-17,-1.37676466347366E-16,-1.));
#3807=DIRECTION('',(1.,1.52117864326303E-17,-6.12323399573677E-17));
#3808=DIRECTION('',(6.12323399573677E-17,1.37676466347366E-16,1.));
#3809=DIRECTION('',(1.,1.52117864326303E-17,-6.12323399573677E-17));
#3810=DIRECTION('',(6.12323399573677E-17,1.37676466347366E-16,1.));
#3811=DIRECTION('',(1.,1.52117864326303E-17,-6.12323399573677E-17));
#3812=DIRECTION('',(6.12323399573677E-17,1.37676466347366E-16,1.));
#3813=DIRECTION('',(1.,1.52117864326303E-17,-6.12323399573677E-17));
#3814=DIRECTION('',(6.12323399573677E-17,1.37676466347366E-16,1.));
#3815=DIRECTION('',(-1.,-1.52117864326303E-17,6.12323399573677E-17));
#3816=DIRECTION('',(-6.12323399573677E-17,-1.37676466347366E-16,-1.));
#3817=DIRECTION('',(-1.,-1.52117864326303E-17,6.12323399573677E-17));
#3818=DIRECTION('',(-6.12323399573677E-17,-1.37676466347366E-16,-1.));
#3819=DIRECTION('',(-1.,-1.52117864326303E-17,6.12323399573677E-17));
#3820=DIRECTION('',(-1.,-1.52117864326303E-17,6.12323399573677E-17));
#3821=DIRECTION('',(-6.12323399573677E-17,-1.37676466347366E-16,-1.));
#3822=DIRECTION('',(-1.,-1.52117864326303E-17,6.12323399573677E-17));
#3823=DIRECTION('',(-1.,-1.52117864326303E-17,6.12323399573677E-17));
#3824=DIRECTION('',(-6.12323399573677E-17,-1.37676466347366E-16,-1.));
#3825=DIRECTION('',(-1.,-1.52117864326303E-17,6.12323399573677E-17));
#3826=DIRECTION('',(-1.,-1.52117864326303E-17,6.12323399573677E-17));
#3827=DIRECTION('',(-6.12323399573677E-17,-1.37676466347366E-16,-1.));
#3828=DIRECTION('',(-1.,-1.52117864326303E-17,6.12323399573677E-17));
#3829=DIRECTION('',(-1.,-1.52117864326303E-17,6.12323399573677E-17));
#3830=DIRECTION('',(-6.12323399573677E-17,-1.37676466347366E-16,-1.));
#3831=DIRECTION('',(-1.,-1.52117864326303E-17,6.12323399573677E-17));
#3832=DIRECTION('',(-1.,-1.52117864326303E-17,6.12323399573677E-17));
#3833=DIRECTION('',(-6.12323399573677E-17,-1.37676466347366E-16,-1.));
#3834=DIRECTION('',(-1.,-1.52117864326303E-17,6.12323399573677E-17));
#3835=DIRECTION('',(-1.,-1.52117864326303E-17,6.12323399573677E-17));
#3836=DIRECTION('',(-6.12323399573677E-17,-1.37676466347366E-16,-1.));
#3837=DIRECTION('',(-1.,-1.52117864326303E-17,6.12323399573677E-17));
#3838=DIRECTION('',(-1.,-1.52117864326303E-17,6.12323399573677E-17));
#3839=DIRECTION('',(-6.12323399573677E-17,-1.37676466347366E-16,-1.));
#3840=DIRECTION('',(-1.,-1.52117864326303E-17,6.12323399573677E-17));
#3841=DIRECTION('',(-1.,-1.52117864326303E-17,6.12323399573677E-17));
#3842=DIRECTION('',(-6.12323399573677E-17,-1.37676466347366E-16,-1.));
#3843=DIRECTION('',(-1.,-1.52117864326303E-17,6.12323399573677E-17));
#3844=DIRECTION('',(-1.,-1.52117864326303E-17,6.12323399573677E-17));
#3845=DIRECTION('',(-6.12323399573677E-17,-1.37676466347366E-16,-1.));
#3846=DIRECTION('',(-1.,-1.52117864326303E-17,6.12323399573677E-17));
#3847=DIRECTION('',(-1.,-1.52117864326303E-17,6.12323399573677E-17));
#3848=DIRECTION('',(-6.12323399573677E-17,-1.37676466347366E-16,-1.));
#3849=DIRECTION('',(-1.,-1.52117864326303E-17,6.12323399573677E-17));
#3850=DIRECTION('',(-1.,-1.52117864326303E-17,6.12323399573677E-17));
#3851=DIRECTION('',(-6.12323399573677E-17,-1.37676466347366E-16,-1.));
#3852=DIRECTION('',(-1.,-1.52117864326303E-17,6.12323399573677E-17));
#3853=DIRECTION('',(-1.,-1.52117864326303E-17,6.12323399573677E-17));
#3854=DIRECTION('',(-6.12323399573677E-17,-1.37676466347366E-16,-1.));
#3855=DIRECTION('',(-1.,-1.52117864326303E-17,6.12323399573677E-17));
#3856=DIRECTION('',(-6.12323399573677E-17,-1.37676466347366E-16,-1.));
#3857=DIRECTION('',(-1.,-1.52117864326303E-17,6.12323399573677E-17));
#3858=DIRECTION('',(-6.12323399573677E-17,-1.37676466347366E-16,-1.));
#3859=DIRECTION('',(-1.,-1.52117864326303E-17,6.12323399573677E-17));
#3860=DIRECTION('',(-6.12323399573677E-17,-1.37676466347366E-16,-1.));
#3861=DIRECTION('',(-1.,-1.52117864326303E-17,6.12323399573677E-17));
#3862=DIRECTION('',(-6.12323399573677E-17,-1.37676466347366E-16,-1.));
#3863=DIRECTION('',(-1.,-1.52117864326303E-17,6.12323399573677E-17));
#3864=DIRECTION('',(-6.12323399573677E-17,-1.37676466347366E-16,-1.));
#3865=DIRECTION('',(-1.,-1.52117864326303E-17,6.12323399573677E-17));
#3866=DIRECTION('',(-6.12323399573677E-17,-1.37676466347366E-16,-1.));
#3867=DIRECTION('',(-1.,-1.52117864326303E-17,6.12323399573677E-17));
#3868=DIRECTION('',(-6.12323399573677E-17,-1.37676466347366E-16,-1.));
#3869=DIRECTION('',(-1.,-1.52117864326303E-17,6.12323399573677E-17));
#3870=DIRECTION('',(-6.12323399573677E-17,-1.37676466347366E-16,-1.));
#3871=DIRECTION('',(1.,1.52117864326303E-17,-6.12323399573677E-17));
#3872=DIRECTION('',(6.12323399573677E-17,1.37676466347366E-16,1.));
#3873=DIRECTION('',(1.,1.52117864326303E-17,-6.12323399573677E-17));
#3874=DIRECTION('',(6.12323399573677E-17,1.37676466347366E-16,1.));
#3875=DIRECTION('',(-1.,-1.52117864326303E-17,6.12323399573677E-17));
#3876=DIRECTION('',(-1.,-1.52117864326303E-17,6.12323399573677E-17));
#3877=DIRECTION('',(-6.12323399573677E-17,-1.37676466347366E-16,-1.));
#3878=DIRECTION('',(-1.,-1.52117864326303E-17,6.12323399573677E-17));
#3879=DIRECTION('',(1.,1.52117864326303E-17,-6.12323399573677E-17));
#3880=DIRECTION('',(-6.12323399573677E-17,-1.37676466347366E-16,-1.));
#3881=DIRECTION('',(1.,1.52117864326303E-17,-6.12323399573677E-17));
#3882=DIRECTION('',(6.12323399573677E-17,1.37676466347366E-16,1.));
#3883=DIRECTION('',(1.,1.52117864326303E-17,-6.12323399573677E-17));
#3884=DIRECTION('',(6.12323399573677E-17,1.37676466347366E-16,1.));
#3885=DIRECTION('',(1.,1.52117864326303E-17,-6.12323399573677E-17));
#3886=DIRECTION('',(6.12323399573677E-17,1.37676466347366E-16,1.));
#3887=DIRECTION('',(-1.,-1.52117864326303E-17,6.12323399573677E-17));
#3888=DIRECTION('',(-1.,-1.52117864326303E-17,6.12323399573677E-17));
#3889=DIRECTION('',(-6.12323399573677E-17,-1.37676466347366E-16,-1.));
#3890=DIRECTION('',(-1.,-1.52117864326303E-17,6.12323399573677E-17));
#3891=DIRECTION('',(1.,1.52117864326303E-17,-6.12323399573677E-17));
#3892=DIRECTION('',(-6.12323399573677E-17,-1.37676466347366E-16,-1.));
#3893=DIRECTION('',(1.,1.52117864326303E-17,-6.12323399573677E-17));
#3894=DIRECTION('',(6.12323399573677E-17,1.37676466347366E-16,1.));
#3895=DIRECTION('',(1.,1.52117864326303E-17,-6.12323399573677E-17));
#3896=DIRECTION('',(6.12323399573677E-17,1.37676466347366E-16,1.));
#3897=DIRECTION('',(1.,1.52117864326303E-17,-6.12323399573677E-17));
#3898=DIRECTION('',(6.12323399573677E-17,1.37676466347366E-16,1.));
#3899=DIRECTION('',(-1.,-1.52117864326303E-17,6.12323399573677E-17));
#3900=DIRECTION('',(-1.,-1.52117864326303E-17,6.12323399573677E-17));
#3901=DIRECTION('',(-6.12323399573677E-17,-1.37676466347366E-16,-1.));
#3902=DIRECTION('',(-1.,-1.52117864326303E-17,6.12323399573677E-17));
#3903=DIRECTION('',(1.,1.52117864326303E-17,-6.12323399573677E-17));
#3904=DIRECTION('',(-6.12323399573677E-17,-1.37676466347366E-16,-1.));
#3905=DIRECTION('',(1.,1.52117864326303E-17,-6.12323399573677E-17));
#3906=DIRECTION('',(6.12323399573677E-17,1.37676466347366E-16,1.));
#3907=DIRECTION('',(1.,1.52117864326303E-17,-6.12323399573677E-17));
#3908=DIRECTION('',(6.12323399573677E-17,1.37676466347366E-16,1.));
#3909=DIRECTION('',(1.,1.52117864326303E-17,-6.12323399573677E-17));
#3910=DIRECTION('',(6.12323399573677E-17,1.37676466347366E-16,1.));
#3911=DIRECTION('',(-1.,-1.52117864326303E-17,6.12323399573677E-17));
#3912=DIRECTION('',(-1.,-1.52117864326303E-17,6.12323399573677E-17));
#3913=DIRECTION('',(-6.12323399573677E-17,-1.37676466347366E-16,-1.));
#3914=DIRECTION('',(-1.,-1.52117864326303E-17,6.12323399573677E-17));
#3915=DIRECTION('',(1.,1.52117864326303E-17,-6.12323399573677E-17));
#3916=DIRECTION('',(-6.12323399573677E-17,-1.37676466347366E-16,-1.));
#3917=DIRECTION('',(1.,1.52117864326303E-17,-6.12323399573677E-17));
#3918=DIRECTION('',(6.12323399573677E-17,1.37676466347366E-16,1.));
#3919=DIRECTION('',(-1.,-1.52117864326303E-17,6.12323399573677E-17));
#3920=DIRECTION('',(-6.12323399573677E-17,-1.37676466347366E-16,-1.));
#3921=DIRECTION('',(-1.,-1.52117864326303E-17,6.12323399573677E-17));
#3922=DIRECTION('',(-6.12323399573677E-17,-1.37676466347366E-16,-1.));
#3923=DIRECTION('',(-1.,-1.52117864326303E-17,6.12323399573677E-17));
#3924=DIRECTION('',(-6.12323399573677E-17,-1.37676466347366E-16,-1.));
#3925=DIRECTION('',(-1.,-1.52117864326303E-17,6.12323399573677E-17));
#3926=DIRECTION('',(-6.12323399573677E-17,-1.37676466347366E-16,-1.));
#3927=DIRECTION('',(-1.,-1.52117864326303E-17,6.12323399573677E-17));
#3928=DIRECTION('',(-6.12323399573677E-17,-1.37676466347366E-16,-1.));
#3929=DIRECTION('',(-1.,-1.52117864326303E-17,6.12323399573677E-17));
#3930=DIRECTION('',(-6.12323399573677E-17,-1.37676466347366E-16,-1.));
#3931=DIRECTION('',(-1.,-1.52117864326303E-17,6.12323399573677E-17));
#3932=DIRECTION('',(-6.12323399573677E-17,-1.37676466347366E-16,-1.));
#3933=DIRECTION('',(-1.,-1.52117864326303E-17,6.12323399573677E-17));
#3934=DIRECTION('',(-6.12323399573677E-17,-1.37676466347366E-16,-1.));
#3935=DIRECTION('',(-1.,-1.52117864326303E-17,6.12323399573677E-17));
#3936=DIRECTION('',(-6.12323399573677E-17,-1.37676466347366E-16,-1.));
#3937=DIRECTION('',(-1.,-1.52117864326303E-17,6.12323399573677E-17));
#3938=DIRECTION('',(-6.12323399573677E-17,-1.37676466347366E-16,-1.));
#3939=DIRECTION('',(-1.,-1.52117864326303E-17,6.12323399573677E-17));
#3940=DIRECTION('',(-6.12323399573677E-17,-1.37676466347366E-16,-1.));
#3941=DIRECTION('',(-1.,-1.52117864326303E-17,6.12323399573677E-17));
#3942=DIRECTION('',(-6.12323399573677E-17,-1.37676466347366E-16,-1.));
#3943=DIRECTION('',(-1.,-1.52117864326303E-17,6.12323399573677E-17));
#3944=DIRECTION('',(-6.12323399573677E-17,-1.37676466347366E-16,-1.));
#3945=DIRECTION('',(-1.,-1.52117864326303E-17,6.12323399573677E-17));
#3946=DIRECTION('',(-6.12323399573677E-17,-1.37676466347366E-16,-1.));
#3947=DIRECTION('',(-1.,-1.52117864326303E-17,6.12323399573677E-17));
#3948=DIRECTION('',(-6.12323399573677E-17,-1.37676466347366E-16,-1.));
#3949=DIRECTION('',(-1.,-1.52117864326303E-17,6.12323399573677E-17));
#3950=DIRECTION('',(-6.12323399573677E-17,-1.37676466347366E-16,-1.));
#3951=DIRECTION('',(-1.,-1.52117864326303E-17,6.12323399573677E-17));
#3952=DIRECTION('',(-6.12323399573677E-17,-1.37676466347366E-16,-1.));
#3953=DIRECTION('',(-1.,-1.52117864326303E-17,6.12323399573677E-17));
#3954=DIRECTION('',(-6.12323399573677E-17,-1.37676466347366E-16,-1.));
#3955=DIRECTION('',(1.,0.,0.));
#3956=DIRECTION('',(0.,1.,0.));
#3957=DIRECTION('',(6.12323399573677E-17,2.45300741524845E-16,1.));
#3958=DIRECTION('',(0.,-1.,2.45300741524845E-16));
#3959=DIRECTION('',(-0.707106781186551,0.707106781186545,-1.30156014950531E-16));
#3960=DIRECTION('',(6.12323399573677E-17,2.44534729120372E-16,1.));
#3961=DIRECTION('',(0.,-1.,2.44534729120372E-16));
#3962=DIRECTION('',(-0.707106781186551,-0.707106781186545,2.16209968008405E-16));
#3963=DIRECTION('',(-0.707106781186545,0.70710678118655,4.32978028117745E-17));
#3964=DIRECTION('',(6.12323399573677E-17,3.65181968411364E-34,1.));
#3965=DIRECTION('',(0.577350269189628,0.577350269189623,0.577350269189627));
#3966=DIRECTION('',(0.707106781186547,-1.11907115994196E-16,-0.707106781186548));
#3967=DIRECTION('',(1.52117864326303E-17,-1.,1.73472347597681E-16));
#3968=DIRECTION('',(0.577350269189628,0.577350269189623,0.577350269189627));
#3969=DIRECTION('',(-1.52117864326303E-17,1.,9.31453278201692E-34));
#3970=DIRECTION('',(-0.707106781186544,0.707106781186551,4.32978028117745E-17));
#3971=DIRECTION('',(6.12323399573677E-17,3.08306489788501E-35,1.));
#3972=DIRECTION('',(-0.577350269189628,-0.577350269189623,0.577350269189626));
#3973=DIRECTION('',(-6.12323399573677E-17,-3.08306489788501E-35,-1.));
#3974=DIRECTION('',(-0.707106781186546,-1.74307655120034E-16,-0.707106781186549));
#3975=DIRECTION('',(-1.52117864326303E-17,1.,-2.31296463463574E-16));
#3976=DIRECTION('',(0.577350269189629,-0.577350269189623,-0.577350269189626));
#3977=DIRECTION('',(1.52117864326303E-17,-1.,2.31296463463574E-16));
#3978=DIRECTION('',(0.707106781186544,0.707106781186551,-4.32978028117745E-17));
#3979=DIRECTION('',(-6.12323399573677E-17,-9.31453278201692E-34,-1.));
#3980=DIRECTION('',(0.577350269189628,-0.577350269189622,0.577350269189628));
#3981=DIRECTION('',(-0.707106781186548,-1.07563573404744E-17,0.707106781186548));
#3982=DIRECTION('',(1.52117864326303E-17,-1.,-9.31453278201692E-34));
#3983=DIRECTION('',(0.707106781186548,0.,0.707106781186548));
#3984=DIRECTION('',(-1.,0.,0.));
#3985=DIRECTION('',(0.,0.,1.));
#3986=DIRECTION('',(0.707106781186551,-0.707106781186545,0.));
#3987=DIRECTION('',(-0.707106781186544,-0.707106781186551,4.32978028117745E-17));
#3988=DIRECTION('',(-6.12323399573677E-17,3.87958873609767E-34,-1.));
#3989=DIRECTION('',(0.707106781186551,-0.707106781186545,0.));
#3990=DIRECTION('',(6.12323399573677E-17,-3.87958873609767E-34,1.));
#3991=DIRECTION('',(-1.,0.,0.));
#3992=DIRECTION('',(0.,0.,1.));
#3993=DIRECTION('',(0.70710678118655,0.,-0.707106781186545));
#3994=DIRECTION('',(0.707106781186547,1.07563573404744E-17,0.707106781186548));
#3995=DIRECTION('',(-1.52117864326303E-17,1.,9.31453278201692E-34));
#3996=DIRECTION('',(-0.577350269189628,0.577350269189623,0.577350269189627));
#3997=DIRECTION('',(0.707106781186545,0.707106781186551,-4.32978028117745E-17));
#3998=DIRECTION('',(-6.12323399573677E-17,-1.39013547383996E-34,-1.));
#3999=DIRECTION('',(-0.707106781186545,0.707106781186551,4.32978028117745E-17));
#4000=DIRECTION('',(6.12323399573677E-17,1.39013547383996E-34,1.));
#4001=DIRECTION('',(-0.577350269189628,-0.577350269189624,0.577350269189626));
#4002=DIRECTION('',(-0.707106781186546,-1.07563573404744E-17,-0.707106781186549));
#4003=DIRECTION('',(-1.52117864326303E-17,1.,9.31453278201692E-34));
#4004=DIRECTION('',(0.707106781186549,0.,-0.707106781186546));
#4005=DIRECTION('',(-1.,0.,0.));
#4006=DIRECTION('',(0.,0.,1.));
#4007=DIRECTION('',(0.707106781186545,0.707106781186551,0.));
#4008=DIRECTION('',(0.707106781186544,-0.707106781186551,-4.32978028117745E-17));
#4009=DIRECTION('',(6.12323399573677E-17,-3.87958873609771E-34,1.));
#4010=DIRECTION('',(0.707106781186551,0.707106781186545,0.));
#4011=DIRECTION('',(-6.12323399573677E-17,3.87958873609771E-34,-1.));
#4012=DIRECTION('',(-1.,0.,0.));
#4013=DIRECTION('',(0.,0.,1.));
#4014=DIRECTION('',(0.707106781186551,0.,0.707106781186545));
#4015=DIRECTION('',(0.707106781186546,1.07563573404744E-17,-0.707106781186549));
#4016=DIRECTION('',(1.52117864326303E-17,-1.,-9.31453278201692E-34));
#4017=DIRECTION('',(0.577350269189629,0.577350269189623,0.577350269189626));
#4018=DIRECTION('',(-0.707106781186544,0.707106781186551,4.32978028117745E-17));
#4019=DIRECTION('',(6.12323399573677E-17,9.31453278201692E-34,1.));
#4020=DIRECTION('',(-0.577350269189628,-0.577350269189623,0.577350269189626));
#4021=DIRECTION('',(-0.707106781186546,-1.78788512593447E-16,-0.707106781186549));
#4022=DIRECTION('',(-1.52117864326303E-17,1.,-2.37633352873535E-16));
#4023=DIRECTION('',(0.577350269189629,-0.577350269189623,-0.577350269189626));
#4024=DIRECTION('',(1.52117864326303E-17,-1.,2.37633352873535E-16));
#4025=DIRECTION('',(0.707106781186544,0.707106781186551,-4.32978028117745E-17));
#4026=DIRECTION('',(-6.12323399573677E-17,-3.08306489788503E-35,-1.));
#4027=DIRECTION('',(-0.577350269189628,0.577350269189623,-0.577350269189626));
#4028=DIRECTION('',(6.12323399573677E-17,3.08306489788503E-35,1.));
#4029=DIRECTION('',(0.707106781186546,-1.11907115994196E-16,-0.707106781186549));
#4030=DIRECTION('',(1.52117864326303E-17,-1.,1.73472347597681E-16));
#4031=DIRECTION('',(-0.577350269189628,0.577350269189623,-0.577350269189626));
#4032=DIRECTION('',(-1.52117864326303E-17,1.,-1.73472347597681E-16));
#4033=DIRECTION('',(0.707106781186545,0.70710678118655,-4.32978028117745E-17));
#4034=DIRECTION('',(-6.12323399573677E-17,-3.65181968411364E-34,-1.));
#4035=DIRECTION('',(1.52117864326303E-17,-1.,0.));
#4036=DIRECTION('',(1.,1.52117864326303E-17,0.));
#4037=DIRECTION('',(1.52117864326303E-17,-1.,0.));
#4038=DIRECTION('',(1.,1.52117864326303E-17,0.));
#4039=DIRECTION('',(-6.12323399573677E-17,-9.31453278201692E-34,-1.));
#4040=DIRECTION('',(1.,1.52117864326303E-17,-6.12323399573677E-17));
#4041=DIRECTION('',(-1.,-1.52117864326303E-17,6.12323399573677E-17));
#4042=DIRECTION('',(-6.12323399573677E-17,-1.3363823550461E-49,-1.));
#4043=DIRECTION('',(-1.,0.,6.12323399573677E-17));
#4044=DIRECTION('',(1.,1.52117864326303E-17,-6.12323399573677E-17));
#4045=DIRECTION('',(1.52117864326303E-17,-1.,-9.31453278201692E-34));
#4046=DIRECTION('',(1.,1.52117864326303E-17,-6.12323399573677E-17));
#4047=DIRECTION('',(1.52117864326303E-17,-1.,0.));
#4048=DIRECTION('',(1.,1.52117864326303E-17,0.));
#4049=DIRECTION('',(1.52117864326303E-17,-1.,0.));
#4050=DIRECTION('',(1.,1.52117864326303E-17,0.));
#4051=DIRECTION('',(1.,1.52117864326303E-17,-6.12323399573677E-17));
#4052=DIRECTION('',(6.12323399573677E-17,9.31453278201692E-34,1.));
#4053=DIRECTION('',(-6.12323399573677E-17,-1.3363823550461E-49,-1.));
#4054=DIRECTION('',(-1.,0.,6.12323399573677E-17));
#4055=DIRECTION('',(-1.,-1.52117864326303E-17,6.12323399573677E-17));
#4056=DIRECTION('',(-1.52117864326303E-17,1.,9.31453278201692E-34));
#4057=DIRECTION('',(-1.,-1.52117864326303E-17,6.12323399573677E-17));
#4058=DIRECTION('',(1.52117864326303E-17,-1.,-9.31453278201692E-34));
#4059=DIRECTION('',(1.52117864326303E-17,-1.,-9.31453278201692E-34));
#4060=DIRECTION('',(6.12323399573677E-17,9.31453278201692E-34,1.));
#4061=DIRECTION('',(-1.52117864326303E-17,1.,9.31453278201692E-34));
#4062=DIRECTION('',(-6.12323399573677E-17,-9.31453278201692E-34,-1.));
#4063=DIRECTION('',(1.52117864326303E-17,-1.,-1.31941215181146E-33));
#4064=DIRECTION('',(1.,1.52117864326303E-17,0.));
#4065=DIRECTION('',(-1.52117864326303E-17,1.,1.31941215181146E-33));
#4066=DIRECTION('',(-1.,-1.52117864326303E-17,0.));
#4067=DIRECTION('',(-1.,-1.52117864326303E-17,6.12323399573677E-17));
#4068=DIRECTION('',(6.12323399573677E-17,-3.87958873609771E-34,1.));
#4069=DIRECTION('',(1.,1.52117864326303E-17,-6.12323399573677E-17));
#4070=DIRECTION('',(6.12323399573677E-17,2.37633352873535E-16,1.));
#4071=DIRECTION('',(0.,-1.,2.37633352873535E-16));
#4072=DIRECTION('',(1.,1.52117864326303E-17,-6.12323399573677E-17));
#4073=DIRECTION('',(-1.52117864326303E-17,1.,-2.37633352873535E-16));
#4074=DIRECTION('',(1.,1.52117864326303E-17,-6.12323399573677E-17));
#4075=DIRECTION('',(-1.52117864326303E-17,1.,9.00622629222842E-34));
#4076=DIRECTION('',(-1.,-1.52117864326303E-17,0.));
#4077=DIRECTION('',(-1.52117864326303E-17,1.,9.00622629222842E-34));
#4078=DIRECTION('',(-1.,-1.52117864326303E-17,0.));
#4079=DIRECTION('',(1.,1.52117864326303E-17,-6.12323399573677E-17));
#4080=DIRECTION('',(-6.12323399573677E-17,-3.08306489788503E-35,-1.));
#4081=DIRECTION('',(-6.12323399573677E-17,-1.73472347597681E-16,-1.));
#4082=DIRECTION('',(0.,1.,-1.73472347597681E-16));
#4083=DIRECTION('',(-1.,-1.52117864326303E-17,6.12323399573677E-17));
#4084=DIRECTION('',(1.52117864326303E-17,-1.,1.73472347597681E-16));
#4085=DIRECTION('',(-1.,-1.52117864326303E-17,6.12323399573677E-17));
#4086=DIRECTION('',(1.52117864326303E-17,-1.,-9.31453278201692E-34));
#4087=DIRECTION('',(-1.52117864326303E-17,1.,-1.73472347597681E-16));
#4088=DIRECTION('',(-6.12323399573677E-17,3.87958873609771E-34,-1.));
#4089=DIRECTION('',(1.52117864326303E-17,-1.,2.37633352873535E-16));
#4090=DIRECTION('',(6.12323399573677E-17,3.08306489788503E-35,1.));
#4091=DIRECTION('',(-0.707106781186544,0.707106781186551,4.32978028117745E-17));
#4092=DIRECTION('',(6.12323399573677E-17,9.31453278201692E-34,1.));
#4093=DIRECTION('',(0.577350269189628,0.577350269189623,-0.577350269189626));
#4094=DIRECTION('',(-0.577350269189628,-0.577350269189623,-0.577350269189627));
#4095=DIRECTION('',(-0.707106781186547,-1.07563573404744E-17,0.707106781186548));
#4096=DIRECTION('',(1.52117864326303E-17,-1.,-9.31453278201692E-34));
#4097=DIRECTION('',(-0.707106781186548,-3.16199978573162E-16,-0.707106781186547));
#4098=DIRECTION('',(5.4054160152249E-17,-0.70710678118655,0.707106781186545));
#4099=DIRECTION('',(-1.,-1.52117864326303E-17,6.12323399573677E-17));
#4100=DIRECTION('',(2.77555756156289E-17,0.707106781186545,0.70710678118655));
#4101=DIRECTION('',(3.25414454713001E-17,0.707106781186549,0.707106781186546));
#4102=DIRECTION('',(1.,1.52117864326303E-17,-6.12323399573677E-17));
#4103=DIRECTION('',(9.61481343191786E-17,0.707106781186546,-0.707106781186549));
#4104=DIRECTION('',(0.707106781186546,1.07563573404744E-17,0.707106781186549));
#4105=DIRECTION('',(-1.52117864326303E-17,1.,9.31453278201692E-34));
#4106=DIRECTION('',(-0.707106781186549,-2.20051844253985E-16,0.707106781186546));
#4107=DIRECTION('',(-0.577350269189624,-0.577350269189629,0.577350269189625));
#4108=DIRECTION('',(0.,-0.707106781186545,-0.70710678118655));
#4109=DIRECTION('',(-0.707106781186551,0.707106781186544,-3.67417327313658E-16));
#4110=DIRECTION('',(-0.577350269189623,-0.577350269189628,-0.577350269189626));
#4111=DIRECTION('',(0.,0.707106781186546,-0.707106781186549));
#4112=DIRECTION('',(0.707106781186551,-0.707106781186544,-3.03318571100872E-16));
#4113=DIRECTION('',(0.707106781186544,0.707106781186551,-4.32978028117745E-17));
#4114=DIRECTION('',(-6.12323399573677E-17,-9.31453278201692E-34,-1.));
#4115=DIRECTION('',(-0.707106781186545,-0.707106781186551,4.32978028117745E-17));
#4116=DIRECTION('',(-6.12323399573677E-17,-3.08306489788503E-35,-1.));
#4117=DIRECTION('',(-0.577350269189629,0.577350269189623,0.577350269189626));
#4118=DIRECTION('',(-0.577350269189628,0.577350269189623,-0.577350269189626));
#4119=DIRECTION('',(-3.25414454713001E-17,-0.70710678118655,-0.707106781186545));
#4120=DIRECTION('',(1.,1.52117864326303E-17,-6.12323399573677E-17));
#4121=DIRECTION('',(2.77555756156289E-17,-0.707106781186545,0.70710678118655));
#4122=DIRECTION('',(-0.707106781186547,1.11907115994196E-16,0.707106781186549));
#4123=DIRECTION('',(1.52117864326303E-17,-1.,1.73472347597681E-16));
#4124=DIRECTION('',(0.707106781186549,3.43955554188791E-16,0.707106781186547));
#4125=DIRECTION('',(-0.707106781186546,-1.78788512593447E-16,-0.707106781186549));
#4126=DIRECTION('',(-1.52117864326303E-17,1.,-2.37633352873535E-16));
#4127=DIRECTION('',(-0.707106781186549,-2.20051844253985E-16,0.707106781186546));
#4128=DIRECTION('',(5.4054160152249E-17,-0.707106781186549,0.707106781186546));
#4129=DIRECTION('',(1.,1.52117864326303E-17,-6.12323399573677E-17));
#4130=DIRECTION('',(-9.61481343191786E-17,0.707106781186546,0.707106781186549));
#4131=DIRECTION('',(-0.577350269189624,0.577350269189629,0.577350269189625));
#4132=DIRECTION('',(0.,-0.707106781186545,0.70710678118655));
#4133=DIRECTION('',(-0.707106781186551,-0.707106781186545,2.77555756156289E-17));
#4134=DIRECTION('',(-0.577350269189623,0.577350269189628,-0.577350269189626));
#4135=DIRECTION('',(0.,0.707106781186546,0.707106781186549));
#4136=DIRECTION('',(0.707106781186551,0.707106781186545,-2.77555756156289E-17));
#4137=DIRECTION('',(-0.707106781186545,0.707106781186551,4.32978028117745E-17));
#4138=DIRECTION('',(6.12323399573677E-17,-3.87958873609771E-34,1.));
#4139=DIRECTION('',(-1.52117864326303E-17,1.,1.31941215181146E-33));
#4140=DIRECTION('',(-1.,-1.52117864326303E-17,0.));
#4141=DIRECTION('',(-1.52117864326303E-17,1.,1.31941215181146E-33));
#4142=DIRECTION('',(-1.,-1.52117864326303E-17,0.));
#4143=DIRECTION('',(1.,1.52117864326303E-17,-6.12323399573677E-17));
#4144=DIRECTION('',(-6.12323399573677E-17,0.,-1.));
#4145=DIRECTION('',(-1.,-1.52117864326303E-17,6.12323399573677E-17));
#4146=DIRECTION('',(6.12323399573677E-17,0.,1.));
#4147=DIRECTION('',(1.,1.52117864326303E-17,-6.12323399573677E-17));
#4148=DIRECTION('',(-1.,-1.52117864326303E-17,6.12323399573677E-17));
#4149=DIRECTION('',(6.12323399573677E-17,0.,1.));
#4150=DIRECTION('',(1.,1.52117864326303E-17,-6.12323399573677E-17));
#4151=DIRECTION('',(1.52117864326303E-17,-1.,0.));
#4152=DIRECTION('',(1.,1.52117864326303E-17,0.));
#4153=DIRECTION('',(-6.12323399573677E-17,-9.31453278201692E-34,-1.));
#4154=DIRECTION('',(1.,1.52117864326303E-17,-6.12323399573677E-17));
#4155=DIRECTION('',(-6.12323399573677E-17,-9.31453278201692E-34,-1.));
#4156=DIRECTION('',(1.,1.52117864326303E-17,-6.12323399573677E-17));
#4157=DIRECTION('',(-6.12323399573677E-17,0.,-1.));
#4158=DIRECTION('',(1.,1.52117864326303E-17,-6.12323399573677E-17));
#4159=DIRECTION('',(-1.,-1.52117864326303E-17,6.12323399573677E-17));
#4160=DIRECTION('',(6.12323399573677E-17,0.,1.));
#4161=DIRECTION('',(1.,1.52117864326303E-17,-6.12323399573677E-17));
#4162=DIRECTION('',(-1.,-1.52117864326303E-17,6.12323399573677E-17));
#4163=DIRECTION('',(6.12323399573677E-17,0.,1.));
#4164=DIRECTION('',(-1.,-1.52117864326303E-17,6.12323399573677E-17));
#4165=DIRECTION('',(6.12323399573677E-17,0.,1.));
#4166=DIRECTION('',(6.29435821181797E-17,-0.17364817766693,0.984807753012208));
#4167=DIRECTION('',(0.,-0.984807753012208,-0.17364817766693));
#4168=DIRECTION('',(4.34780096814142E-18,-0.984807753012208,-0.17364817766693));
#4169=DIRECTION('',(1.,1.52117864326303E-17,-6.12323399573677E-17));
#4170=DIRECTION('',(4.34780096814142E-18,-0.984807753012208,-0.17364817766693));
#4171=DIRECTION('',(-1.,-1.52117864326303E-17,6.12323399573677E-17));
#4172=DIRECTION('',(4.34780096814142E-18,-0.984807753012208,-0.17364817766693));
#4173=DIRECTION('',(5.76605841320101E-17,0.17364817766693,0.984807753012208));
#4174=DIRECTION('',(0.,-0.984807753012208,0.17364817766693));
#4175=DIRECTION('',(2.56135694638991E-17,-0.984807753012208,0.17364817766693));
#4176=DIRECTION('',(2.56135694638991E-17,-0.984807753012208,0.17364817766693));
#4177=DIRECTION('',(-1.,-1.52117864326303E-17,6.12323399573677E-17));
#4178=DIRECTION('',(-1.,-1.52117864326303E-17,6.12323399573677E-17));
#4179=DIRECTION('',(1.52117864326303E-17,-1.,-9.31453278201692E-34));
#4180=DIRECTION('',(-1.,-1.52117864326303E-17,6.12323399573677E-17));
#4181=DIRECTION('',(1.52117864326303E-17,-1.,-9.31453278201692E-34));
#4182=DIRECTION('',(-6.12323399573677E-17,-9.31453278201692E-34,-1.));
#4183=DIRECTION('',(-6.12323399573677E-17,-9.31453278201692E-34,-1.));
#4184=DIRECTION('',(1.52117864326303E-17,-1.,-9.31453278201692E-34));
#4185=DIRECTION('',(-6.12323399573677E-17,-9.31453278201692E-34,-1.));
#4186=DIRECTION('',(1.52117864326303E-17,-1.,2.22730392507683E-49));
#4187=DIRECTION('',(1.,1.52117864326303E-17,0.));
#4188=DIRECTION('',(1.,1.52117864326303E-17,-6.12323399573677E-17));
#4189=DIRECTION('',(-6.12323399573677E-17,-9.31453278201692E-34,-1.));
#4190=DIRECTION('',(6.12323399573677E-17,-1.11365196253841E-49,1.));
#4191=DIRECTION('',(1.,0.,-6.12323399573677E-17));
#4192=DIRECTION('',(1.,1.52117864326303E-17,-6.12323399573677E-17));
#4193=DIRECTION('',(1.52117864326303E-17,-1.,-9.31453278201692E-34));
#4194=DIRECTION('',(1.52117864326303E-17,-1.,2.22730392507683E-49));
#4195=DIRECTION('',(1.,1.52117864326303E-17,0.));
#4196=DIRECTION('',(-6.12323399573677E-17,-9.31453278201692E-34,-1.));
#4197=DIRECTION('',(1.,1.52117864326303E-17,-6.12323399573677E-17));
#4198=DIRECTION('',(-1.52117864326303E-17,1.,9.31453278201692E-34));
#4199=DIRECTION('',(-1.52117864326303E-17,1.,-1.66880913467295E-49));
#4200=DIRECTION('',(-1.,-1.52117864326303E-17,0.));
#4201=CARTESIAN_POINT('',(0.,0.,0.));
#4202=CARTESIAN_POINT('',(-0.0284,-0.0917043591737748,0.0192188947849208));
#4203=CARTESIAN_POINT('',(-0.01,-0.0917043591737748,0.0132654178580541));
#4204=CARTESIAN_POINT('',(-0.01,-0.0917043591737748,0.0132654178580541));
#4205=CARTESIAN_POINT('',(-0.003,-0.0917043591737748,0.0132654178580541));
#4206=CARTESIAN_POINT('',(-0.003,-0.0917043591737748,0.0192188947849208));
#4207=CARTESIAN_POINT('',(-0.003,-0.0917043591737748,0.000968894784920855));
#4208=CARTESIAN_POINT('',(-0.0284,-0.0917043591737748,0.000968894784920855));
#4209=CARTESIAN_POINT('',(-0.0055,-0.0917043591737748,0.000968894784920855));
#4210=CARTESIAN_POINT('',(-0.0055,-0.0917043591737748,-0.0118583489475524));
#4211=CARTESIAN_POINT('',(-0.0055,-0.0917043591737748,0.00215437419269209));
#4212=CARTESIAN_POINT('',(-0.0284,-0.0917043591737748,0.0021543741926921));
#4213=CARTESIAN_POINT('',(-0.0453137831211091,-0.0917043591737748,0.0021543741926921));
#4214=CARTESIAN_POINT('',(-0.0453137831211091,-0.0917043591737748,0.0192188947849208));
#4215=CARTESIAN_POINT('',(-0.0453137831211091,-0.0917043591737748,0.000968894784920855));
#4216=CARTESIAN_POINT('',(-0.0284,-0.0917043591737748,0.000968894784920855));
#4217=CARTESIAN_POINT('',(-0.0464,-0.0917043591737748,0.000968894784920855));
#4218=CARTESIAN_POINT('',(-0.0464,-0.0917043591737748,0.0192188947849208));
#4219=CARTESIAN_POINT('',(-0.0464,-0.0917043591737748,0.0374688947849208));
#4220=CARTESIAN_POINT('',(-0.0284,-0.0917043591737748,0.0374688947849208));
#4221=CARTESIAN_POINT('',(-0.003,-0.0917043591737748,0.0374688947849208));
#4222=CARTESIAN_POINT('',(-0.003,-0.0917043591737748,0.0192188947849208));
#4223=CARTESIAN_POINT('',(-0.003,-0.0917043591737748,0.0251723717117877));
#4224=CARTESIAN_POINT('',(-0.01,-0.0917043591737748,0.0251723717117877));
#4225=CARTESIAN_POINT('',(-0.01,-0.0917043591737748,0.0251723717117877));
#4226=CARTESIAN_POINT('',(-0.01,-0.0917043591737748,0.0192188947849208));
#4227=CARTESIAN_POINT('',(-0.0447,-0.125666311983954,-0.00980512114636722));
#4228=CARTESIAN_POINT('',(-0.0455,-0.125666311983954,-0.0102293852150791));
#4229=CARTESIAN_POINT('',(-0.0442757359312881,-0.125666311983954,-0.0102293852150791));
#4230=CARTESIAN_POINT('',(-0.0055,-0.125666311983954,-0.0102293852150791));
#4231=CARTESIAN_POINT('',(-0.0442757359312881,-0.125666311983954,-0.00980512114636722));
#4232=CARTESIAN_POINT('',(-0.0447,-0.126090576052666,-0.00980512114636722));
#4233=CARTESIAN_POINT('',(-0.0455,-0.126090576052666,-0.00980512114636722));
#4234=CARTESIAN_POINT('',(-0.0055,-0.126090576052666,-0.00980512114636722));
#4235=CARTESIAN_POINT('',(-0.0055,-0.125666311983954,-0.00980512114636722));
#4236=CARTESIAN_POINT('',(-0.0447,-0.125666311983954,-0.000455369283791081));
#4237=CARTESIAN_POINT('',(-0.0455,-0.126090576052666,-0.000455369283791081));
#4238=CARTESIAN_POINT('',(-0.0447,-0.126090576052666,-0.000455369283791081));
#4239=CARTESIAN_POINT('',(-0.0055,-0.126090576052666,-0.000455369283791084));
#4240=CARTESIAN_POINT('',(-0.0442757359312881,-0.125666311983954,-0.000455369283791081));
#4241=CARTESIAN_POINT('',(-0.0442757359312881,-0.125666311983954,-3.11052150791505E-5));
#4242=CARTESIAN_POINT('',(-0.0284,-0.125666311983954,-3.11052150791525E-5));
#4243=CARTESIAN_POINT('',(-0.0055,-0.125666311983954,-3.11052150791525E-5));
#4244=CARTESIAN_POINT('',(-0.0055,-0.125666311983954,-0.000455369283791084));
#4245=CARTESIAN_POINT('',(-0.0464,-0.0961148401213776,-0.000455369283791085));
#4246=CARTESIAN_POINT('',(-0.0464,-0.0961148401213776,-3.11052150791525E-5));
#4247=CARTESIAN_POINT('',(-0.0442757359312881,-0.0961148401213776,-3.11052150791525E-5));
#4248=CARTESIAN_POINT('',(-0.0055,-0.0961148401213776,-3.11052150791525E-5));
#4249=CARTESIAN_POINT('',(-0.0442757359312881,-0.0961148401213776,-0.000455369283791085));
#4250=CARTESIAN_POINT('',(-0.0447,-0.0956905760526657,-0.00045536928379108));
#4251=CARTESIAN_POINT('',(-0.0464,-0.0956905760526657,-0.000455369283791085));
#4252=CARTESIAN_POINT('',(-0.0055,-0.0956905760526657,-0.00045536928379108));
#4253=CARTESIAN_POINT('',(-0.0055,-0.0961148401213776,-0.000455369283791086));
#4254=CARTESIAN_POINT('',(-0.0447,-0.0961148401213776,-0.00980512114636723));
#4255=CARTESIAN_POINT('',(-0.0447,-0.0956905760526657,-0.00980512114636723));
#4256=CARTESIAN_POINT('',(-0.0442757359312881,-0.0956905760526657,-0.00980512114636722));
#4257=CARTESIAN_POINT('',(-0.0055,-0.0956905760526657,-0.00980512114636723));
#4258=CARTESIAN_POINT('',(-0.0442757359312881,-0.0961148401213776,-0.00980512114636723));
#4259=CARTESIAN_POINT('',(-0.0447,-0.0961148401213776,-0.0102293852150792));
#4260=CARTESIAN_POINT('',(-0.0447,-0.0961148401213776,-0.0102293852150792));
#4261=CARTESIAN_POINT('',(-0.0055,-0.0961148401213776,-0.0102293852150792));
#4262=CARTESIAN_POINT('',(-0.0055,-0.0961148401213776,-0.00980512114636723));
#4263=CARTESIAN_POINT('',(-0.0455,-0.111090576052666,-0.0118583489475524));
#4264=CARTESIAN_POINT('',(-0.0455,-0.0998905760526657,-0.0118583489475524));
#4265=CARTESIAN_POINT('',(-0.0455,-0.0998905760526657,-0.0118293852150791));
#4266=CARTESIAN_POINT('',(-0.0455,-0.0998905760526657,-0.0166435987774523));
#4267=CARTESIAN_POINT('',(-0.0455,-0.0998905760526657,-0.0118293852150791));
#4268=CARTESIAN_POINT('',(-0.0455,-0.100690576052666,-0.0110293852150791));
#4269=CARTESIAN_POINT('',(-0.0455,-0.111090576052666,-0.0110293852150791));
#4270=CARTESIAN_POINT('',(-0.0455,-0.0948905760526657,-0.0110293852150791));
#4271=CARTESIAN_POINT('',(-0.0455,-0.0948905760526657,-0.0118583489475524));
#4272=CARTESIAN_POINT('',(-0.0455,-0.0948905760526657,-3.11052150791525E-5));
#4273=CARTESIAN_POINT('',(-0.0455,-0.111090576052666,-3.11052150791525E-5));
#4274=CARTESIAN_POINT('',(-0.0455,-0.0927043591737748,-3.11052150791542E-5));
#4275=CARTESIAN_POINT('',(-0.0455,-0.0927043591737748,0.000968894784920855));
#4276=CARTESIAN_POINT('',(-0.0455,-0.0918905760526657,0.000387726107342741));
#4277=CARTESIAN_POINT('',(-0.0455,-0.0918905760526657,-0.0152293852150792));
#4278=CARTESIAN_POINT('',(-0.0455,-0.0918905760526657,-0.0144293852150792));
#4279=CARTESIAN_POINT('',(-0.0455,-0.0976763624902926,-0.0144293852150792));
#4280=CARTESIAN_POINT('',(-0.0455,-0.0976763624902926,-0.0144293852150792));
#4281=CARTESIAN_POINT('',(-0.0455,-0.0976763624902926,-0.0166435987774523));
#4282=CARTESIAN_POINT('',(-0.0455,-0.111090576052666,-0.0118583489475524));
#4283=CARTESIAN_POINT('',(-0.0455,-0.111090576052666,-0.0110293852150791));
#4284=CARTESIAN_POINT('',(-0.0455,-0.126890576052666,-0.0110293852150791));
#4285=CARTESIAN_POINT('',(-0.0455,-0.121490576052666,-0.0110293852150791));
#4286=CARTESIAN_POINT('',(-0.0455,-0.121490576052666,-0.0110293852150791));
#4287=CARTESIAN_POINT('',(-0.0455,-0.122290576052666,-0.0118293852150791));
#4288=CARTESIAN_POINT('',(-0.0455,-0.122290576052666,-0.0175543852150791));
#4289=CARTESIAN_POINT('',(-0.0455,-0.122290576052666,-0.0166435987774523));
#4290=CARTESIAN_POINT('',(-0.0455,-0.124504789615039,-0.0166435987774523));
#4291=CARTESIAN_POINT('',(-0.0455,-0.124504789615039,-0.0144293852150791));
#4292=CARTESIAN_POINT('',(-0.0455,-0.111090576052666,-0.0144293852150791));
#4293=CARTESIAN_POINT('',(-0.0455,-0.130290576052666,-0.0144293852150791));
#4294=CARTESIAN_POINT('',(-0.0455,-0.130290576052666,-0.0118583489475524));
#4295=CARTESIAN_POINT('',(-0.0455,-0.130290576052666,0.00188638062667651));
#4296=CARTESIAN_POINT('',(-0.0455,-0.130663978581546,0.00215437419269211));
#4297=CARTESIAN_POINT('',(-0.0455,-0.130204359173775,0.00215437419269211));
#4298=CARTESIAN_POINT('',(-0.0455,-0.130204359173775,-0.0118583489475524));
#4299=CARTESIAN_POINT('',(-0.0455,-0.130204359173775,0.000968894784920855));
#4300=CARTESIAN_POINT('',(-0.0455,-0.129204359173775,0.000968894784920855));
#4301=CARTESIAN_POINT('',(-0.0455,-0.129204359173775,-3.11052150791554E-5));
#4302=CARTESIAN_POINT('',(-0.0455,-0.111090576052666,-3.11052150791525E-5));
#4303=CARTESIAN_POINT('',(-0.0455,-0.126890576052666,-3.11052150791525E-5));
#4304=CARTESIAN_POINT('',(-0.0455,-0.126890576052666,-0.0102293852150791));
#4305=CARTESIAN_POINT('',(-0.0455,-0.111090576052666,-0.0118583489475524));
#4306=CARTESIAN_POINT('',(-0.0455,-0.124504789615039,-0.0188151716527061));
#4307=CARTESIAN_POINT('',(-0.0455,-0.124504789615039,-0.0210293852150792));
#4308=CARTESIAN_POINT('',(-0.0455,-0.122290576052666,-0.0188151716527061));
#4309=CARTESIAN_POINT('',(-0.0455,-0.122290576052666,-0.0175543852150791));
#4310=CARTESIAN_POINT('',(-0.0455,-0.122290576052666,-0.0232793852150791));
#4311=CARTESIAN_POINT('',(-0.0455,-0.122290576052666,-0.0232793852150791));
#4312=CARTESIAN_POINT('',(-0.0455,-0.121490576052666,-0.0240793852150792));
#4313=CARTESIAN_POINT('',(-0.0455,-0.131090576052666,-0.0240793852150792));
#4314=CARTESIAN_POINT('',(-0.0455,-0.130290576052666,-0.0240793852150792));
#4315=CARTESIAN_POINT('',(-0.0455,-0.130290576052666,-0.0118583489475524));
#4316=CARTESIAN_POINT('',(-0.0455,-0.130290576052666,-0.0210293852150792));
#4317=CARTESIAN_POINT('',(-0.0455,-0.124504789615039,-0.0210293852150792));
#4318=CARTESIAN_POINT('',(-0.0455,-0.0976763624902926,-0.0166435987774523));
#4319=CARTESIAN_POINT('',(-0.0455,-0.0990905760526657,-0.0166435987774523));
#4320=CARTESIAN_POINT('',(-0.0447,-0.0990905760526657,-0.0166435987774523));
#4321=CARTESIAN_POINT('',(-0.0055,-0.0990905760526657,-0.0166435987774523));
#4322=CARTESIAN_POINT('',(-0.0447,-0.0976763624902926,-0.0166435987774523));
#4323=CARTESIAN_POINT('',(-0.0447,-0.0976763624902926,-0.0152293852150792));
#4324=CARTESIAN_POINT('',(-0.0455,-0.0976763624902926,-0.0152293852150792));
#4325=CARTESIAN_POINT('',(-0.0055,-0.0976763624902926,-0.0152293852150792));
#4326=CARTESIAN_POINT('',(-0.0055,-0.0976763624902926,-0.0166435987774523));
#4327=CARTESIAN_POINT('',(-0.0455,-0.0976763624902926,-0.0188151716527061));
#4328=CARTESIAN_POINT('',(-0.0455,-0.0976763624902926,-0.0202293852150791));
#4329=CARTESIAN_POINT('',(-0.0447,-0.0976763624902926,-0.0202293852150791));
#4330=CARTESIAN_POINT('',(-0.0055,-0.0976763624902926,-0.0202293852150791));
#4331=CARTESIAN_POINT('',(-0.0447,-0.0976763624902926,-0.0188151716527061));
#4332=CARTESIAN_POINT('',(-0.0447,-0.0990905760526657,-0.0188151716527061));
#4333=CARTESIAN_POINT('',(-0.0455,-0.0990905760526657,-0.0188151716527061));
#4334=CARTESIAN_POINT('',(-0.0055,-0.0990905760526657,-0.0188151716527061));
#4335=CARTESIAN_POINT('',(-0.0055,-0.0976763624902926,-0.0188151716527061));
#4336=CARTESIAN_POINT('',(-0.0455,-0.124504789615039,-0.0188151716527061));
#4337=CARTESIAN_POINT('',(-0.0455,-0.123090576052666,-0.0188151716527061));
#4338=CARTESIAN_POINT('',(-0.0447,-0.123090576052666,-0.0188151716527061));
#4339=CARTESIAN_POINT('',(-0.0055,-0.123090576052666,-0.0188151716527061));
#4340=CARTESIAN_POINT('',(-0.0447,-0.124504789615039,-0.0188151716527061));
#4341=CARTESIAN_POINT('',(-0.0447,-0.124504789615039,-0.0202293852150791));
#4342=CARTESIAN_POINT('',(-0.0455,-0.124504789615039,-0.0202293852150791));
#4343=CARTESIAN_POINT('',(-0.0055,-0.124504789615039,-0.0202293852150791));
#4344=CARTESIAN_POINT('',(-0.0055,-0.124504789615039,-0.0188151716527061));
#4345=CARTESIAN_POINT('',(-0.0455,-0.124504789615039,-0.0166435987774523));
#4346=CARTESIAN_POINT('',(-0.0455,-0.124504789615039,-0.0152293852150792));
#4347=CARTESIAN_POINT('',(-0.0447,-0.124504789615039,-0.0152293852150792));
#4348=CARTESIAN_POINT('',(-0.0055,-0.124504789615039,-0.0152293852150792));
#4349=CARTESIAN_POINT('',(-0.0447,-0.124504789615039,-0.0166435987774523));
#4350=CARTESIAN_POINT('',(-0.0447,-0.123090576052666,-0.0166435987774523));
#4351=CARTESIAN_POINT('',(-0.0455,-0.123090576052666,-0.0166435987774523));
#4352=CARTESIAN_POINT('',(-0.0055,-0.123090576052666,-0.0166435987774523));
#4353=CARTESIAN_POINT('',(-0.0055,-0.124504789615039,-0.0166435987774523));
#4354=CARTESIAN_POINT('',(-0.0464,-0.130663978581546,0.00215437419269211));
#4355=CARTESIAN_POINT('',(-0.0451265974711197,-0.130663978581546,0.00215437419269211));
#4356=CARTESIAN_POINT('',(-0.0451265974711197,-0.130663978581546,0.00169475478492086));
#4357=CARTESIAN_POINT('',(-0.0464,-0.130663978581546,0.00169475478492086));
#4358=CARTESIAN_POINT('',(-0.0055,-0.130663978581546,0.00169475478492085));
#4359=CARTESIAN_POINT('',(-0.0055,-0.130663978581546,0.0021543741926921));
#4360=CARTESIAN_POINT('',(-0.0055,-0.130204359173775,0.0021543741926921));
#4361=CARTESIAN_POINT('',(-0.0464,-0.130204359173775,0.00215437419269211));
#4362=CARTESIAN_POINT('',(-0.0455,-0.0912447397660035,0.0021543741926921));
#4363=CARTESIAN_POINT('',(-0.0455,-0.0912447397660035,0.00169475478492085));
#4364=CARTESIAN_POINT('',(-0.0448541637133379,-0.0912447397660035,0.00169475478492085));
#4365=CARTESIAN_POINT('',(-0.0055,-0.0912447397660035,0.00169475478492085));
#4366=CARTESIAN_POINT('',(-0.0448541637133379,-0.0912447397660035,0.0021543741926921));
#4367=CARTESIAN_POINT('',(-0.0055,-0.0912447397660035,0.00215437419269209));
#4368=CARTESIAN_POINT('',(-0.0455,-0.100690576052666,-0.0102293852150792));
#4369=CARTESIAN_POINT('',(-0.0055,-0.100690576052666,-0.0102293852150792));
#4370=CARTESIAN_POINT('',(-0.0055,-0.105690576052666,-0.0102293852150792));
#4371=CARTESIAN_POINT('',(-0.0447,-0.100690576052666,-0.0102293852150792));
#4372=CARTESIAN_POINT('',(-0.0447,-0.105690576052666,-0.0102293852150791));
#4373=CARTESIAN_POINT('',(-0.0455,-0.105690576052666,-0.0102293852150791));
#4374=CARTESIAN_POINT('',(-0.0455,-0.0956905760526657,-0.00440438521507916));
#4375=CARTESIAN_POINT('',(-0.0055,-0.0956905760526657,-0.00440438521507916));
#4376=CARTESIAN_POINT('',(-0.0447,-0.0956905760526657,-0.00440438521507916));
#4377=CARTESIAN_POINT('',(-0.0447,-0.0956905760526657,-0.0102293852150792));
#4378=CARTESIAN_POINT('',(-0.0447,-0.0956905760526657,-0.0102293852150792));
#4379=CARTESIAN_POINT('',(-0.0455,-0.0910905760526657,-0.00690438521507916));
#4380=CARTESIAN_POINT('',(-0.0455,-0.0910905760526657,-0.0152293852150792));
#4381=CARTESIAN_POINT('',(-0.0447,-0.0910905760526657,-0.0152293852150792));
#4382=CARTESIAN_POINT('',(-0.0055,-0.0910905760526657,-0.0152293852150792));
#4383=CARTESIAN_POINT('',(-0.0447,-0.0910905760526657,0.00169475478492085));
#4384=CARTESIAN_POINT('',(-0.0447,-0.0910905760526657,0.00169475478492085));
#4385=CARTESIAN_POINT('',(-0.0455,-0.0910905760526657,0.00169475478492085));
#4386=CARTESIAN_POINT('',(-0.0055,-0.0910905760526657,0.00169475478492085));
#4387=CARTESIAN_POINT('',(-0.0055,-0.0910905760526657,-0.00690438521507916));
#4388=CARTESIAN_POINT('',(-0.0455,-0.0950905760526657,-0.0152293852150792));
#4389=CARTESIAN_POINT('',(-0.0447,-0.0910905760526657,-0.0152293852150792));
#4390=CARTESIAN_POINT('',(-0.0055,-0.0950905760526657,-0.0152293852150792));
#4391=CARTESIAN_POINT('',(-0.0455,-0.0990905760526657,-0.0177293852150791));
#4392=CARTESIAN_POINT('',(-0.0447,-0.0990905760526657,-0.0177293852150791));
#4393=CARTESIAN_POINT('',(-0.0055,-0.0990905760526657,-0.0177293852150791));
#4394=CARTESIAN_POINT('',(-0.0455,-0.0950905760526657,-0.0202293852150791));
#4395=CARTESIAN_POINT('',(-0.0455,-0.0910905760526657,-0.0202293852150791));
#4396=CARTESIAN_POINT('',(-0.0447,-0.0910905760526657,-0.0202293852150791));
#4397=CARTESIAN_POINT('',(-0.0055,-0.0910905760526657,-0.0202293852150791));
#4398=CARTESIAN_POINT('',(-0.0447,-0.0950905760526657,-0.0202293852150791));
#4399=CARTESIAN_POINT('',(-0.0055,-0.0950905760526657,-0.0202293852150791));
#4400=CARTESIAN_POINT('',(-0.0455,-0.0910905760526657,-0.0225543852150791));
#4401=CARTESIAN_POINT('',(-0.0455,-0.0910905760526657,-0.0248793852150791));
#4402=CARTESIAN_POINT('',(-0.0447,-0.0910905760526657,-0.0248793852150791));
#4403=CARTESIAN_POINT('',(-0.0055,-0.0910905760526657,-0.0248793852150791));
#4404=CARTESIAN_POINT('',(-0.0447,-0.0910905760526657,-0.0202293852150791));
#4405=CARTESIAN_POINT('',(-0.0055,-0.0910905760526657,-0.0225543852150791));
#4406=CARTESIAN_POINT('',(-0.0455,-0.0983905760526657,-0.0248793852150791));
#4407=CARTESIAN_POINT('',(-0.0455,-0.105690576052666,-0.0248793852150791));
#4408=CARTESIAN_POINT('',(-0.0447,-0.105690576052666,-0.0248793852150791));
#4409=CARTESIAN_POINT('',(-0.0055,-0.105690576052666,-0.0248793852150791));
#4410=CARTESIAN_POINT('',(-0.0447,-0.0910905760526657,-0.0248793852150791));
#4411=CARTESIAN_POINT('',(-0.0055,-0.0983905760526657,-0.0248793852150791));
#4412=CARTESIAN_POINT('',(-0.0455,-0.105690576052666,-0.0175543852150791));
#4413=CARTESIAN_POINT('',(-0.0447,-0.105690576052666,-0.0175543852150791));
#4414=CARTESIAN_POINT('',(-0.0055,-0.105690576052666,-0.0175543852150791));
#4415=CARTESIAN_POINT('',(-0.0455,-0.111090576052666,-0.0118583489475524));
#4416=CARTESIAN_POINT('',(-0.0455,-0.0998905760526657,-0.0118583489475524));
#4417=CARTESIAN_POINT('',(-0.0455,-0.0998905760526657,-0.0188151716527061));
#4418=CARTESIAN_POINT('',(-0.0455,-0.0998905760526657,-0.0232793852150791));
#4419=CARTESIAN_POINT('',(-0.0455,-0.0976763624902926,-0.0188151716527061));
#4420=CARTESIAN_POINT('',(-0.0455,-0.0976763624902926,-0.0210293852150792));
#4421=CARTESIAN_POINT('',(-0.0455,-0.111090576052666,-0.0210293852150792));
#4422=CARTESIAN_POINT('',(-0.0455,-0.0918905760526657,-0.0210293852150792));
#4423=CARTESIAN_POINT('',(-0.0455,-0.0918905760526657,-0.0248793852150791));
#4424=CARTESIAN_POINT('',(-0.0455,-0.0918905760526657,-0.0240793852150792));
#4425=CARTESIAN_POINT('',(-0.0455,-0.105690576052666,-0.0240793852150792));
#4426=CARTESIAN_POINT('',(-0.0455,-0.100690576052666,-0.0240793852150792));
#4427=CARTESIAN_POINT('',(-0.0455,-0.100690576052666,-0.0240793852150792));
#4428=CARTESIAN_POINT('',(-0.0055,-0.111090576052666,-0.0118583489475524));
#4429=CARTESIAN_POINT('',(-0.0055,-0.0933905760526657,0.00169475478492085));
#4430=CARTESIAN_POINT('',(-0.0055,-0.0927043591737748,0.000968894784920855));
#4431=CARTESIAN_POINT('',(-0.0055,-0.0927043591737748,-3.11052150791542E-5));
#4432=CARTESIAN_POINT('',(-0.0055,-0.111090576052666,-3.11052150791525E-5));
#4433=CARTESIAN_POINT('',(-0.0284,-0.0927043591737748,0.000968894784920855));
#4434=CARTESIAN_POINT('',(-0.003,-0.0927043591737748,0.000968894784920855));
#4435=CARTESIAN_POINT('',(-0.003,-0.0917964317088283,0.000549767455346763));
#4436=CARTESIAN_POINT('',(-0.003,-0.0927043591737748,0.000968894784920855));
#4437=CARTESIAN_POINT('',(-0.003,-0.0922852318442007,6.09673199743932E-5));
#4438=CARTESIAN_POINT('',(-0.003,-0.0927043591737748,0.000968894784920855));
#4439=CARTESIAN_POINT('',(-0.003,-0.0927043591737748,-3.11052150791525E-5));
#4440=CARTESIAN_POINT('',(-0.0284,-0.0927043591737748,-3.11052150791525E-5));
#4441=CARTESIAN_POINT('',(-0.0455,-0.126090576052666,-0.00440438521507914));
#4442=CARTESIAN_POINT('',(-0.0055,-0.126090576052666,-0.00440438521507915));
#4443=CARTESIAN_POINT('',(-0.0447,-0.126090576052666,-3.11052150791525E-5));
#4444=CARTESIAN_POINT('',(-0.0455,-0.121090576052666,-0.0102293852150791));
#4445=CARTESIAN_POINT('',(-0.0455,-0.126890576052666,-0.0102293852150791));
#4446=CARTESIAN_POINT('',(-0.0447,-0.126090576052666,-0.0102293852150791));
#4447=CARTESIAN_POINT('',(-0.0055,-0.121090576052666,-0.0102293852150791));
#4448=CARTESIAN_POINT('',(-0.0055,-0.116090576052666,-0.0102293852150791));
#4449=CARTESIAN_POINT('',(-0.0455,-0.116090576052666,-0.0102293852150791));
#4450=CARTESIAN_POINT('',(-0.0447,-0.116090576052666,-0.0102293852150791));
#4451=CARTESIAN_POINT('',(-0.0447,-0.121090576052666,-0.0102293852150791));
#4452=CARTESIAN_POINT('',(-0.0455,-0.116090576052666,-0.0175543852150791));
#4453=CARTESIAN_POINT('',(-0.0455,-0.116090576052666,-0.0248793852150791));
#4454=CARTESIAN_POINT('',(-0.0447,-0.116090576052666,-0.0248793852150791));
#4455=CARTESIAN_POINT('',(-0.0055,-0.116090576052666,-0.0248793852150791));
#4456=CARTESIAN_POINT('',(-0.0447,-0.116090576052666,-0.0102293852150791));
#4457=CARTESIAN_POINT('',(-0.0055,-0.116090576052666,-0.0175543852150791));
#4458=CARTESIAN_POINT('',(-0.0455,-0.123590576052666,-0.0248793852150791));
#4459=CARTESIAN_POINT('',(-0.0455,-0.131090576052666,-0.0248793852150791));
#4460=CARTESIAN_POINT('',(-0.0447,-0.131090576052666,-0.0248793852150791));
#4461=CARTESIAN_POINT('',(-0.0055,-0.131090576052666,-0.0248793852150791));
#4462=CARTESIAN_POINT('',(-0.0447,-0.116090576052666,-0.0248793852150791));
#4463=CARTESIAN_POINT('',(-0.0055,-0.123590576052666,-0.0248793852150791));
#4464=CARTESIAN_POINT('',(-0.0455,-0.131090576052666,-0.0225543852150791));
#4465=CARTESIAN_POINT('',(-0.0455,-0.131090576052666,-0.0202293852150791));
#4466=CARTESIAN_POINT('',(-0.0447,-0.131090576052666,-0.0202293852150791));
#4467=CARTESIAN_POINT('',(-0.0055,-0.131090576052666,-0.0202293852150791));
#4468=CARTESIAN_POINT('',(-0.0447,-0.131090576052666,-0.0225543852150791));
#4469=CARTESIAN_POINT('',(-0.0055,-0.131090576052666,-0.0225543852150791));
#4470=CARTESIAN_POINT('',(-0.0455,-0.127090576052666,-0.0202293852150791));
#4471=CARTESIAN_POINT('',(-0.0447,-0.131090576052666,-0.0202293852150791));
#4472=CARTESIAN_POINT('',(-0.0055,-0.127090576052666,-0.0202293852150791));
#4473=CARTESIAN_POINT('',(-0.0455,-0.123090576052666,-0.0177293852150791));
#4474=CARTESIAN_POINT('',(-0.0447,-0.123090576052666,-0.0188151716527061));
#4475=CARTESIAN_POINT('',(-0.0055,-0.123090576052666,-0.0177293852150791));
#4476=CARTESIAN_POINT('',(-0.0455,-0.127090576052666,-0.0152293852150792));
#4477=CARTESIAN_POINT('',(-0.0455,-0.131090576052666,-0.0152293852150792));
#4478=CARTESIAN_POINT('',(-0.0447,-0.131090576052666,-0.0152293852150792));
#4479=CARTESIAN_POINT('',(-0.0055,-0.131090576052666,-0.0152293852150792));
#4480=CARTESIAN_POINT('',(-0.0447,-0.127090576052666,-0.0152293852150792));
#4481=CARTESIAN_POINT('',(-0.0055,-0.127090576052666,-0.0152293852150792));
#4482=CARTESIAN_POINT('',(-0.0455,-0.131090576052666,-0.00690438521507915));
#4483=CARTESIAN_POINT('',(-0.0455,-0.131090576052666,0.00169475478492086));
#4484=CARTESIAN_POINT('',(-0.0447,-0.131090576052666,0.00169475478492086));
#4485=CARTESIAN_POINT('',(-0.0055,-0.131090576052666,0.00169475478492086));
#4486=CARTESIAN_POINT('',(-0.0447,-0.131090576052666,-0.00690438521507915));
#4487=CARTESIAN_POINT('',(-0.0055,-0.131090576052666,-0.00690438521507915));
#4488=CARTESIAN_POINT('',(-0.0055,-0.111090576052666,-0.0118583489475524));
#4489=CARTESIAN_POINT('',(-0.0055,-0.111090576052666,-3.11052150791525E-5));
#4490=CARTESIAN_POINT('',(-0.0055,-0.129204359173775,-3.11052150791554E-5));
#4491=CARTESIAN_POINT('',(-0.0055,-0.129204359173775,0.000968894784920855));
#4492=CARTESIAN_POINT('',(-0.0055,-0.130204359173775,0.000968894784920855));
#4493=CARTESIAN_POINT('',(-0.0055,-0.130204359173775,-0.0118583489475524));
#4494=CARTESIAN_POINT('',(-0.0055,-0.128590576052666,0.00169475478492085));
#4495=CARTESIAN_POINT('',(-0.0284,-0.129204359173775,0.000968894784920855));
#4496=CARTESIAN_POINT('',(-0.0284,-0.129204359173775,-3.11052150791554E-5));
#4497=CARTESIAN_POINT('',(-0.003,-0.129204359173775,-3.11052150791554E-5));
#4498=CARTESIAN_POINT('',(-0.003,-0.129204359173775,0.000968894784920855));
#4499=CARTESIAN_POINT('',(-0.003,-0.129623486503349,6.09673199744379E-5));
#4500=CARTESIAN_POINT('',(-0.003,-0.129204359173775,0.000968894784920855));
#4501=CARTESIAN_POINT('',(-0.003,-0.130112286638721,0.000549767455346652));
#4502=CARTESIAN_POINT('',(-0.003,-0.129204359173775,0.000968894784920855));
#4503=CARTESIAN_POINT('',(-0.003,-0.130204359173775,0.000968894784920855));
#4504=CARTESIAN_POINT('',(-0.0284,-0.130204359173775,0.000968894784920855));
#4505=CARTESIAN_POINT('',(-0.003,-0.110954359173775,0.0192188947849208));
#4506=CARTESIAN_POINT('',(-0.003,-0.110954359173775,0.0344988947849208));
#4507=CARTESIAN_POINT('',(-0.003,-0.112657033540763,0.0369688947849208));
#4508=CARTESIAN_POINT('',(-0.003,-0.109251684806786,0.0369688947849208));
#4509=CARTESIAN_POINT('',(-0.003,-0.110954359173775,0.0369688947849208));
#4510=CARTESIAN_POINT('',(-0.003,-0.110954359173775,0.0192188947849208));
#4511=CARTESIAN_POINT('',(-0.003,-0.110954359173775,0.00393889478492082));
#4512=CARTESIAN_POINT('',(-0.003,-0.109251684806786,0.00146889478492085));
#4513=CARTESIAN_POINT('',(-0.003,-0.112657033540763,0.00146889478492085));
#4514=CARTESIAN_POINT('',(-0.003,-0.110954359173775,0.00146889478492085));
#4515=CARTESIAN_POINT('',(-0.003,-0.110954359173775,0.0192188947849208));
#4516=CARTESIAN_POINT('',(-0.003,-0.110954359173775,0.0192188947849208));
#4517=CARTESIAN_POINT('',(-0.003,-0.110954359173775,0.0192188947849208));
#4518=CARTESIAN_POINT('',(-0.003,-0.129204359173775,0.0374688947849208));
#4519=CARTESIAN_POINT('',(-0.003,-0.129623486503349,0.0383768222498673));
#4520=CARTESIAN_POINT('',(-0.003,-0.130112286638721,0.0378880221144949));
#4521=CARTESIAN_POINT('',(-0.003,-0.110954359173775,0.0192188947849208));
#4522=CARTESIAN_POINT('',(-0.003,-0.110954359173775,0.0192188947849208));
#4523=CARTESIAN_POINT('',(-0.003,-0.0927043591737748,0.0374688947849208));
#4524=CARTESIAN_POINT('',(-0.003,-0.0917964317088283,0.0378880221144949));
#4525=CARTESIAN_POINT('',(-0.003,-0.0922852318442008,0.0383768222498674));
#4526=CARTESIAN_POINT('',(-0.003,-0.110954359173775,0.0192188947849208));
#4527=CARTESIAN_POINT('',(-0.0284,-0.110954359173775,0.0369688947849208));
#4528=CARTESIAN_POINT('',(-0.0284,-0.126704359173775,0.0369688947849208));
#4529=CARTESIAN_POINT('',(-0.0464,-0.126704359173775,0.0369688947849208));
#4530=CARTESIAN_POINT('',(-0.003,-0.126704359173775,0.0369688947849208));
#4531=CARTESIAN_POINT('',(-0.0464,-0.110954359173775,0.0369688947849208));
#4532=CARTESIAN_POINT('',(-0.0464,-0.0952043591737748,0.0369688947849208));
#4533=CARTESIAN_POINT('',(-0.0284,-0.0952043591737748,0.0369688947849208));
#4534=CARTESIAN_POINT('',(-0.003,-0.0952043591737748,0.0369688947849208));
#4535=CARTESIAN_POINT('',(-0.003,-0.110954359173775,0.0369688947849208));
#4536=CARTESIAN_POINT('',(-0.003,-0.110954359173775,0.0369688947849208));
#4537=CARTESIAN_POINT('',(-0.0284,-0.0942043591737748,0.0359688947849208));
#4538=CARTESIAN_POINT('',(-0.0284,-0.0932043591737748,0.0349688947849209));
#4539=CARTESIAN_POINT('',(-0.0464,-0.0932043591737748,0.0349688947849209));
#4540=CARTESIAN_POINT('',(-0.003,-0.0932043591737748,0.0349688947849209));
#4541=CARTESIAN_POINT('',(-0.003,-0.0942043591737748,0.0359688947849208));
#4542=CARTESIAN_POINT('',(-0.0464,-0.0942043591737748,0.0359688947849208));
#4543=CARTESIAN_POINT('',(-0.0284,-0.0932043591737748,0.0192188947849208));
#4544=CARTESIAN_POINT('',(-0.0284,-0.0932043591737748,0.00346889478492085));
#4545=CARTESIAN_POINT('',(-0.0464,-0.0932043591737748,0.00346889478492085));
#4546=CARTESIAN_POINT('',(-0.003,-0.0932043591737748,0.00346889478492085));
#4547=CARTESIAN_POINT('',(-0.003,-0.0932043591737748,0.0192188947849208));
#4548=CARTESIAN_POINT('',(-0.0464,-0.0932043591737748,0.0192188947849208));
#4549=CARTESIAN_POINT('',(-0.0284,-0.0942043591737748,0.00246889478492085));
#4550=CARTESIAN_POINT('',(-0.003,-0.0942043591737748,0.00246889478492085));
#4551=CARTESIAN_POINT('',(-0.003,-0.0952043591737748,0.00146889478492085));
#4552=CARTESIAN_POINT('',(-0.0464,-0.0942043591737748,0.00246889478492085));
#4553=CARTESIAN_POINT('',(-0.0464,-0.0952043591737748,0.00146889478492085));
#4554=CARTESIAN_POINT('',(-0.0284,-0.0952043591737748,0.00146889478492085));
#4555=CARTESIAN_POINT('',(-0.0284,-0.110954359173775,0.00146889478492085));
#4556=CARTESIAN_POINT('',(-0.003,-0.110954359173775,0.00146889478492085));
#4557=CARTESIAN_POINT('',(-0.003,-0.126704359173775,0.00146889478492084));
#4558=CARTESIAN_POINT('',(-0.003,-0.110954359173775,0.00146889478492085));
#4559=CARTESIAN_POINT('',(-0.0464,-0.110954359173775,0.00146889478492085));
#4560=CARTESIAN_POINT('',(-0.0464,-0.126704359173775,0.00146889478492084));
#4561=CARTESIAN_POINT('',(-0.0284,-0.126704359173775,0.00146889478492084));
#4562=CARTESIAN_POINT('',(-0.0284,-0.127704359173775,0.00246889478492085));
#4563=CARTESIAN_POINT('',(-0.0284,-0.128704359173775,0.00346889478492085));
#4564=CARTESIAN_POINT('',(-0.0464,-0.128704359173775,0.00346889478492085));
#4565=CARTESIAN_POINT('',(-0.003,-0.128704359173775,0.00346889478492085));
#4566=CARTESIAN_POINT('',(-0.003,-0.127704359173775,0.00246889478492085));
#4567=CARTESIAN_POINT('',(-0.0464,-0.127704359173775,0.00246889478492085));
#4568=CARTESIAN_POINT('',(-0.0284,-0.128704359173775,0.0192188947849208));
#4569=CARTESIAN_POINT('',(-0.003,-0.128704359173775,0.0192188947849208));
#4570=CARTESIAN_POINT('',(-0.003,-0.128704359173775,0.0349688947849209));
#4571=CARTESIAN_POINT('',(-0.0464,-0.128704359173775,0.0192188947849208));
#4572=CARTESIAN_POINT('',(-0.0464,-0.128704359173775,0.0349688947849209));
#4573=CARTESIAN_POINT('',(-0.0284,-0.128704359173775,0.0349688947849209));
#4574=CARTESIAN_POINT('',(-0.0284,-0.127704359173775,0.0359688947849208));
#4575=CARTESIAN_POINT('',(-0.003,-0.127704359173775,0.0359688947849208));
#4576=CARTESIAN_POINT('',(-0.0464,-0.127704359173775,0.0359688947849208));
#4577=CARTESIAN_POINT('',(-0.0284,-0.110954359173775,-3.11052150791525E-5));
#4578=CARTESIAN_POINT('',(-0.0455,-0.126890576052666,-3.11052150791525E-5));
#4579=CARTESIAN_POINT('',(-0.0284,-0.129204359173775,-3.11052150791554E-5));
#4580=CARTESIAN_POINT('',(-0.0464,-0.129204359173775,-3.11052150791554E-5));
#4581=CARTESIAN_POINT('',(-0.0464,-0.110954359173775,-3.11052150791525E-5));
#4582=CARTESIAN_POINT('',(-0.0464,-0.0927043591737748,-3.11052150791525E-5));
#4583=CARTESIAN_POINT('',(-0.0284,-0.0927043591737748,-3.11052150791525E-5));
#4584=CARTESIAN_POINT('',(-0.0447,-0.0956905760526657,-3.11052150791525E-5));
#4585=CARTESIAN_POINT('',(-0.003,-0.110954359173775,-3.11052150791525E-5));
#4586=CARTESIAN_POINT('',(-0.0284,-0.0927043591737748,0.000968894784920855));
#4587=CARTESIAN_POINT('',(-0.0463137831211092,-0.0927043591737748,0.000968894784920855));
#4588=CARTESIAN_POINT('',(-0.0464,-0.0927043591737748,0.000968894784920855));
#4589=CARTESIAN_POINT('',(-0.0284,-0.0927043591737748,0.0374688947849208));
#4590=CARTESIAN_POINT('',(-0.003,-0.0927043591737748,0.0374688947849208));
#4591=CARTESIAN_POINT('',(-0.0464,-0.0927043591737748,0.0374688947849208));
#4592=CARTESIAN_POINT('',(-0.0464,-0.0927043591737748,0.0384688947849208));
#4593=CARTESIAN_POINT('',(-0.0284,-0.0927043591737748,0.0384688947849208));
#4594=CARTESIAN_POINT('',(-0.003,-0.0927043591737748,0.0384688947849208));
#4595=CARTESIAN_POINT('',(-0.003,-0.0927043591737748,0.0374688947849208));
#4596=CARTESIAN_POINT('',(-0.0284,-0.110954359173775,0.0384688947849208));
#4597=CARTESIAN_POINT('',(-0.0284,-0.129204359173775,0.0384688947849208));
#4598=CARTESIAN_POINT('',(-0.0464,-0.129204359173775,0.0384688947849208));
#4599=CARTESIAN_POINT('',(-0.003,-0.129204359173775,0.0384688947849208));
#4600=CARTESIAN_POINT('',(-0.003,-0.110954359173775,0.0384688947849208));
#4601=CARTESIAN_POINT('',(-0.0464,-0.110954359173775,0.0384688947849208));
#4602=CARTESIAN_POINT('',(-0.0284,-0.129204359173775,0.0374688947849208));
#4603=CARTESIAN_POINT('',(-0.003,-0.129204359173775,0.0374688947849208));
#4604=CARTESIAN_POINT('',(-0.0464,-0.129204359173775,0.0374688947849208));
#4605=CARTESIAN_POINT('',(-0.0464,-0.130204359173775,0.0374688947849208));
#4606=CARTESIAN_POINT('',(-0.0284,-0.130204359173775,0.0374688947849208));
#4607=CARTESIAN_POINT('',(-0.003,-0.130204359173775,0.0374688947849208));
#4608=CARTESIAN_POINT('',(-0.003,-0.129204359173775,0.0374688947849208));
#4609=CARTESIAN_POINT('',(-0.0284,-0.130204359173775,0.0192188947849208));
#4610=CARTESIAN_POINT('',(-0.003,-0.130204359173775,0.0192188947849208));
#4611=CARTESIAN_POINT('',(-0.0464,-0.130204359173775,0.0192188947849208));
#4612=CARTESIAN_POINT('',(-0.0464,-0.130204359173775,0.000968894784920855));
#4613=CARTESIAN_POINT('',(-0.0284,-0.130204359173775,0.000968894784920855));
#4614=CARTESIAN_POINT('',(-0.0284,-0.129204359173775,0.000968894784920855));
#4615=CARTESIAN_POINT('',(-0.0464,-0.129204359173775,0.000968894784920855));
#4616=CARTESIAN_POINT('',(-0.003,-0.110954359173775,0.0192188947849208));
#4617=CARTESIAN_POINT('',(-0.003,-0.110954359173775,0.0192188947849208));
#4618=CARTESIAN_POINT('',(-0.003,-0.110954359173775,0.0192188947849208));
#4619=CARTESIAN_POINT('',(-0.003,-0.0841557109961079,0.0238413413701891));
#4620=CARTESIAN_POINT('',(-0.003,-0.0848308959591018,0.0239603946961337));
#4621=CARTESIAN_POINT('',(-0.003,-0.110954359173775,0.0192188947849208));
#4622=CARTESIAN_POINT('',(-0.003,-0.0841557109961079,0.0145964481996525));
#4623=CARTESIAN_POINT('',(-0.003,-0.0848308959591018,0.014477394873708));
#4624=CARTESIAN_POINT('',(-0.003,-0.0848308959591018,0.0192188947849208));
#4625=CARTESIAN_POINT('',(-0.003,-0.110954359173775,0.0192188947849208));
#4626=CARTESIAN_POINT('',(-0.003,-0.110954359173775,0.0192188947849208));
#4627=CARTESIAN_POINT('',(-0.003,-0.110954359173775,0.0192188947849208));
#4628=CARTESIAN_POINT('',(-0.003,-0.110954359173775,0.0192188947849208));
#4629=CARTESIAN_POINT('',(-0.003,-0.110954359173775,0.0192188947849208));
#4630=CARTESIAN_POINT('',(-0.003,-0.110954359173775,0.0192188947849208));
#4631=CARTESIAN_POINT('',(-0.003,-0.110954359173775,0.0192188947849208));
#4632=CARTESIAN_POINT('',(-0.003,-0.097925621007586,0.0321900910904865));
#4633=CARTESIAN_POINT('',(-0.003,-0.097925621007586,0.0304400910904865));
#4634=CARTESIAN_POINT('',(-0.003,-0.0979830973399636,0.00619009109048652));
#4635=CARTESIAN_POINT('',(-0.003,-0.0979830973399636,0.00444009109048652));
#4636=CARTESIAN_POINT('',(-0.003,-0.110954359173775,0.0344988947849208));
#4637=CARTESIAN_POINT('',(-0.003,-0.107968849467191,0.0342043921671198));
#4638=CARTESIAN_POINT('',(-0.003,-0.110954359173775,0.00393889478492082));
#4639=CARTESIAN_POINT('',(-0.003,-0.107968849467191,0.00423339740272187));
#4640=CARTESIAN_POINT('',(-0.003,-0.110954359173775,0.0192188947849207));
#4641=CARTESIAN_POINT('',(-0.003,-0.0994692926057374,0.00914061884467443));
#4642=CARTESIAN_POINT('',(-0.003,-0.0977214910039486,0.0115788947849208));
#4643=CARTESIAN_POINT('',(-0.003,-0.0964837828991532,0.0143116733429683));
#4644=CARTESIAN_POINT('',(-0.003,-0.110954359173775,0.0192188947849208));
#4645=CARTESIAN_POINT('',(-0.003,-0.0964837828991532,0.0241261162268734));
#4646=CARTESIAN_POINT('',(-0.003,-0.0977214910039486,0.0268588947849209));
#4647=CARTESIAN_POINT('',(-0.003,-0.0994692926057374,0.0292971707251672));
#4648=CARTESIAN_POINT('',(-0.003,-0.110954359173775,0.0192188947849208));
#4649=CARTESIAN_POINT('',(0.004,-0.0977214910039486,0.0115788947849208));
#4650=CARTESIAN_POINT('',(0.004,-0.0977214910039486,0.0115788947849208));
#4651=CARTESIAN_POINT('',(0.004,-0.0977214910039486,0.00987889478492082));
#4652=CARTESIAN_POINT('',(0.002,-0.0977214910039486,0.0115788947849208));
#4653=CARTESIAN_POINT('',(0.002,-0.0977214910039486,0.00987889478492082));
#4654=CARTESIAN_POINT('',(0.004,-0.110954359173775,0.00393889478492082));
#4655=CARTESIAN_POINT('',(0.004,-0.110954359173775,0.00393889478492082));
#4656=CARTESIAN_POINT('',(0.004,-0.110954359173775,0.00223889478492082));
#4657=CARTESIAN_POINT('',(0.002,-0.110954359173775,0.00393889478492082));
#4658=CARTESIAN_POINT('',(0.002,-0.110954359173775,0.00223889478492082));
#4659=CARTESIAN_POINT('',(0.004,-0.124187227343601,0.0115788947849208));
#4660=CARTESIAN_POINT('',(0.004,-0.124187227343601,0.0115788947849208));
#4661=CARTESIAN_POINT('',(0.004,-0.124187227343601,0.00987889478492082));
#4662=CARTESIAN_POINT('',(0.002,-0.124187227343601,0.0115788947849208));
#4663=CARTESIAN_POINT('',(0.002,-0.124187227343601,0.00987889478492082));
#4664=CARTESIAN_POINT('',(0.004,-0.124187227343601,0.0268588947849208));
#4665=CARTESIAN_POINT('',(0.004,-0.124187227343601,0.0268588947849208));
#4666=CARTESIAN_POINT('',(0.004,-0.124187227343601,0.0251588947849208));
#4667=CARTESIAN_POINT('',(0.002,-0.124187227343601,0.0268588947849208));
#4668=CARTESIAN_POINT('',(0.002,-0.124187227343601,0.0251588947849208));
#4669=CARTESIAN_POINT('',(0.004,-0.110954359173775,0.0344988947849208));
#4670=CARTESIAN_POINT('',(0.004,-0.110954359173775,0.0344988947849208));
#4671=CARTESIAN_POINT('',(0.004,-0.110954359173775,0.0327988947849208));
#4672=CARTESIAN_POINT('',(0.002,-0.110954359173775,0.0344988947849208));
#4673=CARTESIAN_POINT('',(0.002,-0.110954359173775,0.0327988947849208));
#4674=CARTESIAN_POINT('',(0.004,-0.0977214910039486,0.0268588947849209));
#4675=CARTESIAN_POINT('',(0.004,-0.0977214910039486,0.0268588947849209));
#4676=CARTESIAN_POINT('',(0.004,-0.0977214910039486,0.0251588947849209));
#4677=CARTESIAN_POINT('',(0.002,-0.0977214910039486,0.0268588947849209));
#4678=CARTESIAN_POINT('',(0.002,-0.0977214910039486,0.0251588947849209));
#4679=CARTESIAN_POINT('',(0.013,-0.110954359173775,0.0192188947849208));
#4680=CARTESIAN_POINT('',(0.004,-0.110954359173775,0.0192188947849208));
#4681=CARTESIAN_POINT('',(0.004,-0.110954359173775,0.0459688947849208));
#4682=CARTESIAN_POINT('',(0.004,-0.097925621007586,0.0321900910904865));
#4683=CARTESIAN_POINT('',(-0.001,-0.097925621007586,0.0321900910904865));
#4684=CARTESIAN_POINT('',(-0.001,-0.097925621007586,0.0304400910904865));
#4685=CARTESIAN_POINT('',(0.004,-0.0979830973399636,0.00619009109048652));
#4686=CARTESIAN_POINT('',(-0.001,-0.0979830973399636,0.00619009109048652));
#4687=CARTESIAN_POINT('',(-0.001,-0.0979830973399636,0.00444009109048652));
#4688=CARTESIAN_POINT('',(0.004,-0.123983097339964,0.00624769847935514));
#4689=CARTESIAN_POINT('',(-0.003,-0.123983097339964,0.00624769847935514));
#4690=CARTESIAN_POINT('',(-0.003,-0.123983097339964,0.00449769847935514));
#4691=CARTESIAN_POINT('',(-0.001,-0.123983097339964,0.00624769847935514));
#4692=CARTESIAN_POINT('',(-0.001,-0.123983097339964,0.00449769847935514));
#4693=CARTESIAN_POINT('',(0.004,-0.123925621007586,0.0322476984793551));
#4694=CARTESIAN_POINT('',(-0.003,-0.123925621007586,0.0322476984793551));
#4695=CARTESIAN_POINT('',(-0.003,-0.123925621007586,0.0304976984793551));
#4696=CARTESIAN_POINT('',(-0.001,-0.123925621007586,0.0322476984793551));
#4697=CARTESIAN_POINT('',(-0.001,-0.123925621007586,0.0304976984793551));
#4698=CARTESIAN_POINT('',(-0.003,-0.110954359173775,0.0192188947849208));
#4699=CARTESIAN_POINT('',(-0.003,-0.110954359173775,0.0344988947849208));
#4700=CARTESIAN_POINT('',(-0.003,-0.113939868880359,0.0342043921671198));
#4701=CARTESIAN_POINT('',(-0.003,-0.110954359173775,0.0192188947849208));
#4702=CARTESIAN_POINT('',(-0.003,-0.122439425741812,0.0292971707251672));
#4703=CARTESIAN_POINT('',(-0.003,-0.124187227343601,0.0268588947849208));
#4704=CARTESIAN_POINT('',(-0.003,-0.125424935448396,0.0241261162268733));
#4705=CARTESIAN_POINT('',(-0.003,-0.110954359173775,0.0192188947849208));
#4706=CARTESIAN_POINT('',(-0.003,-0.125424935448396,0.0143116733429683));
#4707=CARTESIAN_POINT('',(-0.003,-0.124187227343601,0.0115788947849208));
#4708=CARTESIAN_POINT('',(-0.003,-0.122439425741812,0.00914061884467442));
#4709=CARTESIAN_POINT('',(-0.003,-0.110954359173775,0.0192188947849208));
#4710=CARTESIAN_POINT('',(-0.003,-0.113939868880359,0.00423339740272187));
#4711=CARTESIAN_POINT('',(-0.003,-0.110954359173775,0.00393889478492082));
#4712=CARTESIAN_POINT('',(0.004,-0.110954359173775,0.0192188947849208));
#4713=CARTESIAN_POINT('',(0.004,-0.123925621007586,0.0322476984793551));
#4714=CARTESIAN_POINT('',(0.004,-0.123925621007586,0.0352476984793551));
#4715=CARTESIAN_POINT('',(0.004,-0.123983097339964,0.00624769847935514));
#4716=CARTESIAN_POINT('',(0.004,-0.123983097339964,0.00924769847935514));
#4717=CARTESIAN_POINT('',(0.004,-0.0979830973399636,0.00619009109048652));
#4718=CARTESIAN_POINT('',(0.004,-0.0979830973399636,0.00919009109048652));
#4719=CARTESIAN_POINT('',(0.004,-0.097925621007586,0.0321900910904865));
#4720=CARTESIAN_POINT('',(0.004,-0.097925621007586,0.0351900910904865));
#4721=CARTESIAN_POINT('',(0.004,-0.110954359173775,0.0192188947849208));
#4722=CARTESIAN_POINT('',(0.004,-0.110954359173775,0.0164188947849208));
#4723=CARTESIAN_POINT('',(-3.46944695195362E-18,-0.110954359173775,0.0192188947849208));
#4724=CARTESIAN_POINT('',(-5.16675941225393E-18,-0.0964837828991532,0.0143116733429683));
#4725=CARTESIAN_POINT('',(-5.16675941225394E-18,-0.0964837828991532,0.0143116733429683));
#4726=CARTESIAN_POINT('',(-3.46944695195362E-18,-0.110954359173775,0.0192188947849208));
#4727=CARTESIAN_POINT('',(-5.16675941225394E-18,-0.0964837828991532,0.0241261162268734));
#4728=CARTESIAN_POINT('',(-5.16675941225394E-18,-0.0964837828991532,0.0241261162268734));
#4729=CARTESIAN_POINT('',(-3.4694469519536E-18,-0.110954359173775,0.0192188947849207));
#4730=CARTESIAN_POINT('',(-6.57327441330806E-18,-0.107968849467191,0.00423339740272187));
#4731=CARTESIAN_POINT('',(-6.57327441330806E-18,-0.107968849467191,0.00423339740272187));
#4732=CARTESIAN_POINT('',(-3.4694469519536E-18,-0.110954359173775,0.0192188947849207));
#4733=CARTESIAN_POINT('',(-5.5323789028531E-18,-0.0994692926057374,0.00914061884467443));
#4734=CARTESIAN_POINT('',(-5.5323789028531E-18,-0.0994692926057374,0.00914061884467443));
#4735=CARTESIAN_POINT('',(-3.46944695195362E-18,-0.110954359173775,0.0192188947849208));
#4736=CARTESIAN_POINT('',(-4.87596195300774E-18,-0.122439425741812,0.00914061884467442));
#4737=CARTESIAN_POINT('',(-4.87596195300775E-18,-0.122439425741812,0.00914061884467442));
#4738=CARTESIAN_POINT('',(-3.46944695195362E-18,-0.110954359173775,0.0192188947849208));
#4739=CARTESIAN_POINT('',(-3.83506644255278E-18,-0.113939868880359,0.00423339740272187));
#4740=CARTESIAN_POINT('',(-3.83506644255278E-18,-0.113939868880359,0.00423339740272187));
#4741=CARTESIAN_POINT('',(-3.46944695195361E-18,-0.110954359173775,0.0192188947849208));
#4742=CARTESIAN_POINT('',(-5.24158144360691E-18,-0.125424935448396,0.0241261162268733));
#4743=CARTESIAN_POINT('',(-5.24158144360691E-18,-0.125424935448396,0.0241261162268733));
#4744=CARTESIAN_POINT('',(-3.46944695195361E-18,-0.110954359173775,0.0192188947849208));
#4745=CARTESIAN_POINT('',(-5.24158144360691E-18,-0.125424935448396,0.0143116733429682));
#4746=CARTESIAN_POINT('',(-5.24158144360691E-18,-0.125424935448396,0.0143116733429682));
#4747=CARTESIAN_POINT('',(-3.46944695195361E-18,-0.110954359173775,0.0192188947849208));
#4748=CARTESIAN_POINT('',(-3.83506644255278E-18,-0.113939868880359,0.0342043921671198));
#4749=CARTESIAN_POINT('',(-3.83506644255278E-18,-0.113939868880359,0.0342043921671197));
#4750=CARTESIAN_POINT('',(-3.46944695195361E-18,-0.110954359173775,0.0192188947849208));
#4751=CARTESIAN_POINT('',(-4.87596195300775E-18,-0.122439425741812,0.0292971707251672));
#4752=CARTESIAN_POINT('',(-4.87596195300775E-18,-0.122439425741812,0.0292971707251672));
#4753=CARTESIAN_POINT('',(-3.46944695195361E-18,-0.110954359173775,0.0192188947849208));
#4754=CARTESIAN_POINT('',(-5.5323789028531E-18,-0.0994692926057374,0.0292971707251672));
#4755=CARTESIAN_POINT('',(-5.5323789028531E-18,-0.0994692926057374,0.0292971707251672));
#4756=CARTESIAN_POINT('',(-3.46944695195361E-18,-0.110954359173775,0.0192188947849208));
#4757=CARTESIAN_POINT('',(-3.10382746135445E-18,-0.107968849467191,0.0342043921671198));
#4758=CARTESIAN_POINT('',(-3.10382746135445E-18,-0.107968849467191,0.0342043921671198));
#4759=CARTESIAN_POINT('',(-3.46944695195361E-18,-0.110954359173775,0.0192188947849208));
#4760=CARTESIAN_POINT('',(-3.46944695195361E-18,-0.110954359173775,0.0192188947849208));
#4761=CARTESIAN_POINT('',(-3.64089750383424E-18,-0.110954359173775,0.0164188947849208));
#4762=CARTESIAN_POINT('',(-5.31833493913558E-18,-0.0977214910039486,0.0268588947849209));
#4763=CARTESIAN_POINT('',(-5.31833493913558E-18,-0.0977214910039486,0.0115788947849208));
#4764=CARTESIAN_POINT('',(-6.93889390390723E-18,-0.110954359173775,0.00393889478492082));
#4765=CARTESIAN_POINT('',(-5.09000591672527E-18,-0.124187227343601,0.0115788947849208));
#4766=CARTESIAN_POINT('',(-5.09000591672527E-18,-0.124187227343601,0.0268588947849209));
#4767=CARTESIAN_POINT('',(-3.46944695195362E-18,-0.110954359173775,0.0344988947849208));
#4768=CARTESIAN_POINT('',(0.022,-0.110954359173775,0.0192188947849208));
#4769=CARTESIAN_POINT('',(-0.001,-0.123925621007586,0.0322476984793551));
#4770=CARTESIAN_POINT('',(-0.001,-0.123925621007586,0.0322476984793551));
#4771=CARTESIAN_POINT('',(-0.001,-0.122745303322849,0.0294896466011091));
#4772=CARTESIAN_POINT('',(-0.001,-0.125367545028338,0.0296169466631669));
#4773=CARTESIAN_POINT('',(-0.0005,-0.122745303322849,0.0294896466011091));
#4774=CARTESIAN_POINT('',(0.002,-0.122745303322849,0.0294896466011091));
#4775=CARTESIAN_POINT('',(0.002,-0.123925621007586,0.0322476984793551));
#4776=CARTESIAN_POINT('',(0.002,-0.125367545028338,0.0296169466631669));
#4777=CARTESIAN_POINT('',(-0.0005,-0.125367545028338,0.0296169466631669));
#4778=CARTESIAN_POINT('',(-0.001,-0.110954359173775,0.0192188947849208));
#4779=CARTESIAN_POINT('',(-0.001,-0.124187227343601,0.0268588947849208));
#4780=CARTESIAN_POINT('',(-0.001,-0.123983097339964,0.00624769847935514));
#4781=CARTESIAN_POINT('',(-0.001,-0.123983097339964,0.00624769847935514));
#4782=CARTESIAN_POINT('',(-0.001,-0.125456807661121,0.00886077671953718));
#4783=CARTESIAN_POINT('',(-0.001,-0.122713517022443,0.00896581654473876));
#4784=CARTESIAN_POINT('',(-0.0005,-0.125456807661121,0.00886077671953718));
#4785=CARTESIAN_POINT('',(0.002,-0.125456807661121,0.00886077671953718));
#4786=CARTESIAN_POINT('',(0.002,-0.123983097339964,0.00624769847935514));
#4787=CARTESIAN_POINT('',(0.002,-0.122713517022443,0.00896581654473876));
#4788=CARTESIAN_POINT('',(-0.0005,-0.122713517022443,0.00896581654473876));
#4789=CARTESIAN_POINT('',(-0.001,-0.110954359173775,0.0192188947849208));
#4790=CARTESIAN_POINT('',(-0.001,-0.124187227343601,0.0115788947849208));
#4791=CARTESIAN_POINT('',(-0.001,-0.0979830973399636,0.00619009109048652));
#4792=CARTESIAN_POINT('',(-0.001,-0.0979830973399636,0.00619009109048652));
#4793=CARTESIAN_POINT('',(-0.001,-0.0991634150247008,0.00894814296873259));
#4794=CARTESIAN_POINT('',(-0.001,-0.0965411733192114,0.00882084290667477));
#4795=CARTESIAN_POINT('',(-0.0005,-0.0991634150247008,0.00894814296873259));
#4796=CARTESIAN_POINT('',(0.002,-0.0991634150247008,0.00894814296873259));
#4797=CARTESIAN_POINT('',(0.002,-0.0979830973399636,0.00619009109048652));
#4798=CARTESIAN_POINT('',(0.002,-0.0965411733192114,0.00882084290667477));
#4799=CARTESIAN_POINT('',(-0.000500000000000006,-0.0965411733192114,0.00882084290667477));
#4800=CARTESIAN_POINT('',(-0.001,-0.110954359173775,0.0192188947849208));
#4801=CARTESIAN_POINT('',(-0.001,-0.0977214910039486,0.0115788947849208));
#4802=CARTESIAN_POINT('',(-0.001,-0.097925621007586,0.0321900910904865));
#4803=CARTESIAN_POINT('',(-0.001,-0.097925621007586,0.0321900910904865));
#4804=CARTESIAN_POINT('',(-0.001,-0.0964519106864282,0.0295770128503045));
#4805=CARTESIAN_POINT('',(-0.001,-0.0991952013251064,0.0294719730251029));
#4806=CARTESIAN_POINT('',(-0.0005,-0.0964519106864282,0.0295770128503045));
#4807=CARTESIAN_POINT('',(0.002,-0.0964519106864282,0.0295770128503045));
#4808=CARTESIAN_POINT('',(0.002,-0.097925621007586,0.0321900910904865));
#4809=CARTESIAN_POINT('',(0.002,-0.0991952013251064,0.0294719730251029));
#4810=CARTESIAN_POINT('',(-0.0005,-0.0991952013251064,0.0294719730251029));
#4811=CARTESIAN_POINT('',(-0.001,-0.110954359173775,0.0192188947849208));
#4812=CARTESIAN_POINT('',(-0.001,-0.0977214910039486,0.0268588947849209));
#4813=CARTESIAN_POINT('',(0.002,-0.110954359173775,0.0192188947849208));
#4814=CARTESIAN_POINT('',(0.002,-0.0977214910039486,0.0268588947849209));
#4815=CARTESIAN_POINT('',(0.002,-0.0977214910039486,0.0268588947849209));
#4816=CARTESIAN_POINT('',(0.002,-0.110954359173775,0.0192188947849208));
#4817=CARTESIAN_POINT('',(0.002,-0.0977214910039486,0.0115788947849208));
#4818=CARTESIAN_POINT('',(0.002,-0.0977214910039486,0.0115788947849208));
#4819=CARTESIAN_POINT('',(0.002,-0.110954359173775,0.0192188947849208));
#4820=CARTESIAN_POINT('',(0.002,-0.124187227343601,0.0115788947849208));
#4821=CARTESIAN_POINT('',(0.002,-0.124187227343601,0.0115788947849208));
#4822=CARTESIAN_POINT('',(0.002,-0.110954359173775,0.0192188947849208));
#4823=CARTESIAN_POINT('',(0.002,-0.124187227343601,0.0268588947849208));
#4824=CARTESIAN_POINT('',(0.002,-0.124187227343601,0.0268588947849208));
#4825=CARTESIAN_POINT('',(0.002,-0.110954359173775,0.00393889478492082));
#4826=CARTESIAN_POINT('',(0.002,-0.110954359173775,0.00393889478492082));
#4827=CARTESIAN_POINT('',(0.002,-0.110954359173775,0.00093889478492082));
#4828=CARTESIAN_POINT('',(0.002,-0.110954359173775,0.0192188947849208));
#4829=CARTESIAN_POINT('',(0.002,-0.110954359173775,0.0344988947849208));
#4830=CARTESIAN_POINT('',(0.002,-0.110954359173775,0.0344988947849208));
#4831=CARTESIAN_POINT('',(0.002,-0.110954359173775,0.0314988947849208));
#4832=CARTESIAN_POINT('',(0.002,-0.110954359173775,0.0192188947849208));
#4833=CARTESIAN_POINT('',(-0.0464,-0.110954359173775,0.0192188947849208));
#4834=CARTESIAN_POINT('',(-0.0455,-0.128590576052666,0.00169475478492086));
#4835=CARTESIAN_POINT('',(-0.04635,-0.129440576052666,0.00169475478492086));
#4836=CARTESIAN_POINT('',(-0.0455,-0.0933905760526657,0.00169475478492085));
#4837=CARTESIAN_POINT('',(-0.04625,-0.0926405760526657,0.00169475478492085));
#4838=CARTESIAN_POINT('',(-0.0455,-0.126890576052666,-0.0118583489475524));
#4839=CARTESIAN_POINT('',(-0.0430333333333333,-0.124423909385999,-0.00856271854841249));
#4840=CARTESIAN_POINT('',(-0.0447,-0.121090576052666,-0.0102293852150791));
#4841=CARTESIAN_POINT('',(-0.0463666666666667,-0.117757242719332,-0.0118960518817458));
#4842=CARTESIAN_POINT('',(-0.0455,-0.116890576052666,-0.0110293852150791));
#4843=CARTESIAN_POINT('',(-0.0455,-0.119590576052666,-0.0110293852150791));
#4844=CARTESIAN_POINT('',(-0.0455,-0.116890576052666,-0.0118583489475524));
#4845=CARTESIAN_POINT('',(-0.0495736787558423,-0.120964254808508,-0.0200057064592369));
#4846=CARTESIAN_POINT('',(-0.0455,-0.116890576052666,-0.0240793852150792));
#4847=CARTESIAN_POINT('',(-0.0455,-0.116890576052666,-0.0248793852150791));
#4848=CARTESIAN_POINT('',(-0.0455,-0.111090576052666,-0.0240793852150792));
#4849=CARTESIAN_POINT('',(-0.0519,-0.123890576052666,-0.0176793852150792));
#4850=CARTESIAN_POINT('',(-0.0455,-0.131090576052666,-0.0240793852150792));
#4851=CARTESIAN_POINT('',(-0.0447,-0.131090576052666,-0.0225543852150791));
#4852=CARTESIAN_POINT('',(-0.045475,-0.130315576052666,-0.0210043852150791));
#4853=CARTESIAN_POINT('',(-0.0455,-0.111090576052666,-0.0210293852150792));
#4854=CARTESIAN_POINT('',(-0.0455,-0.124504789615039,-0.0210293852150792));
#4855=CARTESIAN_POINT('',(-0.0447,-0.124504789615039,-0.0188151716527061));
#4856=CARTESIAN_POINT('',(-0.0455,-0.122290576052666,-0.0188151716527061));
#4857=CARTESIAN_POINT('',(-0.0455,-0.122290576052666,-0.0118583489475524));
#4858=CARTESIAN_POINT('',(-0.0455,-0.122290576052666,-0.0166435987774523));
#4859=CARTESIAN_POINT('',(-0.0455,-0.122290576052666,-0.0166435987774523));
#4860=CARTESIAN_POINT('',(-0.0447,-0.124504789615039,-0.0166435987774523));
#4861=CARTESIAN_POINT('',(-0.0455,-0.124504789615039,-0.0144293852150791));
#4862=CARTESIAN_POINT('',(-0.0447,-0.127090576052666,-0.0152293852150792));
#4863=CARTESIAN_POINT('',(-0.0460333333333333,-0.129757242719332,-0.0138960518817458));
#4864=CARTESIAN_POINT('',(-0.0447,-0.131090576052666,-0.00690438521507915));
#4865=CARTESIAN_POINT('',(-0.0455,-0.0918905760526657,-0.0118583489475524));
#4866=CARTESIAN_POINT('',(-0.0463570120891756,-0.0927475881418413,-0.0135723731259036));
#4867=CARTESIAN_POINT('',(-0.0455,-0.111090576052666,-0.0144293852150792));
#4868=CARTESIAN_POINT('',(-0.0455,-0.0976763624902926,-0.0144293852150792));
#4869=CARTESIAN_POINT('',(-0.0447,-0.0976763624902926,-0.0166435987774523));
#4870=CARTESIAN_POINT('',(-0.0455,-0.0998905760526657,-0.0166435987774523));
#4871=CARTESIAN_POINT('',(-0.0447,-0.0990905760526657,-0.0177293852150791));
#4872=CARTESIAN_POINT('',(-0.0455,-0.0998905760526657,-0.0188151716527061));
#4873=CARTESIAN_POINT('',(-0.0455,-0.0998905760526657,-0.0118583489475524));
#4874=CARTESIAN_POINT('',(-0.0447,-0.0976763624902926,-0.0188151716527061));
#4875=CARTESIAN_POINT('',(-0.0455,-0.0976763624902926,-0.0210293852150792));
#4876=CARTESIAN_POINT('',(-0.0447,-0.0950905760526657,-0.0202293852150791));
#4877=CARTESIAN_POINT('',(-0.0460333333333333,-0.092423909385999,-0.0215627185484125));
#4878=CARTESIAN_POINT('',(-0.0455,-0.0918905760526657,-0.0118583489475524));
#4879=CARTESIAN_POINT('',(-0.0495736787558423,-0.0959642548085079,-0.0200057064592369));
#4880=CARTESIAN_POINT('',(-0.0455,-0.111090576052666,-0.0240793852150792));
#4881=CARTESIAN_POINT('',(-0.0434333333333334,-0.106957242719332,-0.0261460518817458));
#4882=CARTESIAN_POINT('',(-0.0455,-0.104890576052666,-0.0240793852150792));
#4883=CARTESIAN_POINT('',(-0.0455,-0.105690576052666,-0.0240793852150792));
#4884=CARTESIAN_POINT('',(-0.0447,-0.105690576052666,-0.0175543852150791));
#4885=CARTESIAN_POINT('',(-0.0471416666666667,-0.103248909385999,-0.0126710518817458));
#4886=CARTESIAN_POINT('',(-0.0455,-0.104890576052666,-0.0110293852150791));
#4887=CARTESIAN_POINT('',(-0.0455,-0.104890576052666,-0.0118583489475524));
#4888=CARTESIAN_POINT('',(-0.0447,-0.100690576052666,-0.0102293852150792));
#4889=CARTESIAN_POINT('',(-0.0427583333333333,-0.0976322427193323,-0.00828771854841249));
#4890=CARTESIAN_POINT('',(-0.0455,-0.111090576052666,-0.0110293852150791));
#4891=CARTESIAN_POINT('',(-0.0447,-0.0956905760526657,-0.00440438521507916));
#4892=CARTESIAN_POINT('',(-0.0555,-0.122290576052666,-0.0175543852150791));
#4893=CARTESIAN_POINT('',(-0.0501,-0.122290576052666,-0.0175543852150791));
#4894=CARTESIAN_POINT('',(-0.04825,-0.122290576052666,-0.0175543852150791));
#4895=CARTESIAN_POINT('',(-0.0547,-0.122290576052666,-0.0175543852150791));
#4896=CARTESIAN_POINT('',(-0.0547,-0.122290576052666,-0.0118293852150791));
#4897=CARTESIAN_POINT('',(-0.0547,-0.122290576052666,-0.0232793852150791));
#4898=CARTESIAN_POINT('',(-0.0555,-0.122290576052666,-0.0232793852150791));
#4899=CARTESIAN_POINT('',(-0.0555,-0.122290576052666,-0.0118293852150791));
#4900=CARTESIAN_POINT('',(-0.0555,-0.119590576052666,-0.0110293852150791));
#4901=CARTESIAN_POINT('',(-0.0555,-0.116890576052666,-0.0110293852150791));
#4902=CARTESIAN_POINT('',(-0.0547,-0.116890576052666,-0.0110293852150791));
#4903=CARTESIAN_POINT('',(-0.0547,-0.122290576052666,-0.0110293852150791));
#4904=CARTESIAN_POINT('',(-0.0547,-0.121490576052666,-0.0110293852150791));
#4905=CARTESIAN_POINT('',(-0.0455,-0.121490576052666,-0.0110293852150791));
#4906=CARTESIAN_POINT('',(-0.0555,-0.116890576052666,-0.0175543852150791));
#4907=CARTESIAN_POINT('',(-0.0501,-0.116890576052666,-0.0175543852150791));
#4908=CARTESIAN_POINT('',(-0.04825,-0.116890576052666,-0.0175543852150791));
#4909=CARTESIAN_POINT('',(-0.0555,-0.116890576052666,-0.0240793852150792));
#4910=CARTESIAN_POINT('',(-0.0547,-0.116890576052666,-0.0240793852150792));
#4911=CARTESIAN_POINT('',(-0.0547,-0.116890576052666,-0.0110293852150791));
#4912=CARTESIAN_POINT('',(-0.0555,-0.119590576052666,-0.0240793852150792));
#4913=CARTESIAN_POINT('',(-0.0555,-0.121490576052666,-0.0240793852150792));
#4914=CARTESIAN_POINT('',(-0.0547,-0.121490576052666,-0.0240793852150792));
#4915=CARTESIAN_POINT('',(-0.0547,-0.119590576052666,-0.0240793852150792));
#4916=CARTESIAN_POINT('',(-0.0555,-0.107090576052666,-0.0118458295538682));
#4917=CARTESIAN_POINT('',(-0.0555,-0.107090576052666,-0.0232793852150791));
#4918=CARTESIAN_POINT('',(-0.0555,-0.117690576052666,-0.0232793852150791));
#4919=CARTESIAN_POINT('',(-0.0555,-0.121490576052666,-0.0232793852150791));
#4920=CARTESIAN_POINT('',(-0.0555,-0.121490576052666,-0.0118458295538682));
#4921=CARTESIAN_POINT('',(-0.0555,-0.121490576052666,-0.0118293852150791));
#4922=CARTESIAN_POINT('',(-0.0555,-0.116890576052666,-0.0118293852150791));
#4923=CARTESIAN_POINT('',(-0.0555,-0.117690576052666,-0.0118293852150791));
#4924=CARTESIAN_POINT('',(-0.0555,-0.117690576052666,-0.0240793852150792));
#4925=CARTESIAN_POINT('',(-0.0555,-0.0998905760526657,-0.0118583489475524));
#4926=CARTESIAN_POINT('',(-0.0501,-0.0998905760526657,-0.0175543852150791));
#4927=CARTESIAN_POINT('',(-0.05195,-0.0998905760526657,-0.0175543852150791));
#4928=CARTESIAN_POINT('',(-0.0555,-0.0998905760526657,-0.0232793852150791));
#4929=CARTESIAN_POINT('',(-0.0547,-0.0998905760526657,-0.0232793852150791));
#4930=CARTESIAN_POINT('',(-0.0547,-0.0998905760526657,-0.0110293852150791));
#4931=CARTESIAN_POINT('',(-0.0547,-0.0998905760526657,-0.0118293852150791));
#4932=CARTESIAN_POINT('',(-0.0555,-0.0998905760526657,-0.0118293852150791));
#4933=CARTESIAN_POINT('',(-0.0555,-0.105690576052666,-0.0240793852150792));
#4934=CARTESIAN_POINT('',(-0.0555,-0.104890576052666,-0.0240793852150792));
#4935=CARTESIAN_POINT('',(-0.0547,-0.104890576052666,-0.0240793852150792));
#4936=CARTESIAN_POINT('',(-0.0547,-0.0998905760526657,-0.0240793852150792));
#4937=CARTESIAN_POINT('',(-0.0547,-0.100690576052666,-0.0240793852150792));
#4938=CARTESIAN_POINT('',(-0.0555,-0.100690576052666,-0.0240793852150792));
#4939=CARTESIAN_POINT('',(-0.0555,-0.104890576052666,-0.0118583489475524));
#4940=CARTESIAN_POINT('',(-0.0501,-0.104890576052666,-0.0175543852150791));
#4941=CARTESIAN_POINT('',(-0.05195,-0.104890576052666,-0.0175543852150791));
#4942=CARTESIAN_POINT('',(-0.0555,-0.104890576052666,-0.0110293852150791));
#4943=CARTESIAN_POINT('',(-0.0547,-0.104890576052666,-0.0110293852150791));
#4944=CARTESIAN_POINT('',(-0.0547,-0.104890576052666,-0.0240793852150792));
#4945=CARTESIAN_POINT('',(-0.0555,-0.111090576052666,-0.0110293852150791));
#4946=CARTESIAN_POINT('',(-0.0555,-0.100690576052666,-0.0110293852150791));
#4947=CARTESIAN_POINT('',(-0.0547,-0.100690576052666,-0.0110293852150791));
#4948=CARTESIAN_POINT('',(-0.0547,-0.104890576052666,-0.0110293852150791));
#4949=CARTESIAN_POINT('',(-0.0555,-0.107090576052666,-0.0118458295538682));
#4950=CARTESIAN_POINT('',(-0.0555,-0.0998905760526657,-0.0118293852150791));
#4951=CARTESIAN_POINT('',(-0.0555,-0.104090576052666,-0.0118293852150791));
#4952=CARTESIAN_POINT('',(-0.0555,-0.100690576052666,-0.0118293852150791));
#4953=CARTESIAN_POINT('',(-0.0555,-0.100690576052666,-0.0240793852150792));
#4954=CARTESIAN_POINT('',(-0.0555,-0.100690576052666,-0.0232793852150791));
#4955=CARTESIAN_POINT('',(-0.0555,-0.104890576052666,-0.0232793852150791));
#4956=CARTESIAN_POINT('',(-0.0555,-0.104090576052666,-0.0232793852150791));
#4957=CARTESIAN_POINT('',(-0.0555,-0.104090576052666,-0.0110293852150791));
#4958=CARTESIAN_POINT('',(-0.0555,-0.117690576052666,-0.0118458295538682));
#4959=CARTESIAN_POINT('',(-0.0593111852204037,-0.121501761273069,-0.0194681999946755));
#4960=CARTESIAN_POINT('',(-0.0519666666666667,-0.114157242719332,-0.00829605188174583));
#4961=CARTESIAN_POINT('',(-0.0555,-0.107090576052666,-0.0118293852150791));
#4962=CARTESIAN_POINT('',(-0.0555,-0.121490576052666,-0.0118293852150791));
#4963=CARTESIAN_POINT('',(-0.0555,-0.121490576052666,-0.0110293852150791));
#4964=CARTESIAN_POINT('',(-0.0547,-0.121890576052666,-0.0114293852150791));
#4965=CARTESIAN_POINT('',(-0.0555,-0.122290576052666,-0.0232793852150791));
#4966=CARTESIAN_POINT('',(-0.0547,-0.122290576052666,-0.0232793852150791));
#4967=CARTESIAN_POINT('',(-0.0547,-0.119590576052666,-0.0240793852150792));
#4968=CARTESIAN_POINT('',(-0.0551,-0.121490576052666,-0.0236793852150791));
#4969=CARTESIAN_POINT('',(-0.0555,-0.121490576052666,-0.0118293852150791));
#4970=CARTESIAN_POINT('',(-0.0555,-0.121490576052666,-0.0118293852150791));
#4971=CARTESIAN_POINT('',(-0.0547,-0.122290576052666,-0.0232793852150791));
#4972=CARTESIAN_POINT('',(-0.0547,-0.122290576052666,-0.0232793852150791));
#4973=CARTESIAN_POINT('',(-0.0547,-0.122290576052666,-0.0175543852150791));
#4974=CARTESIAN_POINT('',(-0.0555,-0.104090576052666,-0.0118458295538682));
#4975=CARTESIAN_POINT('',(-0.0545,-0.105090576052666,-0.0242793852150791));
#4976=CARTESIAN_POINT('',(-0.055505481446263,-0.104085094606403,-0.0118348666613422));
#4977=CARTESIAN_POINT('',(-0.0555,-0.0998905760526657,-0.0118293852150791));
#4978=CARTESIAN_POINT('',(-0.0547,-0.0998905760526657,-0.0118293852150791));
#4979=CARTESIAN_POINT('',(-0.0555,-0.107090576052666,-0.0118293852150791));
#4980=CARTESIAN_POINT('',(-0.0551,-0.100690576052666,-0.0114293852150791));
#4981=CARTESIAN_POINT('',(-0.0555,-0.107090576052666,-0.0232793852150791));
#4982=CARTESIAN_POINT('',(-0.0555,-0.100690576052666,-0.0232793852150791));
#4983=CARTESIAN_POINT('',(-0.0555,-0.100690576052666,-0.0240793852150792));
#4984=CARTESIAN_POINT('',(-0.0547,-0.100290576052666,-0.0236793852150791));
#4985=CARTESIAN_POINT('',(-0.0547,-0.0998905760526657,-0.0118293852150791));
#4986=CARTESIAN_POINT('',(-0.0547,-0.0998905760526657,-0.0118293852150791));
#4987=CARTESIAN_POINT('',(-0.0555,-0.100690576052666,-0.0232793852150791));
#4988=CARTESIAN_POINT('',(-0.0555,-0.100690576052666,-0.0232793852150791));
#4989=CARTESIAN_POINT('',(-0.0555,-0.100690576052666,-0.0118458295538682));
#4990=CARTESIAN_POINT('',(-0.0501,-0.124890576052666,-0.0175543852150791));
#4991=CARTESIAN_POINT('',(-0.0501,-0.124890576052666,-0.0175543852150791));
#4992=CARTESIAN_POINT('',(-0.01,-0.0769543591737748,0.0205406955225663));
#4993=CARTESIAN_POINT('',(-0.005,-0.0769543591737748,0.0205406955225663));
#4994=CARTESIAN_POINT('',(-0.005,-0.0766070628184409,0.0225103110285907));
#4995=CARTESIAN_POINT('',(-0.005,-0.0749543591737748,0.0205406955225663));
#4996=CARTESIAN_POINT('',(-0.01,-0.0749543591737748,0.0205406955225663));
#4997=CARTESIAN_POINT('',(-0.01,-0.0749543591737748,0.0205406955225663));
#4998=CARTESIAN_POINT('',(-0.01,-0.0769543591737748,0.0205406955225663));
#4999=CARTESIAN_POINT('',(-0.01,-0.0766070628184409,0.0225103110285907));
#5000=CARTESIAN_POINT('',(-0.01,-0.0766070628184409,0.0225103110285907));
#5001=CARTESIAN_POINT('',(-0.01,-0.0749543591737748,0.0192188947849208));
#5002=CARTESIAN_POINT('',(-0.005,-0.0749543591737748,0.0192188947849208));
#5003=CARTESIAN_POINT('',(-0.005,-0.0749543591737748,0.0178970940472754));
#5004=CARTESIAN_POINT('',(-0.01,-0.0749543591737748,0.0178970940472754));
#5005=CARTESIAN_POINT('',(-0.01,-0.0749543591737748,0.0178970940472754));
#5006=CARTESIAN_POINT('',(-0.01,-0.0749543591737748,0.0192188947849208));
#5007=CARTESIAN_POINT('',(-0.01,-0.0769543591737748,0.0178970940472754));
#5008=CARTESIAN_POINT('',(-0.0065,-0.0764543591737748,0.0159606023741717));
#5009=CARTESIAN_POINT('',(-0.0065,-0.0764543591737748,0.0159606023741717));
#5010=CARTESIAN_POINT('',(-0.005,-0.0764543591737748,0.0159606023741717));
#5011=CARTESIAN_POINT('',(-0.0065,-0.0769543591737748,0.0178970940472754));
#5012=CARTESIAN_POINT('',(-0.0065,-0.0766070628184409,0.015927478541251));
#5013=CARTESIAN_POINT('',(-0.01,-0.0766070628184409,0.015927478541251));
#5014=CARTESIAN_POINT('',(-0.01,-0.0766070628184409,0.015927478541251));
#5015=CARTESIAN_POINT('',(-0.01,-0.0769543591737748,0.0178970940472754));
#5016=CARTESIAN_POINT('',(-0.005,-0.0769543591737748,0.0178970940472754));
#5017=CARTESIAN_POINT('',(-0.01,-0.0841557109961079,0.0145964481996525));
#5018=CARTESIAN_POINT('',(-0.0065,-0.0841557109961079,0.0145964481996525));
#5019=CARTESIAN_POINT('',(-0.0065,-0.0809543591737748,0.0151609329006701));
#5020=CARTESIAN_POINT('',(-0.0065,-0.0809543591737748,0.0151609329006701));
#5021=CARTESIAN_POINT('',(-0.005,-0.0809543591737748,0.0151609329006701));
#5022=CARTESIAN_POINT('',(-0.005,-0.0841557109961079,0.0145964481996525));
#5023=CARTESIAN_POINT('',(-0.005,-0.0848308959591018,0.014477394873708));
#5024=CARTESIAN_POINT('',(-0.002998,-0.0848308959591018,0.014477394873708));
#5025=CARTESIAN_POINT('',(-0.01,-0.0841557109961079,0.0145964481996525));
#5026=CARTESIAN_POINT('',(-0.01,-0.0841557109961079,0.0238413413701891));
#5027=CARTESIAN_POINT('',(-0.005,-0.0841557109961079,0.0238413413701891));
#5028=CARTESIAN_POINT('',(-0.005,-0.0848308959591018,0.0239603946961337));
#5029=CARTESIAN_POINT('',(-0.01,-0.0841557109961079,0.0238413413701891));
#5030=CARTESIAN_POINT('',(-0.002998,-0.0848308959591018,0.0239603946961337));
#5031=CARTESIAN_POINT('',(-0.01,-0.0833293591737748,0.0192188947849208));
#5032=CARTESIAN_POINT('',(-0.005,-0.0833293591737748,0.0192188947849208));
#5033=CARTESIAN_POINT('',(-0.005,-0.0848308959591018,0.0192188947849208));
#5034=CARTESIAN_POINT('',(-0.005,-0.0809543591737748,0.0180035918019712));
#5035=CARTESIAN_POINT('',(-0.005,-0.0809543591737748,0.0210704226046801));
#5036=CARTESIAN_POINT('',(-0.005,-0.0787043591737748,0.0210704226046801));
#5037=CARTESIAN_POINT('',(-0.005,-0.0764543591737748,0.0210704226046801));
#5038=CARTESIAN_POINT('',(-0.005,-0.0764543591737748,0.0180035918019712));
#5039=CARTESIAN_POINT('',(-0.0065,-0.0764543591737748,0.0180035918019712));
#5040=CARTESIAN_POINT('',(-0.0065,-0.0764543591737748,0.0210704226046801));
#5041=CARTESIAN_POINT('',(-0.0065,-0.0764543591737748,0.0210704226046801));
#5042=CARTESIAN_POINT('',(-0.0065,-0.0764543591737748,0.0180035918019712));
#5043=CARTESIAN_POINT('',(-0.0065,-0.0787043591737748,0.0210704226046801));
#5044=CARTESIAN_POINT('',(-0.0065,-0.0809543591737748,0.0210704226046801));
#5045=CARTESIAN_POINT('',(-0.0065,-0.0809543591737748,0.0210704226046801));
#5046=CARTESIAN_POINT('',(-0.0065,-0.0787043591737748,0.0210704226046801));
#5047=CARTESIAN_POINT('',(-0.0065,-0.0809543591737748,0.0180035918019712));
#5048=CARTESIAN_POINT('',(-0.0065,-0.0809543591737748,0.0180035918019712));
#5049=CARTESIAN_POINT('',(-0.0065,-0.0833293591737748,0.0192188947849208));
#5050=CARTESIAN_POINT('',(-0.002998,-0.0848308959591018,0.0192188947849208));
#5051=MECHANICAL_DESIGN_GEOMETRIC_PRESENTATION_REPRESENTATION('',(#2995),
#5052);
#5052=(
GEOMETRIC_REPRESENTATION_CONTEXT(3)
GLOBAL_UNCERTAINTY_ASSIGNED_CONTEXT((#5053))
GLOBAL_UNIT_ASSIGNED_CONTEXT((#5056,#5055,#5054))
REPRESENTATION_CONTEXT('stepper housing','TOP_LEVEL_ASSEMBLY_PART')
);
#5053=UNCERTAINTY_MEASURE_WITH_UNIT(LENGTH_MEASURE(1.E-8),#5056,
'DISTANCE_ACCURACY_VALUE','Maximum Tolerance applied to model');
#5054=(
NAMED_UNIT(*)
SI_UNIT($,.STERADIAN.)
SOLID_ANGLE_UNIT()
);
#5055=(
NAMED_UNIT(*)
PLANE_ANGLE_UNIT()
SI_UNIT($,.RADIAN.)
);
#5056=(
LENGTH_UNIT()
NAMED_UNIT(*)
SI_UNIT($,.METRE.)
);
#5057=PRODUCT_DEFINITION_SHAPE('','',#5058);
#5058=PRODUCT_DEFINITION('','',#5060,#5059);
#5059=PRODUCT_DEFINITION_CONTEXT('',#5066,'design');
#5060=PRODUCT_DEFINITION_FORMATION_WITH_SPECIFIED_SOURCE('','',#5062,
 .NOT_KNOWN.);
#5061=PRODUCT_RELATED_PRODUCT_CATEGORY('','',(#5062));
#5062=PRODUCT('stepper housing','stepper housing','stepper housing',(#5064));
#5063=PRODUCT_CATEGORY('','');
#5064=PRODUCT_CONTEXT('',#5066,'mechanical');
#5065=APPLICATION_PROTOCOL_DEFINITION('international standard',
'ap242_managed_model_based_3d_engineering',2020,#5066);
#5066=APPLICATION_CONTEXT('managed model based 3d engineering');
ENDSEC;
END-ISO-10303-21;
