ISO-10303-21;
HEADER;
/* Generated by software containing ST-Developer
 * from STEP Tools, Inc. (www.steptools.com) 
 */
/* OPTION: using custom renumber hook */

FILE_DESCRIPTION(
/* description */ ('STEP AP242 Edition 2',
'CAx-IF Rec.Pracs.---Representation and Presentation of Product Manufa
cturing Information (PMI)---4.0---2014-10-13',
'CAx-IF Rec.Pracs.---3D Tessellated Geometry---0.4---2014-09-14','2;1',
'CAx-IF Rec.Pracs.---User Defined Attributes---1.5---2016-08-15'),
/* implementation_level */ '2;1');

FILE_NAME(
/* name */ 'Part Studio 1 - output shell + 2nd arm',
/* time_stamp */ '2026-09-23T17:26:01Z',
/* author */ (''),
/* organization */ (''),
/* preprocessor_version */ 'ST-DEVELOPER v20',
/* originating_system */ 'ONSHAPE BY PTC INC, 1.221',
/* authorisation */ '  ');

FILE_SCHEMA (('AP242_MANAGED_MODEL_BASED_3D_ENGINEERING_MIM_LF { 1 0 10303 442 3 1 4 }'));
ENDSEC;

DATA;
#10=SHAPE_REPRESENTATION_RELATIONSHIP('','',#1479,#11);
#11=ADVANCED_BREP_SHAPE_REPRESENTATION('',(#1477),#2588);
#12=CIRCLE('',#1483,0.006);
#13=CIRCLE('',#1484,0.006);
#14=CIRCLE('',#1487,0.006);
#15=CIRCLE('',#1488,0.006);
#16=CIRCLE('',#1491,0.006);
#17=CIRCLE('',#1492,0.006);
#18=CIRCLE('',#1495,0.006);
#19=CIRCLE('',#1496,0.006);
#20=CIRCLE('',#1499,0.006);
#21=CIRCLE('',#1500,0.006);
#22=CIRCLE('',#1503,0.006);
#23=CIRCLE('',#1504,0.006);
#24=CIRCLE('',#1507,0.006);
#25=CIRCLE('',#1508,0.006);
#26=CIRCLE('',#1511,0.006);
#27=CIRCLE('',#1512,0.006);
#28=CIRCLE('',#1515,0.006);
#29=CIRCLE('',#1516,0.006);
#30=CIRCLE('',#1519,0.006);
#31=CIRCLE('',#1520,0.006);
#32=CIRCLE('',#1523,0.006);
#33=CIRCLE('',#1524,0.006);
#34=CIRCLE('',#1527,0.006);
#35=CIRCLE('',#1528,0.006);
#36=CIRCLE('',#1530,0.0285);
#37=CIRCLE('',#1531,0.0285);
#38=CIRCLE('',#1533,0.0018);
#39=CIRCLE('',#1534,0.0018);
#40=CIRCLE('',#1536,0.0018);
#41=CIRCLE('',#1537,0.0018);
#42=CIRCLE('',#1540,0.0269);
#43=CIRCLE('',#1541,0.0269);
#44=CIRCLE('',#1543,0.002);
#45=CIRCLE('',#1544,0.0023515559316457);
#46=CIRCLE('',#1545,0.00236989094783603);
#47=CIRCLE('',#1546,0.002);
#48=CIRCLE('',#1547,0.0245);
#49=CIRCLE('',#1548,0.002);
#50=CIRCLE('',#1549,0.002);
#51=CIRCLE('',#1550,0.0245);
#52=CIRCLE('',#1551,0.002);
#53=CIRCLE('',#1552,0.0245);
#54=CIRCLE('',#1553,0.002);
#55=CIRCLE('',#1554,0.0245);
#56=CIRCLE('',#1555,0.002);
#57=CIRCLE('',#1556,0.0245);
#58=CIRCLE('',#1557,0.002);
#59=CIRCLE('',#1558,0.0245);
#60=CIRCLE('',#1559,0.002);
#61=CIRCLE('',#1560,0.0245);
#62=CIRCLE('',#1561,0.002);
#63=CIRCLE('',#1562,0.0245);
#64=CIRCLE('',#1563,0.002);
#65=CIRCLE('',#1564,0.0245);
#66=CIRCLE('',#1565,0.002);
#67=CIRCLE('',#1566,0.0245);
#68=CIRCLE('',#1567,0.002);
#69=CIRCLE('',#1568,0.0245);
#70=CIRCLE('',#1569,0.002);
#71=CIRCLE('',#1570,0.0245);
#72=CIRCLE('',#1571,0.002);
#73=CIRCLE('',#1572,0.0245);
#74=CIRCLE('',#1573,0.002);
#75=CIRCLE('',#1574,0.002);
#76=CIRCLE('',#1575,0.0245);
#77=CIRCLE('',#1576,0.025);
#78=CIRCLE('',#1578,0.0285);
#79=CIRCLE('',#1579,0.0285);
#80=CIRCLE('',#1580,0.0285);
#81=CIRCLE('',#1583,0.002);
#82=CIRCLE('',#1585,0.0245);
#83=CIRCLE('',#1587,0.002);
#84=CIRCLE('',#1589,0.0245);
#85=CIRCLE('',#1591,0.002);
#86=CIRCLE('',#1593,0.0245);
#87=CIRCLE('',#1595,0.002);
#88=CIRCLE('',#1597,0.0245);
#89=CIRCLE('',#1599,0.002);
#90=CIRCLE('',#1601,0.0245);
#91=CIRCLE('',#1603,0.002);
#92=CIRCLE('',#1605,0.0245);
#93=CIRCLE('',#1607,0.002);
#94=CIRCLE('',#1609,0.0245);
#95=CIRCLE('',#1611,0.002);
#96=CIRCLE('',#1613,0.0245);
#97=CIRCLE('',#1615,0.002);
#98=CIRCLE('',#1617,0.0245);
#99=CIRCLE('',#1619,0.002);
#100=CIRCLE('',#1621,0.0245);
#101=CIRCLE('',#1623,0.002);
#102=CIRCLE('',#1625,0.0245);
#103=CIRCLE('',#1627,0.002);
#104=CIRCLE('',#1629,0.0245);
#105=CIRCLE('',#1631,0.002);
#106=CIRCLE('',#1634,0.00236989094783603);
#107=CIRCLE('',#1636,0.0023515559316457);
#108=CIRCLE('',#1638,0.0269);
#109=CIRCLE('',#1639,0.0269);
#110=CIRCLE('',#1642,0.025);
#111=CIRCLE('',#1643,0.025);
#112=CIRCLE('',#1646,0.0245);
#113=CIRCLE('',#1648,0.002);
#114=CIRCLE('',#1650,0.002);
#115=CIRCLE('',#1652,0.002);
#116=CIRCLE('',#1654,0.0245);
#117=CIRCLE('',#1656,0.002);
#118=CIRCLE('',#1659,0.025);
#119=CIRCLE('',#1666,0.003);
#120=CIRCLE('',#1668,0.003);
#121=CYLINDRICAL_SURFACE('',#1482,0.006);
#122=CYLINDRICAL_SURFACE('',#1486,0.006);
#123=CYLINDRICAL_SURFACE('',#1490,0.006);
#124=CYLINDRICAL_SURFACE('',#1494,0.006);
#125=CYLINDRICAL_SURFACE('',#1498,0.006);
#126=CYLINDRICAL_SURFACE('',#1502,0.006);
#127=CYLINDRICAL_SURFACE('',#1506,0.006);
#128=CYLINDRICAL_SURFACE('',#1510,0.006);
#129=CYLINDRICAL_SURFACE('',#1514,0.006);
#130=CYLINDRICAL_SURFACE('',#1518,0.006);
#131=CYLINDRICAL_SURFACE('',#1522,0.006);
#132=CYLINDRICAL_SURFACE('',#1526,0.006);
#133=CYLINDRICAL_SURFACE('',#1529,0.0285);
#134=CYLINDRICAL_SURFACE('',#1532,0.0018);
#135=CYLINDRICAL_SURFACE('',#1535,0.0018);
#136=CYLINDRICAL_SURFACE('',#1539,0.0269);
#137=CYLINDRICAL_SURFACE('',#1577,0.0285);
#138=CYLINDRICAL_SURFACE('',#1582,0.002);
#139=CYLINDRICAL_SURFACE('',#1584,0.0245);
#140=CYLINDRICAL_SURFACE('',#1586,0.002);
#141=CYLINDRICAL_SURFACE('',#1588,0.0245);
#142=CYLINDRICAL_SURFACE('',#1590,0.002);
#143=CYLINDRICAL_SURFACE('',#1592,0.0245);
#144=CYLINDRICAL_SURFACE('',#1594,0.002);
#145=CYLINDRICAL_SURFACE('',#1596,0.0245);
#146=CYLINDRICAL_SURFACE('',#1598,0.002);
#147=CYLINDRICAL_SURFACE('',#1600,0.0245);
#148=CYLINDRICAL_SURFACE('',#1602,0.002);
#149=CYLINDRICAL_SURFACE('',#1604,0.0245);
#150=CYLINDRICAL_SURFACE('',#1606,0.002);
#151=CYLINDRICAL_SURFACE('',#1608,0.0245);
#152=CYLINDRICAL_SURFACE('',#1610,0.002);
#153=CYLINDRICAL_SURFACE('',#1612,0.0245);
#154=CYLINDRICAL_SURFACE('',#1614,0.002);
#155=CYLINDRICAL_SURFACE('',#1616,0.0245);
#156=CYLINDRICAL_SURFACE('',#1618,0.002);
#157=CYLINDRICAL_SURFACE('',#1620,0.0245);
#158=CYLINDRICAL_SURFACE('',#1622,0.002);
#159=CYLINDRICAL_SURFACE('',#1624,0.0245);
#160=CYLINDRICAL_SURFACE('',#1626,0.002);
#161=CYLINDRICAL_SURFACE('',#1628,0.0245);
#162=CYLINDRICAL_SURFACE('',#1630,0.002);
#163=CYLINDRICAL_SURFACE('',#1633,0.00236989094783603);
#164=CYLINDRICAL_SURFACE('',#1635,0.0023515559316457);
#165=CYLINDRICAL_SURFACE('',#1637,0.0269);
#166=CYLINDRICAL_SURFACE('',#1641,0.025);
#167=CYLINDRICAL_SURFACE('',#1645,0.0245);
#168=CYLINDRICAL_SURFACE('',#1647,0.002);
#169=CYLINDRICAL_SURFACE('',#1649,0.002);
#170=CYLINDRICAL_SURFACE('',#1651,0.002);
#171=CYLINDRICAL_SURFACE('',#1653,0.0245);
#172=CYLINDRICAL_SURFACE('',#1655,0.002);
#173=CYLINDRICAL_SURFACE('',#1658,0.025);
#174=CYLINDRICAL_SURFACE('',#1667,0.003);
#175=ORIENTED_EDGE('',*,*,#595,.F.);
#176=ORIENTED_EDGE('',*,*,#596,.F.);
#177=ORIENTED_EDGE('',*,*,#597,.T.);
#178=ORIENTED_EDGE('',*,*,#598,.F.);
#179=ORIENTED_EDGE('',*,*,#599,.T.);
#180=ORIENTED_EDGE('',*,*,#595,.T.);
#181=ORIENTED_EDGE('',*,*,#600,.T.);
#182=ORIENTED_EDGE('',*,*,#601,.F.);
#183=ORIENTED_EDGE('',*,*,#602,.F.);
#184=ORIENTED_EDGE('',*,*,#603,.F.);
#185=ORIENTED_EDGE('',*,*,#601,.T.);
#186=ORIENTED_EDGE('',*,*,#604,.F.);
#187=ORIENTED_EDGE('',*,*,#605,.T.);
#188=ORIENTED_EDGE('',*,*,#602,.T.);
#189=ORIENTED_EDGE('',*,*,#606,.T.);
#190=ORIENTED_EDGE('',*,*,#607,.F.);
#191=ORIENTED_EDGE('',*,*,#608,.F.);
#192=ORIENTED_EDGE('',*,*,#609,.F.);
#193=ORIENTED_EDGE('',*,*,#607,.T.);
#194=ORIENTED_EDGE('',*,*,#610,.F.);
#195=ORIENTED_EDGE('',*,*,#611,.T.);
#196=ORIENTED_EDGE('',*,*,#608,.T.);
#197=ORIENTED_EDGE('',*,*,#612,.T.);
#198=ORIENTED_EDGE('',*,*,#613,.F.);
#199=ORIENTED_EDGE('',*,*,#614,.F.);
#200=ORIENTED_EDGE('',*,*,#615,.F.);
#201=ORIENTED_EDGE('',*,*,#613,.T.);
#202=ORIENTED_EDGE('',*,*,#616,.F.);
#203=ORIENTED_EDGE('',*,*,#617,.T.);
#204=ORIENTED_EDGE('',*,*,#614,.T.);
#205=ORIENTED_EDGE('',*,*,#618,.T.);
#206=ORIENTED_EDGE('',*,*,#597,.F.);
#207=ORIENTED_EDGE('',*,*,#619,.F.);
#208=ORIENTED_EDGE('',*,*,#620,.F.);
#209=ORIENTED_EDGE('',*,*,#621,.T.);
#210=ORIENTED_EDGE('',*,*,#622,.F.);
#211=ORIENTED_EDGE('',*,*,#623,.T.);
#212=ORIENTED_EDGE('',*,*,#619,.T.);
#213=ORIENTED_EDGE('',*,*,#624,.T.);
#214=ORIENTED_EDGE('',*,*,#625,.F.);
#215=ORIENTED_EDGE('',*,*,#626,.F.);
#216=ORIENTED_EDGE('',*,*,#627,.F.);
#217=ORIENTED_EDGE('',*,*,#625,.T.);
#218=ORIENTED_EDGE('',*,*,#628,.F.);
#219=ORIENTED_EDGE('',*,*,#629,.T.);
#220=ORIENTED_EDGE('',*,*,#626,.T.);
#221=ORIENTED_EDGE('',*,*,#630,.T.);
#222=ORIENTED_EDGE('',*,*,#631,.F.);
#223=ORIENTED_EDGE('',*,*,#632,.F.);
#224=ORIENTED_EDGE('',*,*,#633,.F.);
#225=ORIENTED_EDGE('',*,*,#631,.T.);
#226=ORIENTED_EDGE('',*,*,#634,.F.);
#227=ORIENTED_EDGE('',*,*,#635,.T.);
#228=ORIENTED_EDGE('',*,*,#632,.T.);
#229=ORIENTED_EDGE('',*,*,#636,.T.);
#230=ORIENTED_EDGE('',*,*,#637,.F.);
#231=ORIENTED_EDGE('',*,*,#638,.F.);
#232=ORIENTED_EDGE('',*,*,#639,.F.);
#233=ORIENTED_EDGE('',*,*,#637,.T.);
#234=ORIENTED_EDGE('',*,*,#640,.F.);
#235=ORIENTED_EDGE('',*,*,#641,.T.);
#236=ORIENTED_EDGE('',*,*,#638,.T.);
#237=ORIENTED_EDGE('',*,*,#642,.T.);
#238=ORIENTED_EDGE('',*,*,#621,.F.);
#239=ORIENTED_EDGE('',*,*,#643,.F.);
#240=ORIENTED_EDGE('',*,*,#644,.F.);
#241=ORIENTED_EDGE('',*,*,#645,.T.);
#242=ORIENTED_EDGE('',*,*,#646,.F.);
#243=ORIENTED_EDGE('',*,*,#647,.T.);
#244=ORIENTED_EDGE('',*,*,#643,.T.);
#245=ORIENTED_EDGE('',*,*,#648,.T.);
#246=ORIENTED_EDGE('',*,*,#649,.F.);
#247=ORIENTED_EDGE('',*,*,#650,.F.);
#248=ORIENTED_EDGE('',*,*,#651,.F.);
#249=ORIENTED_EDGE('',*,*,#649,.T.);
#250=ORIENTED_EDGE('',*,*,#652,.F.);
#251=ORIENTED_EDGE('',*,*,#653,.T.);
#252=ORIENTED_EDGE('',*,*,#650,.T.);
#253=ORIENTED_EDGE('',*,*,#654,.T.);
#254=ORIENTED_EDGE('',*,*,#655,.F.);
#255=ORIENTED_EDGE('',*,*,#656,.F.);
#256=ORIENTED_EDGE('',*,*,#657,.F.);
#257=ORIENTED_EDGE('',*,*,#655,.T.);
#258=ORIENTED_EDGE('',*,*,#658,.F.);
#259=ORIENTED_EDGE('',*,*,#659,.T.);
#260=ORIENTED_EDGE('',*,*,#656,.T.);
#261=ORIENTED_EDGE('',*,*,#660,.T.);
#262=ORIENTED_EDGE('',*,*,#661,.F.);
#263=ORIENTED_EDGE('',*,*,#662,.F.);
#264=ORIENTED_EDGE('',*,*,#663,.F.);
#265=ORIENTED_EDGE('',*,*,#661,.T.);
#266=ORIENTED_EDGE('',*,*,#664,.F.);
#267=ORIENTED_EDGE('',*,*,#665,.T.);
#268=ORIENTED_EDGE('',*,*,#662,.T.);
#269=ORIENTED_EDGE('',*,*,#666,.T.);
#270=ORIENTED_EDGE('',*,*,#645,.F.);
#271=ORIENTED_EDGE('',*,*,#667,.F.);
#272=ORIENTED_EDGE('',*,*,#668,.T.);
#273=ORIENTED_EDGE('',*,*,#669,.T.);
#274=ORIENTED_EDGE('',*,*,#670,.F.);
#275=ORIENTED_EDGE('',*,*,#671,.T.);
#276=ORIENTED_EDGE('',*,*,#672,.T.);
#277=ORIENTED_EDGE('',*,*,#673,.T.);
#278=ORIENTED_EDGE('',*,*,#674,.T.);
#279=ORIENTED_EDGE('',*,*,#669,.F.);
#280=ORIENTED_EDGE('',*,*,#675,.T.);
#281=ORIENTED_EDGE('',*,*,#676,.T.);
#282=ORIENTED_EDGE('',*,*,#677,.F.);
#283=ORIENTED_EDGE('',*,*,#678,.F.);
#284=ORIENTED_EDGE('',*,*,#679,.T.);
#285=ORIENTED_EDGE('',*,*,#680,.T.);
#286=ORIENTED_EDGE('',*,*,#681,.T.);
#287=ORIENTED_EDGE('',*,*,#682,.T.);
#288=ORIENTED_EDGE('',*,*,#683,.T.);
#289=ORIENTED_EDGE('',*,*,#684,.F.);
#290=ORIENTED_EDGE('',*,*,#685,.T.);
#291=ORIENTED_EDGE('',*,*,#686,.T.);
#292=ORIENTED_EDGE('',*,*,#687,.T.);
#293=ORIENTED_EDGE('',*,*,#688,.F.);
#294=ORIENTED_EDGE('',*,*,#689,.T.);
#295=ORIENTED_EDGE('',*,*,#690,.F.);
#296=ORIENTED_EDGE('',*,*,#691,.T.);
#297=ORIENTED_EDGE('',*,*,#692,.F.);
#298=ORIENTED_EDGE('',*,*,#693,.T.);
#299=ORIENTED_EDGE('',*,*,#694,.F.);
#300=ORIENTED_EDGE('',*,*,#695,.T.);
#301=ORIENTED_EDGE('',*,*,#696,.F.);
#302=ORIENTED_EDGE('',*,*,#697,.T.);
#303=ORIENTED_EDGE('',*,*,#698,.F.);
#304=ORIENTED_EDGE('',*,*,#699,.T.);
#305=ORIENTED_EDGE('',*,*,#700,.F.);
#306=ORIENTED_EDGE('',*,*,#701,.T.);
#307=ORIENTED_EDGE('',*,*,#702,.F.);
#308=ORIENTED_EDGE('',*,*,#703,.T.);
#309=ORIENTED_EDGE('',*,*,#704,.F.);
#310=ORIENTED_EDGE('',*,*,#705,.T.);
#311=ORIENTED_EDGE('',*,*,#706,.F.);
#312=ORIENTED_EDGE('',*,*,#707,.T.);
#313=ORIENTED_EDGE('',*,*,#708,.F.);
#314=ORIENTED_EDGE('',*,*,#709,.T.);
#315=ORIENTED_EDGE('',*,*,#710,.F.);
#316=ORIENTED_EDGE('',*,*,#711,.T.);
#317=ORIENTED_EDGE('',*,*,#712,.T.);
#318=ORIENTED_EDGE('',*,*,#713,.T.);
#319=ORIENTED_EDGE('',*,*,#714,.F.);
#320=ORIENTED_EDGE('',*,*,#715,.F.);
#321=ORIENTED_EDGE('',*,*,#716,.F.);
#322=ORIENTED_EDGE('',*,*,#717,.F.);
#323=ORIENTED_EDGE('',*,*,#718,.T.);
#324=ORIENTED_EDGE('',*,*,#719,.T.);
#325=ORIENTED_EDGE('',*,*,#720,.T.);
#326=ORIENTED_EDGE('',*,*,#721,.T.);
#327=ORIENTED_EDGE('',*,*,#722,.T.);
#328=ORIENTED_EDGE('',*,*,#723,.F.);
#329=ORIENTED_EDGE('',*,*,#712,.F.);
#330=ORIENTED_EDGE('',*,*,#724,.T.);
#331=ORIENTED_EDGE('',*,*,#725,.T.);
#332=ORIENTED_EDGE('',*,*,#721,.F.);
#333=ORIENTED_EDGE('',*,*,#711,.F.);
#334=ORIENTED_EDGE('',*,*,#710,.T.);
#335=ORIENTED_EDGE('',*,*,#726,.F.);
#336=ORIENTED_EDGE('',*,*,#727,.F.);
#337=ORIENTED_EDGE('',*,*,#724,.F.);
#338=ORIENTED_EDGE('',*,*,#728,.T.);
#339=ORIENTED_EDGE('',*,*,#729,.T.);
#340=ORIENTED_EDGE('',*,*,#726,.T.);
#341=ORIENTED_EDGE('',*,*,#709,.F.);
#342=ORIENTED_EDGE('',*,*,#708,.T.);
#343=ORIENTED_EDGE('',*,*,#730,.F.);
#344=ORIENTED_EDGE('',*,*,#731,.F.);
#345=ORIENTED_EDGE('',*,*,#728,.F.);
#346=ORIENTED_EDGE('',*,*,#732,.T.);
#347=ORIENTED_EDGE('',*,*,#733,.T.);
#348=ORIENTED_EDGE('',*,*,#730,.T.);
#349=ORIENTED_EDGE('',*,*,#707,.F.);
#350=ORIENTED_EDGE('',*,*,#706,.T.);
#351=ORIENTED_EDGE('',*,*,#734,.F.);
#352=ORIENTED_EDGE('',*,*,#735,.F.);
#353=ORIENTED_EDGE('',*,*,#732,.F.);
#354=ORIENTED_EDGE('',*,*,#736,.T.);
#355=ORIENTED_EDGE('',*,*,#737,.T.);
#356=ORIENTED_EDGE('',*,*,#734,.T.);
#357=ORIENTED_EDGE('',*,*,#705,.F.);
#358=ORIENTED_EDGE('',*,*,#704,.T.);
#359=ORIENTED_EDGE('',*,*,#738,.F.);
#360=ORIENTED_EDGE('',*,*,#739,.F.);
#361=ORIENTED_EDGE('',*,*,#736,.F.);
#362=ORIENTED_EDGE('',*,*,#740,.T.);
#363=ORIENTED_EDGE('',*,*,#741,.T.);
#364=ORIENTED_EDGE('',*,*,#738,.T.);
#365=ORIENTED_EDGE('',*,*,#703,.F.);
#366=ORIENTED_EDGE('',*,*,#702,.T.);
#367=ORIENTED_EDGE('',*,*,#742,.F.);
#368=ORIENTED_EDGE('',*,*,#743,.F.);
#369=ORIENTED_EDGE('',*,*,#740,.F.);
#370=ORIENTED_EDGE('',*,*,#744,.T.);
#371=ORIENTED_EDGE('',*,*,#745,.T.);
#372=ORIENTED_EDGE('',*,*,#742,.T.);
#373=ORIENTED_EDGE('',*,*,#701,.F.);
#374=ORIENTED_EDGE('',*,*,#700,.T.);
#375=ORIENTED_EDGE('',*,*,#746,.F.);
#376=ORIENTED_EDGE('',*,*,#747,.F.);
#377=ORIENTED_EDGE('',*,*,#744,.F.);
#378=ORIENTED_EDGE('',*,*,#748,.T.);
#379=ORIENTED_EDGE('',*,*,#749,.T.);
#380=ORIENTED_EDGE('',*,*,#746,.T.);
#381=ORIENTED_EDGE('',*,*,#699,.F.);
#382=ORIENTED_EDGE('',*,*,#698,.T.);
#383=ORIENTED_EDGE('',*,*,#750,.F.);
#384=ORIENTED_EDGE('',*,*,#751,.F.);
#385=ORIENTED_EDGE('',*,*,#748,.F.);
#386=ORIENTED_EDGE('',*,*,#752,.T.);
#387=ORIENTED_EDGE('',*,*,#753,.T.);
#388=ORIENTED_EDGE('',*,*,#750,.T.);
#389=ORIENTED_EDGE('',*,*,#697,.F.);
#390=ORIENTED_EDGE('',*,*,#754,.T.);
#391=ORIENTED_EDGE('',*,*,#755,.F.);
#392=ORIENTED_EDGE('',*,*,#752,.F.);
#393=ORIENTED_EDGE('',*,*,#696,.T.);
#394=ORIENTED_EDGE('',*,*,#695,.F.);
#395=ORIENTED_EDGE('',*,*,#756,.F.);
#396=ORIENTED_EDGE('',*,*,#757,.T.);
#397=ORIENTED_EDGE('',*,*,#754,.F.);
#398=ORIENTED_EDGE('',*,*,#758,.T.);
#399=ORIENTED_EDGE('',*,*,#759,.F.);
#400=ORIENTED_EDGE('',*,*,#756,.T.);
#401=ORIENTED_EDGE('',*,*,#694,.T.);
#402=ORIENTED_EDGE('',*,*,#693,.F.);
#403=ORIENTED_EDGE('',*,*,#760,.F.);
#404=ORIENTED_EDGE('',*,*,#761,.T.);
#405=ORIENTED_EDGE('',*,*,#758,.F.);
#406=ORIENTED_EDGE('',*,*,#762,.T.);
#407=ORIENTED_EDGE('',*,*,#763,.F.);
#408=ORIENTED_EDGE('',*,*,#760,.T.);
#409=ORIENTED_EDGE('',*,*,#692,.T.);
#410=ORIENTED_EDGE('',*,*,#691,.F.);
#411=ORIENTED_EDGE('',*,*,#764,.F.);
#412=ORIENTED_EDGE('',*,*,#765,.T.);
#413=ORIENTED_EDGE('',*,*,#762,.F.);
#414=ORIENTED_EDGE('',*,*,#766,.T.);
#415=ORIENTED_EDGE('',*,*,#767,.F.);
#416=ORIENTED_EDGE('',*,*,#764,.T.);
#417=ORIENTED_EDGE('',*,*,#690,.T.);
#418=ORIENTED_EDGE('',*,*,#689,.F.);
#419=ORIENTED_EDGE('',*,*,#768,.F.);
#420=ORIENTED_EDGE('',*,*,#769,.T.);
#421=ORIENTED_EDGE('',*,*,#766,.F.);
#422=ORIENTED_EDGE('',*,*,#770,.T.);
#423=ORIENTED_EDGE('',*,*,#771,.F.);
#424=ORIENTED_EDGE('',*,*,#768,.T.);
#425=ORIENTED_EDGE('',*,*,#688,.T.);
#426=ORIENTED_EDGE('',*,*,#772,.T.);
#427=ORIENTED_EDGE('',*,*,#773,.T.);
#428=ORIENTED_EDGE('',*,*,#770,.F.);
#429=ORIENTED_EDGE('',*,*,#687,.F.);
#430=ORIENTED_EDGE('',*,*,#774,.T.);
#431=ORIENTED_EDGE('',*,*,#775,.T.);
#432=ORIENTED_EDGE('',*,*,#772,.F.);
#433=ORIENTED_EDGE('',*,*,#686,.F.);
#434=ORIENTED_EDGE('',*,*,#776,.T.);
#435=ORIENTED_EDGE('',*,*,#777,.T.);
#436=ORIENTED_EDGE('',*,*,#778,.F.);
#437=ORIENTED_EDGE('',*,*,#682,.F.);
#438=ORIENTED_EDGE('',*,*,#779,.T.);
#439=ORIENTED_EDGE('',*,*,#780,.T.);
#440=ORIENTED_EDGE('',*,*,#776,.F.);
#441=ORIENTED_EDGE('',*,*,#681,.F.);
#442=ORIENTED_EDGE('',*,*,#781,.T.);
#443=ORIENTED_EDGE('',*,*,#782,.F.);
#444=ORIENTED_EDGE('',*,*,#782,.T.);
#445=ORIENTED_EDGE('',*,*,#720,.F.);
#446=ORIENTED_EDGE('',*,*,#783,.T.);
#447=ORIENTED_EDGE('',*,*,#784,.F.);
#448=ORIENTED_EDGE('',*,*,#783,.F.);
#449=ORIENTED_EDGE('',*,*,#781,.F.);
#450=ORIENTED_EDGE('',*,*,#785,.F.);
#451=ORIENTED_EDGE('',*,*,#786,.T.);
#452=ORIENTED_EDGE('',*,*,#787,.T.);
#453=ORIENTED_EDGE('',*,*,#714,.T.);
#454=ORIENTED_EDGE('',*,*,#788,.F.);
#455=ORIENTED_EDGE('',*,*,#779,.F.);
#456=ORIENTED_EDGE('',*,*,#680,.F.);
#457=ORIENTED_EDGE('',*,*,#787,.F.);
#458=ORIENTED_EDGE('',*,*,#723,.T.);
#459=ORIENTED_EDGE('',*,*,#789,.F.);
#460=ORIENTED_EDGE('',*,*,#785,.T.);
#461=ORIENTED_EDGE('',*,*,#713,.F.);
#462=ORIENTED_EDGE('',*,*,#778,.T.);
#463=ORIENTED_EDGE('',*,*,#790,.F.);
#464=ORIENTED_EDGE('',*,*,#791,.T.);
#465=ORIENTED_EDGE('',*,*,#683,.F.);
#466=ORIENTED_EDGE('',*,*,#791,.F.);
#467=ORIENTED_EDGE('',*,*,#792,.T.);
#468=ORIENTED_EDGE('',*,*,#793,.T.);
#469=ORIENTED_EDGE('',*,*,#684,.T.);
#470=ORIENTED_EDGE('',*,*,#794,.F.);
#471=ORIENTED_EDGE('',*,*,#774,.F.);
#472=ORIENTED_EDGE('',*,*,#685,.F.);
#473=ORIENTED_EDGE('',*,*,#793,.F.);
#474=ORIENTED_EDGE('',*,*,#789,.T.);
#475=ORIENTED_EDGE('',*,*,#722,.F.);
#476=ORIENTED_EDGE('',*,*,#725,.F.);
#477=ORIENTED_EDGE('',*,*,#727,.T.);
#478=ORIENTED_EDGE('',*,*,#729,.F.);
#479=ORIENTED_EDGE('',*,*,#731,.T.);
#480=ORIENTED_EDGE('',*,*,#733,.F.);
#481=ORIENTED_EDGE('',*,*,#735,.T.);
#482=ORIENTED_EDGE('',*,*,#737,.F.);
#483=ORIENTED_EDGE('',*,*,#739,.T.);
#484=ORIENTED_EDGE('',*,*,#741,.F.);
#485=ORIENTED_EDGE('',*,*,#743,.T.);
#486=ORIENTED_EDGE('',*,*,#745,.F.);
#487=ORIENTED_EDGE('',*,*,#747,.T.);
#488=ORIENTED_EDGE('',*,*,#749,.F.);
#489=ORIENTED_EDGE('',*,*,#751,.T.);
#490=ORIENTED_EDGE('',*,*,#753,.F.);
#491=ORIENTED_EDGE('',*,*,#755,.T.);
#492=ORIENTED_EDGE('',*,*,#757,.F.);
#493=ORIENTED_EDGE('',*,*,#759,.T.);
#494=ORIENTED_EDGE('',*,*,#761,.F.);
#495=ORIENTED_EDGE('',*,*,#763,.T.);
#496=ORIENTED_EDGE('',*,*,#765,.F.);
#497=ORIENTED_EDGE('',*,*,#767,.T.);
#498=ORIENTED_EDGE('',*,*,#769,.F.);
#499=ORIENTED_EDGE('',*,*,#771,.T.);
#500=ORIENTED_EDGE('',*,*,#773,.F.);
#501=ORIENTED_EDGE('',*,*,#775,.F.);
#502=ORIENTED_EDGE('',*,*,#794,.T.);
#503=ORIENTED_EDGE('',*,*,#792,.F.);
#504=ORIENTED_EDGE('',*,*,#790,.T.);
#505=ORIENTED_EDGE('',*,*,#777,.F.);
#506=ORIENTED_EDGE('',*,*,#780,.F.);
#507=ORIENTED_EDGE('',*,*,#788,.T.);
#508=ORIENTED_EDGE('',*,*,#786,.F.);
#509=ORIENTED_EDGE('',*,*,#784,.T.);
#510=ORIENTED_EDGE('',*,*,#795,.F.);
#511=ORIENTED_EDGE('',*,*,#715,.T.);
#512=ORIENTED_EDGE('',*,*,#795,.T.);
#513=ORIENTED_EDGE('',*,*,#678,.T.);
#514=ORIENTED_EDGE('',*,*,#679,.F.);
#515=ORIENTED_EDGE('',*,*,#717,.T.);
#516=ORIENTED_EDGE('',*,*,#796,.T.);
#517=ORIENTED_EDGE('',*,*,#797,.T.);
#518=ORIENTED_EDGE('',*,*,#670,.T.);
#519=ORIENTED_EDGE('',*,*,#677,.T.);
#520=ORIENTED_EDGE('',*,*,#798,.F.);
#521=ORIENTED_EDGE('',*,*,#673,.F.);
#522=ORIENTED_EDGE('',*,*,#671,.F.);
#523=ORIENTED_EDGE('',*,*,#622,.T.);
#524=ORIENTED_EDGE('',*,*,#642,.F.);
#525=ORIENTED_EDGE('',*,*,#640,.T.);
#526=ORIENTED_EDGE('',*,*,#636,.F.);
#527=ORIENTED_EDGE('',*,*,#634,.T.);
#528=ORIENTED_EDGE('',*,*,#630,.F.);
#529=ORIENTED_EDGE('',*,*,#628,.T.);
#530=ORIENTED_EDGE('',*,*,#624,.F.);
#531=ORIENTED_EDGE('',*,*,#598,.T.);
#532=ORIENTED_EDGE('',*,*,#618,.F.);
#533=ORIENTED_EDGE('',*,*,#616,.T.);
#534=ORIENTED_EDGE('',*,*,#612,.F.);
#535=ORIENTED_EDGE('',*,*,#610,.T.);
#536=ORIENTED_EDGE('',*,*,#606,.F.);
#537=ORIENTED_EDGE('',*,*,#604,.T.);
#538=ORIENTED_EDGE('',*,*,#600,.F.);
#539=ORIENTED_EDGE('',*,*,#646,.T.);
#540=ORIENTED_EDGE('',*,*,#666,.F.);
#541=ORIENTED_EDGE('',*,*,#664,.T.);
#542=ORIENTED_EDGE('',*,*,#660,.F.);
#543=ORIENTED_EDGE('',*,*,#658,.T.);
#544=ORIENTED_EDGE('',*,*,#654,.F.);
#545=ORIENTED_EDGE('',*,*,#652,.T.);
#546=ORIENTED_EDGE('',*,*,#648,.F.);
#547=ORIENTED_EDGE('',*,*,#799,.F.);
#548=ORIENTED_EDGE('',*,*,#718,.F.);
#549=ORIENTED_EDGE('',*,*,#798,.T.);
#550=ORIENTED_EDGE('',*,*,#676,.F.);
#551=ORIENTED_EDGE('',*,*,#716,.T.);
#552=ORIENTED_EDGE('',*,*,#800,.T.);
#553=ORIENTED_EDGE('',*,*,#801,.T.);
#554=ORIENTED_EDGE('',*,*,#796,.F.);
#555=ORIENTED_EDGE('',*,*,#801,.F.);
#556=ORIENTED_EDGE('',*,*,#802,.T.);
#557=ORIENTED_EDGE('',*,*,#667,.T.);
#558=ORIENTED_EDGE('',*,*,#797,.F.);
#559=ORIENTED_EDGE('',*,*,#803,.F.);
#560=ORIENTED_EDGE('',*,*,#674,.F.);
#561=ORIENTED_EDGE('',*,*,#672,.F.);
#562=ORIENTED_EDGE('',*,*,#802,.F.);
#563=ORIENTED_EDGE('',*,*,#800,.F.);
#564=ORIENTED_EDGE('',*,*,#719,.F.);
#565=ORIENTED_EDGE('',*,*,#799,.T.);
#566=ORIENTED_EDGE('',*,*,#675,.F.);
#567=ORIENTED_EDGE('',*,*,#668,.F.);
#568=ORIENTED_EDGE('',*,*,#617,.F.);
#569=ORIENTED_EDGE('',*,*,#596,.T.);
#570=ORIENTED_EDGE('',*,*,#599,.F.);
#571=ORIENTED_EDGE('',*,*,#603,.T.);
#572=ORIENTED_EDGE('',*,*,#605,.F.);
#573=ORIENTED_EDGE('',*,*,#609,.T.);
#574=ORIENTED_EDGE('',*,*,#611,.F.);
#575=ORIENTED_EDGE('',*,*,#615,.T.);
#576=ORIENTED_EDGE('',*,*,#641,.F.);
#577=ORIENTED_EDGE('',*,*,#620,.T.);
#578=ORIENTED_EDGE('',*,*,#623,.F.);
#579=ORIENTED_EDGE('',*,*,#627,.T.);
#580=ORIENTED_EDGE('',*,*,#629,.F.);
#581=ORIENTED_EDGE('',*,*,#633,.T.);
#582=ORIENTED_EDGE('',*,*,#635,.F.);
#583=ORIENTED_EDGE('',*,*,#639,.T.);
#584=ORIENTED_EDGE('',*,*,#665,.F.);
#585=ORIENTED_EDGE('',*,*,#644,.T.);
#586=ORIENTED_EDGE('',*,*,#647,.F.);
#587=ORIENTED_EDGE('',*,*,#651,.T.);
#588=ORIENTED_EDGE('',*,*,#653,.F.);
#589=ORIENTED_EDGE('',*,*,#657,.T.);
#590=ORIENTED_EDGE('',*,*,#659,.F.);
#591=ORIENTED_EDGE('',*,*,#663,.T.);
#592=ORIENTED_EDGE('',*,*,#804,.F.);
#593=ORIENTED_EDGE('',*,*,#803,.T.);
#594=ORIENTED_EDGE('',*,*,#804,.T.);
#595=EDGE_CURVE('',#805,#806,#950,.T.);
#596=EDGE_CURVE('',#807,#805,#951,.T.);
#597=EDGE_CURVE('',#807,#808,#952,.T.);
#598=EDGE_CURVE('',#806,#808,#953,.T.);
#599=EDGE_CURVE('',#809,#805,#12,.T.);
#600=EDGE_CURVE('',#806,#810,#13,.T.);
#601=EDGE_CURVE('',#809,#810,#954,.T.);
#602=EDGE_CURVE('',#811,#812,#955,.T.);
#603=EDGE_CURVE('',#809,#811,#956,.T.);
#604=EDGE_CURVE('',#812,#810,#957,.T.);
#605=EDGE_CURVE('',#813,#811,#14,.T.);
#606=EDGE_CURVE('',#812,#814,#15,.T.);
#607=EDGE_CURVE('',#813,#814,#958,.T.);
#608=EDGE_CURVE('',#815,#816,#959,.T.);
#609=EDGE_CURVE('',#813,#815,#960,.T.);
#610=EDGE_CURVE('',#816,#814,#961,.T.);
#611=EDGE_CURVE('',#817,#815,#16,.T.);
#612=EDGE_CURVE('',#816,#818,#17,.T.);
#613=EDGE_CURVE('',#817,#818,#962,.T.);
#614=EDGE_CURVE('',#819,#820,#963,.T.);
#615=EDGE_CURVE('',#817,#819,#964,.T.);
#616=EDGE_CURVE('',#820,#818,#965,.T.);
#617=EDGE_CURVE('',#807,#819,#18,.T.);
#618=EDGE_CURVE('',#820,#808,#19,.T.);
#619=EDGE_CURVE('',#821,#822,#966,.T.);
#620=EDGE_CURVE('',#823,#821,#967,.T.);
#621=EDGE_CURVE('',#823,#824,#968,.T.);
#622=EDGE_CURVE('',#822,#824,#969,.T.);
#623=EDGE_CURVE('',#825,#821,#20,.T.);
#624=EDGE_CURVE('',#822,#826,#21,.T.);
#625=EDGE_CURVE('',#825,#826,#970,.T.);
#626=EDGE_CURVE('',#827,#828,#971,.T.);
#627=EDGE_CURVE('',#825,#827,#972,.T.);
#628=EDGE_CURVE('',#828,#826,#973,.T.);
#629=EDGE_CURVE('',#829,#827,#22,.T.);
#630=EDGE_CURVE('',#828,#830,#23,.T.);
#631=EDGE_CURVE('',#829,#830,#974,.T.);
#632=EDGE_CURVE('',#831,#832,#975,.T.);
#633=EDGE_CURVE('',#829,#831,#976,.T.);
#634=EDGE_CURVE('',#832,#830,#977,.T.);
#635=EDGE_CURVE('',#833,#831,#24,.T.);
#636=EDGE_CURVE('',#832,#834,#25,.T.);
#637=EDGE_CURVE('',#833,#834,#978,.T.);
#638=EDGE_CURVE('',#835,#836,#979,.T.);
#639=EDGE_CURVE('',#833,#835,#980,.T.);
#640=EDGE_CURVE('',#836,#834,#981,.T.);
#641=EDGE_CURVE('',#823,#835,#26,.T.);
#642=EDGE_CURVE('',#836,#824,#27,.T.);
#643=EDGE_CURVE('',#837,#838,#982,.T.);
#644=EDGE_CURVE('',#839,#837,#983,.T.);
#645=EDGE_CURVE('',#839,#840,#984,.T.);
#646=EDGE_CURVE('',#838,#840,#985,.T.);
#647=EDGE_CURVE('',#841,#837,#28,.T.);
#648=EDGE_CURVE('',#838,#842,#29,.T.);
#649=EDGE_CURVE('',#841,#842,#986,.T.);
#650=EDGE_CURVE('',#843,#844,#987,.T.);
#651=EDGE_CURVE('',#841,#843,#988,.T.);
#652=EDGE_CURVE('',#844,#842,#989,.T.);
#653=EDGE_CURVE('',#845,#843,#30,.T.);
#654=EDGE_CURVE('',#844,#846,#31,.T.);
#655=EDGE_CURVE('',#845,#846,#990,.T.);
#656=EDGE_CURVE('',#847,#848,#991,.T.);
#657=EDGE_CURVE('',#845,#847,#992,.T.);
#658=EDGE_CURVE('',#848,#846,#993,.T.);
#659=EDGE_CURVE('',#849,#847,#32,.T.);
#660=EDGE_CURVE('',#848,#850,#33,.T.);
#661=EDGE_CURVE('',#849,#850,#994,.T.);
#662=EDGE_CURVE('',#851,#852,#995,.T.);
#663=EDGE_CURVE('',#849,#851,#996,.T.);
#664=EDGE_CURVE('',#852,#850,#997,.T.);
#665=EDGE_CURVE('',#839,#851,#34,.T.);
#666=EDGE_CURVE('',#852,#840,#35,.T.);
#667=EDGE_CURVE('',#853,#854,#998,.T.);
#668=EDGE_CURVE('',#853,#855,#36,.T.);
#669=EDGE_CURVE('',#855,#856,#999,.T.);
#670=EDGE_CURVE('',#854,#856,#37,.T.);
#671=EDGE_CURVE('',#857,#857,#38,.T.);
#672=EDGE_CURVE('',#858,#858,#39,.T.);
#673=EDGE_CURVE('',#859,#859,#40,.T.);
#674=EDGE_CURVE('',#860,#860,#41,.T.);
#675=EDGE_CURVE('',#855,#861,#1000,.T.);
#676=EDGE_CURVE('',#861,#862,#1001,.T.);
#677=EDGE_CURVE('',#856,#862,#1002,.T.);
#678=EDGE_CURVE('',#863,#863,#42,.T.);
#679=EDGE_CURVE('',#864,#864,#43,.T.);
#680=EDGE_CURVE('',#865,#866,#44,.T.);
#681=EDGE_CURVE('',#866,#867,#45,.F.);
#682=EDGE_CURVE('',#867,#868,#46,.F.);
#683=EDGE_CURVE('',#868,#869,#47,.T.);
#684=EDGE_CURVE('',#870,#869,#48,.T.);
#685=EDGE_CURVE('',#870,#871,#49,.T.);
#686=EDGE_CURVE('',#871,#872,#1003,.T.);
#687=EDGE_CURVE('',#872,#873,#50,.T.);
#688=EDGE_CURVE('',#874,#873,#51,.T.);
#689=EDGE_CURVE('',#874,#875,#52,.T.);
#690=EDGE_CURVE('',#876,#875,#53,.T.);
#691=EDGE_CURVE('',#876,#877,#54,.T.);
#692=EDGE_CURVE('',#878,#877,#55,.T.);
#693=EDGE_CURVE('',#878,#879,#56,.T.);
#694=EDGE_CURVE('',#880,#879,#57,.T.);
#695=EDGE_CURVE('',#880,#881,#58,.T.);
#696=EDGE_CURVE('',#882,#881,#59,.T.);
#697=EDGE_CURVE('',#882,#883,#60,.T.);
#698=EDGE_CURVE('',#884,#883,#61,.T.);
#699=EDGE_CURVE('',#884,#885,#62,.T.);
#700=EDGE_CURVE('',#886,#885,#63,.T.);
#701=EDGE_CURVE('',#886,#887,#64,.T.);
#702=EDGE_CURVE('',#888,#887,#65,.T.);
#703=EDGE_CURVE('',#888,#889,#66,.T.);
#704=EDGE_CURVE('',#890,#889,#67,.T.);
#705=EDGE_CURVE('',#890,#891,#68,.T.);
#706=EDGE_CURVE('',#892,#891,#69,.T.);
#707=EDGE_CURVE('',#892,#893,#70,.T.);
#708=EDGE_CURVE('',#894,#893,#71,.T.);
#709=EDGE_CURVE('',#894,#895,#72,.T.);
#710=EDGE_CURVE('',#896,#895,#73,.T.);
#711=EDGE_CURVE('',#896,#897,#74,.T.);
#712=EDGE_CURVE('',#897,#898,#1004,.T.);
#713=EDGE_CURVE('',#898,#899,#75,.T.);
#714=EDGE_CURVE('',#865,#899,#76,.T.);
#715=EDGE_CURVE('',#900,#900,#77,.T.);
#716=EDGE_CURVE('',#901,#902,#1005,.T.);
#717=EDGE_CURVE('',#903,#901,#78,.T.);
#718=EDGE_CURVE('',#903,#904,#1006,.T.);
#719=EDGE_CURVE('',#904,#902,#79,.T.);
#720=EDGE_CURVE('',#905,#905,#80,.T.);
#721=EDGE_CURVE('',#897,#906,#1007,.T.);
#722=EDGE_CURVE('',#906,#907,#1008,.T.);
#723=EDGE_CURVE('',#898,#907,#1009,.T.);
#724=EDGE_CURVE('',#896,#908,#1010,.T.);
#725=EDGE_CURVE('',#908,#906,#81,.T.);
#726=EDGE_CURVE('',#909,#895,#1011,.F.);
#727=EDGE_CURVE('',#908,#909,#82,.T.);
#728=EDGE_CURVE('',#894,#910,#1012,.T.);
#729=EDGE_CURVE('',#910,#909,#83,.T.);
#730=EDGE_CURVE('',#911,#893,#1013,.F.);
#731=EDGE_CURVE('',#910,#911,#84,.T.);
#732=EDGE_CURVE('',#892,#912,#1014,.T.);
#733=EDGE_CURVE('',#912,#911,#85,.T.);
#734=EDGE_CURVE('',#913,#891,#1015,.F.);
#735=EDGE_CURVE('',#912,#913,#86,.T.);
#736=EDGE_CURVE('',#890,#914,#1016,.T.);
#737=EDGE_CURVE('',#914,#913,#87,.T.);
#738=EDGE_CURVE('',#915,#889,#1017,.F.);
#739=EDGE_CURVE('',#914,#915,#88,.T.);
#740=EDGE_CURVE('',#888,#916,#1018,.T.);
#741=EDGE_CURVE('',#916,#915,#89,.T.);
#742=EDGE_CURVE('',#917,#887,#1019,.F.);
#743=EDGE_CURVE('',#916,#917,#90,.T.);
#744=EDGE_CURVE('',#886,#918,#1020,.T.);
#745=EDGE_CURVE('',#918,#917,#91,.T.);
#746=EDGE_CURVE('',#919,#885,#1021,.F.);
#747=EDGE_CURVE('',#918,#919,#92,.T.);
#748=EDGE_CURVE('',#884,#920,#1022,.T.);
#749=EDGE_CURVE('',#920,#919,#93,.T.);
#750=EDGE_CURVE('',#921,#883,#1023,.F.);
#751=EDGE_CURVE('',#920,#921,#94,.T.);
#752=EDGE_CURVE('',#882,#922,#1024,.T.);
#753=EDGE_CURVE('',#922,#921,#95,.T.);
#754=EDGE_CURVE('',#881,#923,#1025,.T.);
#755=EDGE_CURVE('',#922,#923,#96,.T.);
#756=EDGE_CURVE('',#924,#880,#1026,.F.);
#757=EDGE_CURVE('',#924,#923,#97,.T.);
#758=EDGE_CURVE('',#879,#925,#1027,.T.);
#759=EDGE_CURVE('',#924,#925,#98,.T.);
#760=EDGE_CURVE('',#926,#878,#1028,.F.);
#761=EDGE_CURVE('',#926,#925,#99,.T.);
#762=EDGE_CURVE('',#877,#927,#1029,.T.);
#763=EDGE_CURVE('',#926,#927,#100,.T.);
#764=EDGE_CURVE('',#928,#876,#1030,.F.);
#765=EDGE_CURVE('',#928,#927,#101,.T.);
#766=EDGE_CURVE('',#875,#929,#1031,.T.);
#767=EDGE_CURVE('',#928,#929,#102,.T.);
#768=EDGE_CURVE('',#930,#874,#1032,.F.);
#769=EDGE_CURVE('',#930,#929,#103,.T.);
#770=EDGE_CURVE('',#873,#931,#1033,.T.);
#771=EDGE_CURVE('',#930,#931,#104,.T.);
#772=EDGE_CURVE('',#872,#932,#1034,.T.);
#773=EDGE_CURVE('',#932,#931,#105,.T.);
#774=EDGE_CURVE('',#871,#933,#1035,.T.);
#775=EDGE_CURVE('',#933,#932,#1036,.T.);
#776=EDGE_CURVE('',#867,#934,#1037,.T.);
#777=EDGE_CURVE('',#934,#935,#106,.F.);
#778=EDGE_CURVE('',#868,#935,#1038,.T.);
#779=EDGE_CURVE('',#866,#936,#1039,.T.);
#780=EDGE_CURVE('',#936,#934,#107,.F.);
#781=EDGE_CURVE('',#937,#937,#108,.T.);
#782=EDGE_CURVE('',#938,#938,#109,.T.);
#783=EDGE_CURVE('',#939,#939,#110,.T.);
#784=EDGE_CURVE('',#940,#940,#111,.T.);
#785=EDGE_CURVE('',#941,#899,#1040,.T.);
#786=EDGE_CURVE('',#941,#942,#112,.T.);
#787=EDGE_CURVE('',#942,#865,#1041,.T.);
#788=EDGE_CURVE('',#936,#942,#113,.T.);
#789=EDGE_CURVE('',#941,#907,#114,.T.);
#790=EDGE_CURVE('',#943,#935,#115,.T.);
#791=EDGE_CURVE('',#943,#869,#1042,.T.);
#792=EDGE_CURVE('',#943,#944,#116,.T.);
#793=EDGE_CURVE('',#944,#870,#1043,.T.);
#794=EDGE_CURVE('',#933,#944,#117,.T.);
#795=EDGE_CURVE('',#945,#945,#118,.T.);
#796=EDGE_CURVE('',#901,#946,#1044,.T.);
#797=EDGE_CURVE('',#946,#854,#1045,.T.);
#798=EDGE_CURVE('',#903,#862,#1046,.T.);
#799=EDGE_CURVE('',#904,#861,#1047,.T.);
#800=EDGE_CURVE('',#902,#947,#1048,.T.);
#801=EDGE_CURVE('',#947,#946,#1049,.T.);
#802=EDGE_CURVE('',#947,#853,#1050,.T.);
#803=EDGE_CURVE('',#948,#948,#119,.T.);
#804=EDGE_CURVE('',#949,#949,#120,.T.);
#805=VERTEX_POINT('',#2154);
#806=VERTEX_POINT('',#2155);
#807=VERTEX_POINT('',#2157);
#808=VERTEX_POINT('',#2159);
#809=VERTEX_POINT('',#2163);
#810=VERTEX_POINT('',#2165);
#811=VERTEX_POINT('',#2169);
#812=VERTEX_POINT('',#2170);
#813=VERTEX_POINT('',#2175);
#814=VERTEX_POINT('',#2177);
#815=VERTEX_POINT('',#2181);
#816=VERTEX_POINT('',#2182);
#817=VERTEX_POINT('',#2187);
#818=VERTEX_POINT('',#2189);
#819=VERTEX_POINT('',#2193);
#820=VERTEX_POINT('',#2194);
#821=VERTEX_POINT('',#2202);
#822=VERTEX_POINT('',#2203);
#823=VERTEX_POINT('',#2205);
#824=VERTEX_POINT('',#2207);
#825=VERTEX_POINT('',#2211);
#826=VERTEX_POINT('',#2213);
#827=VERTEX_POINT('',#2217);
#828=VERTEX_POINT('',#2218);
#829=VERTEX_POINT('',#2223);
#830=VERTEX_POINT('',#2225);
#831=VERTEX_POINT('',#2229);
#832=VERTEX_POINT('',#2230);
#833=VERTEX_POINT('',#2235);
#834=VERTEX_POINT('',#2237);
#835=VERTEX_POINT('',#2241);
#836=VERTEX_POINT('',#2242);
#837=VERTEX_POINT('',#2250);
#838=VERTEX_POINT('',#2251);
#839=VERTEX_POINT('',#2253);
#840=VERTEX_POINT('',#2255);
#841=VERTEX_POINT('',#2259);
#842=VERTEX_POINT('',#2261);
#843=VERTEX_POINT('',#2265);
#844=VERTEX_POINT('',#2266);
#845=VERTEX_POINT('',#2271);
#846=VERTEX_POINT('',#2273);
#847=VERTEX_POINT('',#2277);
#848=VERTEX_POINT('',#2278);
#849=VERTEX_POINT('',#2283);
#850=VERTEX_POINT('',#2285);
#851=VERTEX_POINT('',#2289);
#852=VERTEX_POINT('',#2290);
#853=VERTEX_POINT('',#2298);
#854=VERTEX_POINT('',#2299);
#855=VERTEX_POINT('',#2301);
#856=VERTEX_POINT('',#2303);
#857=VERTEX_POINT('',#2307);
#858=VERTEX_POINT('',#2309);
#859=VERTEX_POINT('',#2312);
#860=VERTEX_POINT('',#2314);
#861=VERTEX_POINT('',#2317);
#862=VERTEX_POINT('',#2319);
#863=VERTEX_POINT('',#2323);
#864=VERTEX_POINT('',#2325);
#865=VERTEX_POINT('',#2328);
#866=VERTEX_POINT('',#2329);
#867=VERTEX_POINT('',#2331);
#868=VERTEX_POINT('',#2333);
#869=VERTEX_POINT('',#2335);
#870=VERTEX_POINT('',#2337);
#871=VERTEX_POINT('',#2339);
#872=VERTEX_POINT('',#2341);
#873=VERTEX_POINT('',#2343);
#874=VERTEX_POINT('',#2345);
#875=VERTEX_POINT('',#2347);
#876=VERTEX_POINT('',#2349);
#877=VERTEX_POINT('',#2351);
#878=VERTEX_POINT('',#2353);
#879=VERTEX_POINT('',#2355);
#880=VERTEX_POINT('',#2357);
#881=VERTEX_POINT('',#2359);
#882=VERTEX_POINT('',#2361);
#883=VERTEX_POINT('',#2363);
#884=VERTEX_POINT('',#2365);
#885=VERTEX_POINT('',#2367);
#886=VERTEX_POINT('',#2369);
#887=VERTEX_POINT('',#2371);
#888=VERTEX_POINT('',#2373);
#889=VERTEX_POINT('',#2375);
#890=VERTEX_POINT('',#2377);
#891=VERTEX_POINT('',#2379);
#892=VERTEX_POINT('',#2381);
#893=VERTEX_POINT('',#2383);
#894=VERTEX_POINT('',#2385);
#895=VERTEX_POINT('',#2387);
#896=VERTEX_POINT('',#2389);
#897=VERTEX_POINT('',#2391);
#898=VERTEX_POINT('',#2393);
#899=VERTEX_POINT('',#2395);
#900=VERTEX_POINT('',#2398);
#901=VERTEX_POINT('',#2401);
#902=VERTEX_POINT('',#2402);
#903=VERTEX_POINT('',#2404);
#904=VERTEX_POINT('',#2406);
#905=VERTEX_POINT('',#2409);
#906=VERTEX_POINT('',#2412);
#907=VERTEX_POINT('',#2414);
#908=VERTEX_POINT('',#2418);
#909=VERTEX_POINT('',#2422);
#910=VERTEX_POINT('',#2426);
#911=VERTEX_POINT('',#2430);
#912=VERTEX_POINT('',#2434);
#913=VERTEX_POINT('',#2438);
#914=VERTEX_POINT('',#2442);
#915=VERTEX_POINT('',#2446);
#916=VERTEX_POINT('',#2450);
#917=VERTEX_POINT('',#2454);
#918=VERTEX_POINT('',#2458);
#919=VERTEX_POINT('',#2462);
#920=VERTEX_POINT('',#2466);
#921=VERTEX_POINT('',#2470);
#922=VERTEX_POINT('',#2474);
#923=VERTEX_POINT('',#2478);
#924=VERTEX_POINT('',#2482);
#925=VERTEX_POINT('',#2486);
#926=VERTEX_POINT('',#2490);
#927=VERTEX_POINT('',#2494);
#928=VERTEX_POINT('',#2498);
#929=VERTEX_POINT('',#2502);
#930=VERTEX_POINT('',#2506);
#931=VERTEX_POINT('',#2510);
#932=VERTEX_POINT('',#2514);
#933=VERTEX_POINT('',#2518);
#934=VERTEX_POINT('',#2522);
#935=VERTEX_POINT('',#2524);
#936=VERTEX_POINT('',#2528);
#937=VERTEX_POINT('',#2532);
#938=VERTEX_POINT('',#2534);
#939=VERTEX_POINT('',#2538);
#940=VERTEX_POINT('',#2540);
#941=VERTEX_POINT('',#2544);
#942=VERTEX_POINT('',#2546);
#943=VERTEX_POINT('',#2554);
#944=VERTEX_POINT('',#2558);
#945=VERTEX_POINT('',#2565);
#946=VERTEX_POINT('',#2569);
#947=VERTEX_POINT('',#2576);
#948=VERTEX_POINT('',#2582);
#949=VERTEX_POINT('',#2585);
#950=LINE('',#2153,#1051);
#951=LINE('',#2156,#1052);
#952=LINE('',#2158,#1053);
#953=LINE('',#2160,#1054);
#954=LINE('',#2166,#1055);
#955=LINE('',#2168,#1056);
#956=LINE('',#2171,#1057);
#957=LINE('',#2172,#1058);
#958=LINE('',#2178,#1059);
#959=LINE('',#2180,#1060);
#960=LINE('',#2183,#1061);
#961=LINE('',#2184,#1062);
#962=LINE('',#2190,#1063);
#963=LINE('',#2192,#1064);
#964=LINE('',#2195,#1065);
#965=LINE('',#2196,#1066);
#966=LINE('',#2201,#1067);
#967=LINE('',#2204,#1068);
#968=LINE('',#2206,#1069);
#969=LINE('',#2208,#1070);
#970=LINE('',#2214,#1071);
#971=LINE('',#2216,#1072);
#972=LINE('',#2219,#1073);
#973=LINE('',#2220,#1074);
#974=LINE('',#2226,#1075);
#975=LINE('',#2228,#1076);
#976=LINE('',#2231,#1077);
#977=LINE('',#2232,#1078);
#978=LINE('',#2238,#1079);
#979=LINE('',#2240,#1080);
#980=LINE('',#2243,#1081);
#981=LINE('',#2244,#1082);
#982=LINE('',#2249,#1083);
#983=LINE('',#2252,#1084);
#984=LINE('',#2254,#1085);
#985=LINE('',#2256,#1086);
#986=LINE('',#2262,#1087);
#987=LINE('',#2264,#1088);
#988=LINE('',#2267,#1089);
#989=LINE('',#2268,#1090);
#990=LINE('',#2274,#1091);
#991=LINE('',#2276,#1092);
#992=LINE('',#2279,#1093);
#993=LINE('',#2280,#1094);
#994=LINE('',#2286,#1095);
#995=LINE('',#2288,#1096);
#996=LINE('',#2291,#1097);
#997=LINE('',#2292,#1098);
#998=LINE('',#2297,#1099);
#999=LINE('',#2302,#1100);
#1000=LINE('',#2316,#1101);
#1001=LINE('',#2318,#1102);
#1002=LINE('',#2320,#1103);
#1003=LINE('',#2340,#1104);
#1004=LINE('',#2392,#1105);
#1005=LINE('',#2400,#1106);
#1006=LINE('',#2405,#1107);
#1007=LINE('',#2411,#1108);
#1008=LINE('',#2413,#1109);
#1009=LINE('',#2415,#1110);
#1010=LINE('',#2417,#1111);
#1011=LINE('',#2421,#1112);
#1012=LINE('',#2425,#1113);
#1013=LINE('',#2429,#1114);
#1014=LINE('',#2433,#1115);
#1015=LINE('',#2437,#1116);
#1016=LINE('',#2441,#1117);
#1017=LINE('',#2445,#1118);
#1018=LINE('',#2449,#1119);
#1019=LINE('',#2453,#1120);
#1020=LINE('',#2457,#1121);
#1021=LINE('',#2461,#1122);
#1022=LINE('',#2465,#1123);
#1023=LINE('',#2469,#1124);
#1024=LINE('',#2473,#1125);
#1025=LINE('',#2477,#1126);
#1026=LINE('',#2481,#1127);
#1027=LINE('',#2485,#1128);
#1028=LINE('',#2489,#1129);
#1029=LINE('',#2493,#1130);
#1030=LINE('',#2497,#1131);
#1031=LINE('',#2501,#1132);
#1032=LINE('',#2505,#1133);
#1033=LINE('',#2509,#1134);
#1034=LINE('',#2513,#1135);
#1035=LINE('',#2517,#1136);
#1036=LINE('',#2519,#1137);
#1037=LINE('',#2521,#1138);
#1038=LINE('',#2525,#1139);
#1039=LINE('',#2527,#1140);
#1040=LINE('',#2543,#1141);
#1041=LINE('',#2547,#1142);
#1042=LINE('',#2555,#1143);
#1043=LINE('',#2559,#1144);
#1044=LINE('',#2568,#1145);
#1045=LINE('',#2570,#1146);
#1046=LINE('',#2571,#1147);
#1047=LINE('',#2573,#1148);
#1048=LINE('',#2575,#1149);
#1049=LINE('',#2577,#1150);
#1050=LINE('',#2579,#1151);
#1051=VECTOR('',#1674,1.);
#1052=VECTOR('',#1675,1.);
#1053=VECTOR('',#1676,1.);
#1054=VECTOR('',#1677,1.);
#1055=VECTOR('',#1684,1.);
#1056=VECTOR('',#1687,1.);
#1057=VECTOR('',#1688,1.);
#1058=VECTOR('',#1689,1.);
#1059=VECTOR('',#1696,1.);
#1060=VECTOR('',#1699,1.);
#1061=VECTOR('',#1700,1.);
#1062=VECTOR('',#1701,1.);
#1063=VECTOR('',#1708,1.);
#1064=VECTOR('',#1711,1.);
#1065=VECTOR('',#1712,1.);
#1066=VECTOR('',#1713,1.);
#1067=VECTOR('',#1722,1.);
#1068=VECTOR('',#1723,1.);
#1069=VECTOR('',#1724,1.);
#1070=VECTOR('',#1725,1.);
#1071=VECTOR('',#1732,1.);
#1072=VECTOR('',#1735,1.);
#1073=VECTOR('',#1736,1.);
#1074=VECTOR('',#1737,1.);
#1075=VECTOR('',#1744,1.);
#1076=VECTOR('',#1747,1.);
#1077=VECTOR('',#1748,1.);
#1078=VECTOR('',#1749,1.);
#1079=VECTOR('',#1756,1.);
#1080=VECTOR('',#1759,1.);
#1081=VECTOR('',#1760,1.);
#1082=VECTOR('',#1761,1.);
#1083=VECTOR('',#1770,1.);
#1084=VECTOR('',#1771,1.);
#1085=VECTOR('',#1772,1.);
#1086=VECTOR('',#1773,1.);
#1087=VECTOR('',#1780,1.);
#1088=VECTOR('',#1783,1.);
#1089=VECTOR('',#1784,1.);
#1090=VECTOR('',#1785,1.);
#1091=VECTOR('',#1792,1.);
#1092=VECTOR('',#1795,1.);
#1093=VECTOR('',#1796,1.);
#1094=VECTOR('',#1797,1.);
#1095=VECTOR('',#1804,1.);
#1096=VECTOR('',#1807,1.);
#1097=VECTOR('',#1808,1.);
#1098=VECTOR('',#1809,1.);
#1099=VECTOR('',#1818,1.);
#1100=VECTOR('',#1821,1.);
#1101=VECTOR('',#1838,1.);
#1102=VECTOR('',#1839,1.);
#1103=VECTOR('',#1840,1.);
#1104=VECTOR('',#1861,1.);
#1105=VECTOR('',#1912,1.);
#1106=VECTOR('',#1921,1.);
#1107=VECTOR('',#1924,1.);
#1108=VECTOR('',#1931,1.);
#1109=VECTOR('',#1932,1.);
#1110=VECTOR('',#1933,1.);
#1111=VECTOR('',#1936,1.);
#1112=VECTOR('',#1941,1.);
#1113=VECTOR('',#1946,1.);
#1114=VECTOR('',#1951,1.);
#1115=VECTOR('',#1956,1.);
#1116=VECTOR('',#1961,1.);
#1117=VECTOR('',#1966,1.);
#1118=VECTOR('',#1971,1.);
#1119=VECTOR('',#1976,1.);
#1120=VECTOR('',#1981,1.);
#1121=VECTOR('',#1986,1.);
#1122=VECTOR('',#1991,1.);
#1123=VECTOR('',#1996,1.);
#1124=VECTOR('',#2001,1.);
#1125=VECTOR('',#2006,1.);
#1126=VECTOR('',#2011,1.);
#1127=VECTOR('',#2016,1.);
#1128=VECTOR('',#2021,1.);
#1129=VECTOR('',#2026,1.);
#1130=VECTOR('',#2031,1.);
#1131=VECTOR('',#2036,1.);
#1132=VECTOR('',#2041,1.);
#1133=VECTOR('',#2046,1.);
#1134=VECTOR('',#2051,1.);
#1135=VECTOR('',#2056,1.);
#1136=VECTOR('',#2061,1.);
#1137=VECTOR('',#2062,1.);
#1138=VECTOR('',#2065,1.);
#1139=VECTOR('',#2068,1.);
#1140=VECTOR('',#2071,1.);
#1141=VECTOR('',#2092,1.);
#1142=VECTOR('',#2095,1.);
#1143=VECTOR('',#2108,1.);
#1144=VECTOR('',#2113,1.);
#1145=VECTOR('',#2128,1.);
#1146=VECTOR('',#2129,1.);
#1147=VECTOR('',#2130,1.);
#1148=VECTOR('',#2133,1.);
#1149=VECTOR('',#2136,1.);
#1150=VECTOR('',#2137,1.);
#1151=VECTOR('',#2140,1.);
#1152=EDGE_LOOP('',(#175,#176,#177,#178));
#1153=EDGE_LOOP('',(#179,#180,#181,#182));
#1154=EDGE_LOOP('',(#183,#184,#185,#186));
#1155=EDGE_LOOP('',(#187,#188,#189,#190));
#1156=EDGE_LOOP('',(#191,#192,#193,#194));
#1157=EDGE_LOOP('',(#195,#196,#197,#198));
#1158=EDGE_LOOP('',(#199,#200,#201,#202));
#1159=EDGE_LOOP('',(#203,#204,#205,#206));
#1160=EDGE_LOOP('',(#207,#208,#209,#210));
#1161=EDGE_LOOP('',(#211,#212,#213,#214));
#1162=EDGE_LOOP('',(#215,#216,#217,#218));
#1163=EDGE_LOOP('',(#219,#220,#221,#222));
#1164=EDGE_LOOP('',(#223,#224,#225,#226));
#1165=EDGE_LOOP('',(#227,#228,#229,#230));
#1166=EDGE_LOOP('',(#231,#232,#233,#234));
#1167=EDGE_LOOP('',(#235,#236,#237,#238));
#1168=EDGE_LOOP('',(#239,#240,#241,#242));
#1169=EDGE_LOOP('',(#243,#244,#245,#246));
#1170=EDGE_LOOP('',(#247,#248,#249,#250));
#1171=EDGE_LOOP('',(#251,#252,#253,#254));
#1172=EDGE_LOOP('',(#255,#256,#257,#258));
#1173=EDGE_LOOP('',(#259,#260,#261,#262));
#1174=EDGE_LOOP('',(#263,#264,#265,#266));
#1175=EDGE_LOOP('',(#267,#268,#269,#270));
#1176=EDGE_LOOP('',(#271,#272,#273,#274));
#1177=EDGE_LOOP('',(#275));
#1178=EDGE_LOOP('',(#276));
#1179=EDGE_LOOP('',(#277));
#1180=EDGE_LOOP('',(#278));
#1181=EDGE_LOOP('',(#279,#280,#281,#282));
#1182=EDGE_LOOP('',(#283));
#1183=EDGE_LOOP('',(#284));
#1184=EDGE_LOOP('',(#285,#286,#287,#288,#289,#290,#291,#292,#293,#294,#295,
#296,#297,#298,#299,#300,#301,#302,#303,#304,#305,#306,#307,#308,#309,#310,
#311,#312,#313,#314,#315,#316,#317,#318,#319));
#1185=EDGE_LOOP('',(#320));
#1186=EDGE_LOOP('',(#321,#322,#323,#324));
#1187=EDGE_LOOP('',(#325));
#1188=EDGE_LOOP('',(#326,#327,#328,#329));
#1189=EDGE_LOOP('',(#330,#331,#332,#333));
#1190=EDGE_LOOP('',(#334,#335,#336,#337));
#1191=EDGE_LOOP('',(#338,#339,#340,#341));
#1192=EDGE_LOOP('',(#342,#343,#344,#345));
#1193=EDGE_LOOP('',(#346,#347,#348,#349));
#1194=EDGE_LOOP('',(#350,#351,#352,#353));
#1195=EDGE_LOOP('',(#354,#355,#356,#357));
#1196=EDGE_LOOP('',(#358,#359,#360,#361));
#1197=EDGE_LOOP('',(#362,#363,#364,#365));
#1198=EDGE_LOOP('',(#366,#367,#368,#369));
#1199=EDGE_LOOP('',(#370,#371,#372,#373));
#1200=EDGE_LOOP('',(#374,#375,#376,#377));
#1201=EDGE_LOOP('',(#378,#379,#380,#381));
#1202=EDGE_LOOP('',(#382,#383,#384,#385));
#1203=EDGE_LOOP('',(#386,#387,#388,#389));
#1204=EDGE_LOOP('',(#390,#391,#392,#393));
#1205=EDGE_LOOP('',(#394,#395,#396,#397));
#1206=EDGE_LOOP('',(#398,#399,#400,#401));
#1207=EDGE_LOOP('',(#402,#403,#404,#405));
#1208=EDGE_LOOP('',(#406,#407,#408,#409));
#1209=EDGE_LOOP('',(#410,#411,#412,#413));
#1210=EDGE_LOOP('',(#414,#415,#416,#417));
#1211=EDGE_LOOP('',(#418,#419,#420,#421));
#1212=EDGE_LOOP('',(#422,#423,#424,#425));
#1213=EDGE_LOOP('',(#426,#427,#428,#429));
#1214=EDGE_LOOP('',(#430,#431,#432,#433));
#1215=EDGE_LOOP('',(#434,#435,#436,#437));
#1216=EDGE_LOOP('',(#438,#439,#440,#441));
#1217=EDGE_LOOP('',(#442));
#1218=EDGE_LOOP('',(#443));
#1219=EDGE_LOOP('',(#444));
#1220=EDGE_LOOP('',(#445));
#1221=EDGE_LOOP('',(#446));
#1222=EDGE_LOOP('',(#447));
#1223=EDGE_LOOP('',(#448));
#1224=EDGE_LOOP('',(#449));
#1225=EDGE_LOOP('',(#450,#451,#452,#453));
#1226=EDGE_LOOP('',(#454,#455,#456,#457));
#1227=EDGE_LOOP('',(#458,#459,#460,#461));
#1228=EDGE_LOOP('',(#462,#463,#464,#465));
#1229=EDGE_LOOP('',(#466,#467,#468,#469));
#1230=EDGE_LOOP('',(#470,#471,#472,#473));
#1231=EDGE_LOOP('',(#474,#475,#476,#477,#478,#479,#480,#481,#482,#483,#484,
#485,#486,#487,#488,#489,#490,#491,#492,#493,#494,#495,#496,#497,#498,#499,
#500,#501,#502,#503,#504,#505,#506,#507,#508));
#1232=EDGE_LOOP('',(#509));
#1233=EDGE_LOOP('',(#510));
#1234=EDGE_LOOP('',(#511));
#1235=EDGE_LOOP('',(#512));
#1236=EDGE_LOOP('',(#513));
#1237=EDGE_LOOP('',(#514));
#1238=EDGE_LOOP('',(#515,#516,#517,#518,#519,#520));
#1239=EDGE_LOOP('',(#521));
#1240=EDGE_LOOP('',(#522));
#1241=EDGE_LOOP('',(#523,#524,#525,#526,#527,#528,#529,#530));
#1242=EDGE_LOOP('',(#531,#532,#533,#534,#535,#536,#537,#538));
#1243=EDGE_LOOP('',(#539,#540,#541,#542,#543,#544,#545,#546));
#1244=EDGE_LOOP('',(#547,#548,#549,#550));
#1245=EDGE_LOOP('',(#551,#552,#553,#554));
#1246=EDGE_LOOP('',(#555,#556,#557,#558));
#1247=EDGE_LOOP('',(#559));
#1248=EDGE_LOOP('',(#560));
#1249=EDGE_LOOP('',(#561));
#1250=EDGE_LOOP('',(#562,#563,#564,#565,#566,#567));
#1251=EDGE_LOOP('',(#568,#569,#570,#571,#572,#573,#574,#575));
#1252=EDGE_LOOP('',(#576,#577,#578,#579,#580,#581,#582,#583));
#1253=EDGE_LOOP('',(#584,#585,#586,#587,#588,#589,#590,#591));
#1254=EDGE_LOOP('',(#592));
#1255=EDGE_LOOP('',(#593));
#1256=EDGE_LOOP('',(#594));
#1257=FACE_BOUND('',#1152,.T.);
#1258=FACE_BOUND('',#1153,.T.);
#1259=FACE_BOUND('',#1154,.T.);
#1260=FACE_BOUND('',#1155,.T.);
#1261=FACE_BOUND('',#1156,.T.);
#1262=FACE_BOUND('',#1157,.T.);
#1263=FACE_BOUND('',#1158,.T.);
#1264=FACE_BOUND('',#1159,.T.);
#1265=FACE_BOUND('',#1160,.T.);
#1266=FACE_BOUND('',#1161,.T.);
#1267=FACE_BOUND('',#1162,.T.);
#1268=FACE_BOUND('',#1163,.T.);
#1269=FACE_BOUND('',#1164,.T.);
#1270=FACE_BOUND('',#1165,.T.);
#1271=FACE_BOUND('',#1166,.T.);
#1272=FACE_BOUND('',#1167,.T.);
#1273=FACE_BOUND('',#1168,.T.);
#1274=FACE_BOUND('',#1169,.T.);
#1275=FACE_BOUND('',#1170,.T.);
#1276=FACE_BOUND('',#1171,.T.);
#1277=FACE_BOUND('',#1172,.T.);
#1278=FACE_BOUND('',#1173,.T.);
#1279=FACE_BOUND('',#1174,.T.);
#1280=FACE_BOUND('',#1175,.T.);
#1281=FACE_BOUND('',#1176,.T.);
#1282=FACE_BOUND('',#1177,.T.);
#1283=FACE_BOUND('',#1178,.T.);
#1284=FACE_BOUND('',#1179,.T.);
#1285=FACE_BOUND('',#1180,.T.);
#1286=FACE_BOUND('',#1181,.T.);
#1287=FACE_BOUND('',#1182,.T.);
#1288=FACE_BOUND('',#1183,.T.);
#1289=FACE_BOUND('',#1184,.T.);
#1290=FACE_BOUND('',#1185,.T.);
#1291=FACE_BOUND('',#1186,.T.);
#1292=FACE_BOUND('',#1187,.T.);
#1293=FACE_BOUND('',#1188,.T.);
#1294=FACE_BOUND('',#1189,.T.);
#1295=FACE_BOUND('',#1190,.T.);
#1296=FACE_BOUND('',#1191,.T.);
#1297=FACE_BOUND('',#1192,.T.);
#1298=FACE_BOUND('',#1193,.T.);
#1299=FACE_BOUND('',#1194,.T.);
#1300=FACE_BOUND('',#1195,.T.);
#1301=FACE_BOUND('',#1196,.T.);
#1302=FACE_BOUND('',#1197,.T.);
#1303=FACE_BOUND('',#1198,.T.);
#1304=FACE_BOUND('',#1199,.T.);
#1305=FACE_BOUND('',#1200,.T.);
#1306=FACE_BOUND('',#1201,.T.);
#1307=FACE_BOUND('',#1202,.T.);
#1308=FACE_BOUND('',#1203,.T.);
#1309=FACE_BOUND('',#1204,.T.);
#1310=FACE_BOUND('',#1205,.T.);
#1311=FACE_BOUND('',#1206,.T.);
#1312=FACE_BOUND('',#1207,.T.);
#1313=FACE_BOUND('',#1208,.T.);
#1314=FACE_BOUND('',#1209,.T.);
#1315=FACE_BOUND('',#1210,.T.);
#1316=FACE_BOUND('',#1211,.T.);
#1317=FACE_BOUND('',#1212,.T.);
#1318=FACE_BOUND('',#1213,.T.);
#1319=FACE_BOUND('',#1214,.T.);
#1320=FACE_BOUND('',#1215,.T.);
#1321=FACE_BOUND('',#1216,.T.);
#1322=FACE_BOUND('',#1217,.T.);
#1323=FACE_BOUND('',#1218,.T.);
#1324=FACE_BOUND('',#1219,.T.);
#1325=FACE_BOUND('',#1220,.T.);
#1326=FACE_BOUND('',#1221,.T.);
#1327=FACE_BOUND('',#1222,.T.);
#1328=FACE_BOUND('',#1223,.T.);
#1329=FACE_BOUND('',#1224,.T.);
#1330=FACE_BOUND('',#1225,.T.);
#1331=FACE_BOUND('',#1226,.T.);
#1332=FACE_BOUND('',#1227,.T.);
#1333=FACE_BOUND('',#1228,.T.);
#1334=FACE_BOUND('',#1229,.T.);
#1335=FACE_BOUND('',#1230,.T.);
#1336=FACE_BOUND('',#1231,.T.);
#1337=FACE_BOUND('',#1232,.T.);
#1338=FACE_BOUND('',#1233,.T.);
#1339=FACE_BOUND('',#1234,.T.);
#1340=FACE_BOUND('',#1235,.T.);
#1341=FACE_BOUND('',#1236,.T.);
#1342=FACE_BOUND('',#1237,.T.);
#1343=FACE_BOUND('',#1238,.T.);
#1344=FACE_BOUND('',#1239,.T.);
#1345=FACE_BOUND('',#1240,.T.);
#1346=FACE_BOUND('',#1241,.T.);
#1347=FACE_BOUND('',#1242,.T.);
#1348=FACE_BOUND('',#1243,.T.);
#1349=FACE_BOUND('',#1244,.T.);
#1350=FACE_BOUND('',#1245,.T.);
#1351=FACE_BOUND('',#1246,.T.);
#1352=FACE_BOUND('',#1247,.T.);
#1353=FACE_BOUND('',#1248,.T.);
#1354=FACE_BOUND('',#1249,.T.);
#1355=FACE_BOUND('',#1250,.T.);
#1356=FACE_BOUND('',#1251,.T.);
#1357=FACE_BOUND('',#1252,.T.);
#1358=FACE_BOUND('',#1253,.T.);
#1359=FACE_BOUND('',#1254,.T.);
#1360=FACE_BOUND('',#1255,.T.);
#1361=FACE_BOUND('',#1256,.T.);
#1362=PLANE('',#1481);
#1363=PLANE('',#1485);
#1364=PLANE('',#1489);
#1365=PLANE('',#1493);
#1366=PLANE('',#1497);
#1367=PLANE('',#1501);
#1368=PLANE('',#1505);
#1369=PLANE('',#1509);
#1370=PLANE('',#1513);
#1371=PLANE('',#1517);
#1372=PLANE('',#1521);
#1373=PLANE('',#1525);
#1374=PLANE('',#1538);
#1375=PLANE('',#1542);
#1376=PLANE('',#1581);
#1377=PLANE('',#1632);
#1378=PLANE('',#1640);
#1379=PLANE('',#1644);
#1380=PLANE('',#1657);
#1381=PLANE('',#1660);
#1382=PLANE('',#1661);
#1383=PLANE('',#1662);
#1384=PLANE('',#1663);
#1385=PLANE('',#1664);
#1386=PLANE('',#1665);
#1387=PLANE('',#1669);
#1388=ADVANCED_FACE('',(#1257),#1362,.T.);
#1389=ADVANCED_FACE('',(#1258),#121,.F.);
#1390=ADVANCED_FACE('',(#1259),#1363,.T.);
#1391=ADVANCED_FACE('',(#1260),#122,.F.);
#1392=ADVANCED_FACE('',(#1261),#1364,.T.);
#1393=ADVANCED_FACE('',(#1262),#123,.F.);
#1394=ADVANCED_FACE('',(#1263),#1365,.T.);
#1395=ADVANCED_FACE('',(#1264),#124,.F.);
#1396=ADVANCED_FACE('',(#1265),#1366,.T.);
#1397=ADVANCED_FACE('',(#1266),#125,.F.);
#1398=ADVANCED_FACE('',(#1267),#1367,.T.);
#1399=ADVANCED_FACE('',(#1268),#126,.F.);
#1400=ADVANCED_FACE('',(#1269),#1368,.T.);
#1401=ADVANCED_FACE('',(#1270),#127,.F.);
#1402=ADVANCED_FACE('',(#1271),#1369,.T.);
#1403=ADVANCED_FACE('',(#1272),#128,.F.);
#1404=ADVANCED_FACE('',(#1273),#1370,.T.);
#1405=ADVANCED_FACE('',(#1274),#129,.F.);
#1406=ADVANCED_FACE('',(#1275),#1371,.T.);
#1407=ADVANCED_FACE('',(#1276),#130,.F.);
#1408=ADVANCED_FACE('',(#1277),#1372,.T.);
#1409=ADVANCED_FACE('',(#1278),#131,.F.);
#1410=ADVANCED_FACE('',(#1279),#1373,.T.);
#1411=ADVANCED_FACE('',(#1280),#132,.F.);
#1412=ADVANCED_FACE('',(#1281),#133,.T.);
#1413=ADVANCED_FACE('',(#1282,#1283),#134,.F.);
#1414=ADVANCED_FACE('',(#1284,#1285),#135,.F.);
#1415=ADVANCED_FACE('',(#1286),#1374,.F.);
#1416=ADVANCED_FACE('',(#1287,#1288),#136,.F.);
#1417=ADVANCED_FACE('',(#1289,#1290),#1375,.F.);
#1418=ADVANCED_FACE('',(#1291,#1292),#137,.T.);
#1419=ADVANCED_FACE('',(#1293),#1376,.F.);
#1420=ADVANCED_FACE('',(#1294),#138,.T.);
#1421=ADVANCED_FACE('',(#1295),#139,.F.);
#1422=ADVANCED_FACE('',(#1296),#140,.T.);
#1423=ADVANCED_FACE('',(#1297),#141,.F.);
#1424=ADVANCED_FACE('',(#1298),#142,.T.);
#1425=ADVANCED_FACE('',(#1299),#143,.F.);
#1426=ADVANCED_FACE('',(#1300),#144,.T.);
#1427=ADVANCED_FACE('',(#1301),#145,.F.);
#1428=ADVANCED_FACE('',(#1302),#146,.T.);
#1429=ADVANCED_FACE('',(#1303),#147,.F.);
#1430=ADVANCED_FACE('',(#1304),#148,.T.);
#1431=ADVANCED_FACE('',(#1305),#149,.F.);
#1432=ADVANCED_FACE('',(#1306),#150,.T.);
#1433=ADVANCED_FACE('',(#1307),#151,.F.);
#1434=ADVANCED_FACE('',(#1308),#152,.T.);
#1435=ADVANCED_FACE('',(#1309),#153,.F.);
#1436=ADVANCED_FACE('',(#1310),#154,.T.);
#1437=ADVANCED_FACE('',(#1311),#155,.F.);
#1438=ADVANCED_FACE('',(#1312),#156,.T.);
#1439=ADVANCED_FACE('',(#1313),#157,.F.);
#1440=ADVANCED_FACE('',(#1314),#158,.T.);
#1441=ADVANCED_FACE('',(#1315),#159,.F.);
#1442=ADVANCED_FACE('',(#1316),#160,.T.);
#1443=ADVANCED_FACE('',(#1317),#161,.F.);
#1444=ADVANCED_FACE('',(#1318),#162,.T.);
#1445=ADVANCED_FACE('',(#1319),#1377,.F.);
#1446=ADVANCED_FACE('',(#1320),#163,.T.);
#1447=ADVANCED_FACE('',(#1321),#164,.T.);
#1448=ADVANCED_FACE('',(#1322,#1323),#165,.F.);
#1449=ADVANCED_FACE('',(#1324,#1325),#1378,.F.);
#1450=ADVANCED_FACE('',(#1326,#1327),#166,.F.);
#1451=ADVANCED_FACE('',(#1328,#1329),#1379,.T.);
#1452=ADVANCED_FACE('',(#1330),#167,.F.);
#1453=ADVANCED_FACE('',(#1331),#168,.T.);
#1454=ADVANCED_FACE('',(#1332),#169,.T.);
#1455=ADVANCED_FACE('',(#1333),#170,.T.);
#1456=ADVANCED_FACE('',(#1334),#171,.F.);
#1457=ADVANCED_FACE('',(#1335),#172,.T.);
#1458=ADVANCED_FACE('',(#1336,#1337),#1380,.T.);
#1459=ADVANCED_FACE('',(#1338,#1339),#173,.F.);
#1460=ADVANCED_FACE('',(#1340,#1341),#1381,.F.);
#1461=ADVANCED_FACE('',(#1342,#1343,#1344,#1345,#1346,#1347,#1348),#1382,
 .T.);
#1462=ADVANCED_FACE('',(#1349),#1383,.T.);
#1463=ADVANCED_FACE('',(#1350),#1384,.F.);
#1464=ADVANCED_FACE('',(#1351),#1385,.F.);
#1465=ADVANCED_FACE('',(#1352,#1353,#1354,#1355,#1356,#1357,#1358),#1386,
 .T.);
#1466=ADVANCED_FACE('',(#1359,#1360),#174,.F.);
#1467=ADVANCED_FACE('',(#1361),#1387,.T.);
#1468=CLOSED_SHELL('',(#1388,#1389,#1390,#1391,#1392,#1393,#1394,#1395,
#1396,#1397,#1398,#1399,#1400,#1401,#1402,#1403,#1404,#1405,#1406,#1407,
#1408,#1409,#1410,#1411,#1412,#1413,#1414,#1415,#1416,#1417,#1418,#1419,
#1420,#1421,#1422,#1423,#1424,#1425,#1426,#1427,#1428,#1429,#1430,#1431,
#1432,#1433,#1434,#1435,#1436,#1437,#1438,#1439,#1440,#1441,#1442,#1443,
#1444,#1445,#1446,#1447,#1448,#1449,#1450,#1451,#1452,#1453,#1454,#1455,
#1456,#1457,#1458,#1459,#1460,#1461,#1462,#1463,#1464,#1465,#1466,#1467));
#1469=STYLED_ITEM('',(#1470),#1477);
#1470=PRESENTATION_STYLE_ASSIGNMENT((#1471));
#1471=SURFACE_STYLE_USAGE(.BOTH.,#1472);
#1472=SURFACE_SIDE_STYLE('',(#1473));
#1473=SURFACE_STYLE_FILL_AREA(#1474);
#1474=FILL_AREA_STYLE('',(#1475));
#1475=FILL_AREA_STYLE_COLOUR('',#1476);
#1476=COLOUR_RGB('',0.129411764705882,0.125490196078431,0.125490196078431);
#1477=MANIFOLD_SOLID_BREP('output shell + 2nd arm',#1468);
#1478=SHAPE_DEFINITION_REPRESENTATION(#2593,#1479);
#1479=SHAPE_REPRESENTATION('output shell + 2nd arm',(#1480),#2588);
#1480=AXIS2_PLACEMENT_3D('',#2151,#1670,#1671);
#1481=AXIS2_PLACEMENT_3D('',#2152,#1672,#1673);
#1482=AXIS2_PLACEMENT_3D('',#2161,#1678,#1679);
#1483=AXIS2_PLACEMENT_3D('',#2162,#1680,#1681);
#1484=AXIS2_PLACEMENT_3D('',#2164,#1682,#1683);
#1485=AXIS2_PLACEMENT_3D('',#2167,#1685,#1686);
#1486=AXIS2_PLACEMENT_3D('',#2173,#1690,#1691);
#1487=AXIS2_PLACEMENT_3D('',#2174,#1692,#1693);
#1488=AXIS2_PLACEMENT_3D('',#2176,#1694,#1695);
#1489=AXIS2_PLACEMENT_3D('',#2179,#1697,#1698);
#1490=AXIS2_PLACEMENT_3D('',#2185,#1702,#1703);
#1491=AXIS2_PLACEMENT_3D('',#2186,#1704,#1705);
#1492=AXIS2_PLACEMENT_3D('',#2188,#1706,#1707);
#1493=AXIS2_PLACEMENT_3D('',#2191,#1709,#1710);
#1494=AXIS2_PLACEMENT_3D('',#2197,#1714,#1715);
#1495=AXIS2_PLACEMENT_3D('',#2198,#1716,#1717);
#1496=AXIS2_PLACEMENT_3D('',#2199,#1718,#1719);
#1497=AXIS2_PLACEMENT_3D('',#2200,#1720,#1721);
#1498=AXIS2_PLACEMENT_3D('',#2209,#1726,#1727);
#1499=AXIS2_PLACEMENT_3D('',#2210,#1728,#1729);
#1500=AXIS2_PLACEMENT_3D('',#2212,#1730,#1731);
#1501=AXIS2_PLACEMENT_3D('',#2215,#1733,#1734);
#1502=AXIS2_PLACEMENT_3D('',#2221,#1738,#1739);
#1503=AXIS2_PLACEMENT_3D('',#2222,#1740,#1741);
#1504=AXIS2_PLACEMENT_3D('',#2224,#1742,#1743);
#1505=AXIS2_PLACEMENT_3D('',#2227,#1745,#1746);
#1506=AXIS2_PLACEMENT_3D('',#2233,#1750,#1751);
#1507=AXIS2_PLACEMENT_3D('',#2234,#1752,#1753);
#1508=AXIS2_PLACEMENT_3D('',#2236,#1754,#1755);
#1509=AXIS2_PLACEMENT_3D('',#2239,#1757,#1758);
#1510=AXIS2_PLACEMENT_3D('',#2245,#1762,#1763);
#1511=AXIS2_PLACEMENT_3D('',#2246,#1764,#1765);
#1512=AXIS2_PLACEMENT_3D('',#2247,#1766,#1767);
#1513=AXIS2_PLACEMENT_3D('',#2248,#1768,#1769);
#1514=AXIS2_PLACEMENT_3D('',#2257,#1774,#1775);
#1515=AXIS2_PLACEMENT_3D('',#2258,#1776,#1777);
#1516=AXIS2_PLACEMENT_3D('',#2260,#1778,#1779);
#1517=AXIS2_PLACEMENT_3D('',#2263,#1781,#1782);
#1518=AXIS2_PLACEMENT_3D('',#2269,#1786,#1787);
#1519=AXIS2_PLACEMENT_3D('',#2270,#1788,#1789);
#1520=AXIS2_PLACEMENT_3D('',#2272,#1790,#1791);
#1521=AXIS2_PLACEMENT_3D('',#2275,#1793,#1794);
#1522=AXIS2_PLACEMENT_3D('',#2281,#1798,#1799);
#1523=AXIS2_PLACEMENT_3D('',#2282,#1800,#1801);
#1524=AXIS2_PLACEMENT_3D('',#2284,#1802,#1803);
#1525=AXIS2_PLACEMENT_3D('',#2287,#1805,#1806);
#1526=AXIS2_PLACEMENT_3D('',#2293,#1810,#1811);
#1527=AXIS2_PLACEMENT_3D('',#2294,#1812,#1813);
#1528=AXIS2_PLACEMENT_3D('',#2295,#1814,#1815);
#1529=AXIS2_PLACEMENT_3D('',#2296,#1816,#1817);
#1530=AXIS2_PLACEMENT_3D('',#2300,#1819,#1820);
#1531=AXIS2_PLACEMENT_3D('',#2304,#1822,#1823);
#1532=AXIS2_PLACEMENT_3D('',#2305,#1824,#1825);
#1533=AXIS2_PLACEMENT_3D('',#2306,#1826,#1827);
#1534=AXIS2_PLACEMENT_3D('',#2308,#1828,#1829);
#1535=AXIS2_PLACEMENT_3D('',#2310,#1830,#1831);
#1536=AXIS2_PLACEMENT_3D('',#2311,#1832,#1833);
#1537=AXIS2_PLACEMENT_3D('',#2313,#1834,#1835);
#1538=AXIS2_PLACEMENT_3D('',#2315,#1836,#1837);
#1539=AXIS2_PLACEMENT_3D('',#2321,#1841,#1842);
#1540=AXIS2_PLACEMENT_3D('',#2322,#1843,#1844);
#1541=AXIS2_PLACEMENT_3D('',#2324,#1845,#1846);
#1542=AXIS2_PLACEMENT_3D('',#2326,#1847,#1848);
#1543=AXIS2_PLACEMENT_3D('',#2327,#1849,#1850);
#1544=AXIS2_PLACEMENT_3D('',#2330,#1851,#1852);
#1545=AXIS2_PLACEMENT_3D('',#2332,#1853,#1854);
#1546=AXIS2_PLACEMENT_3D('',#2334,#1855,#1856);
#1547=AXIS2_PLACEMENT_3D('',#2336,#1857,#1858);
#1548=AXIS2_PLACEMENT_3D('',#2338,#1859,#1860);
#1549=AXIS2_PLACEMENT_3D('',#2342,#1862,#1863);
#1550=AXIS2_PLACEMENT_3D('',#2344,#1864,#1865);
#1551=AXIS2_PLACEMENT_3D('',#2346,#1866,#1867);
#1552=AXIS2_PLACEMENT_3D('',#2348,#1868,#1869);
#1553=AXIS2_PLACEMENT_3D('',#2350,#1870,#1871);
#1554=AXIS2_PLACEMENT_3D('',#2352,#1872,#1873);
#1555=AXIS2_PLACEMENT_3D('',#2354,#1874,#1875);
#1556=AXIS2_PLACEMENT_3D('',#2356,#1876,#1877);
#1557=AXIS2_PLACEMENT_3D('',#2358,#1878,#1879);
#1558=AXIS2_PLACEMENT_3D('',#2360,#1880,#1881);
#1559=AXIS2_PLACEMENT_3D('',#2362,#1882,#1883);
#1560=AXIS2_PLACEMENT_3D('',#2364,#1884,#1885);
#1561=AXIS2_PLACEMENT_3D('',#2366,#1886,#1887);
#1562=AXIS2_PLACEMENT_3D('',#2368,#1888,#1889);
#1563=AXIS2_PLACEMENT_3D('',#2370,#1890,#1891);
#1564=AXIS2_PLACEMENT_3D('',#2372,#1892,#1893);
#1565=AXIS2_PLACEMENT_3D('',#2374,#1894,#1895);
#1566=AXIS2_PLACEMENT_3D('',#2376,#1896,#1897);
#1567=AXIS2_PLACEMENT_3D('',#2378,#1898,#1899);
#1568=AXIS2_PLACEMENT_3D('',#2380,#1900,#1901);
#1569=AXIS2_PLACEMENT_3D('',#2382,#1902,#1903);
#1570=AXIS2_PLACEMENT_3D('',#2384,#1904,#1905);
#1571=AXIS2_PLACEMENT_3D('',#2386,#1906,#1907);
#1572=AXIS2_PLACEMENT_3D('',#2388,#1908,#1909);
#1573=AXIS2_PLACEMENT_3D('',#2390,#1910,#1911);
#1574=AXIS2_PLACEMENT_3D('',#2394,#1913,#1914);
#1575=AXIS2_PLACEMENT_3D('',#2396,#1915,#1916);
#1576=AXIS2_PLACEMENT_3D('',#2397,#1917,#1918);
#1577=AXIS2_PLACEMENT_3D('',#2399,#1919,#1920);
#1578=AXIS2_PLACEMENT_3D('',#2403,#1922,#1923);
#1579=AXIS2_PLACEMENT_3D('',#2407,#1925,#1926);
#1580=AXIS2_PLACEMENT_3D('',#2408,#1927,#1928);
#1581=AXIS2_PLACEMENT_3D('',#2410,#1929,#1930);
#1582=AXIS2_PLACEMENT_3D('',#2416,#1934,#1935);
#1583=AXIS2_PLACEMENT_3D('',#2419,#1937,#1938);
#1584=AXIS2_PLACEMENT_3D('',#2420,#1939,#1940);
#1585=AXIS2_PLACEMENT_3D('',#2423,#1942,#1943);
#1586=AXIS2_PLACEMENT_3D('',#2424,#1944,#1945);
#1587=AXIS2_PLACEMENT_3D('',#2427,#1947,#1948);
#1588=AXIS2_PLACEMENT_3D('',#2428,#1949,#1950);
#1589=AXIS2_PLACEMENT_3D('',#2431,#1952,#1953);
#1590=AXIS2_PLACEMENT_3D('',#2432,#1954,#1955);
#1591=AXIS2_PLACEMENT_3D('',#2435,#1957,#1958);
#1592=AXIS2_PLACEMENT_3D('',#2436,#1959,#1960);
#1593=AXIS2_PLACEMENT_3D('',#2439,#1962,#1963);
#1594=AXIS2_PLACEMENT_3D('',#2440,#1964,#1965);
#1595=AXIS2_PLACEMENT_3D('',#2443,#1967,#1968);
#1596=AXIS2_PLACEMENT_3D('',#2444,#1969,#1970);
#1597=AXIS2_PLACEMENT_3D('',#2447,#1972,#1973);
#1598=AXIS2_PLACEMENT_3D('',#2448,#1974,#1975);
#1599=AXIS2_PLACEMENT_3D('',#2451,#1977,#1978);
#1600=AXIS2_PLACEMENT_3D('',#2452,#1979,#1980);
#1601=AXIS2_PLACEMENT_3D('',#2455,#1982,#1983);
#1602=AXIS2_PLACEMENT_3D('',#2456,#1984,#1985);
#1603=AXIS2_PLACEMENT_3D('',#2459,#1987,#1988);
#1604=AXIS2_PLACEMENT_3D('',#2460,#1989,#1990);
#1605=AXIS2_PLACEMENT_3D('',#2463,#1992,#1993);
#1606=AXIS2_PLACEMENT_3D('',#2464,#1994,#1995);
#1607=AXIS2_PLACEMENT_3D('',#2467,#1997,#1998);
#1608=AXIS2_PLACEMENT_3D('',#2468,#1999,#2000);
#1609=AXIS2_PLACEMENT_3D('',#2471,#2002,#2003);
#1610=AXIS2_PLACEMENT_3D('',#2472,#2004,#2005);
#1611=AXIS2_PLACEMENT_3D('',#2475,#2007,#2008);
#1612=AXIS2_PLACEMENT_3D('',#2476,#2009,#2010);
#1613=AXIS2_PLACEMENT_3D('',#2479,#2012,#2013);
#1614=AXIS2_PLACEMENT_3D('',#2480,#2014,#2015);
#1615=AXIS2_PLACEMENT_3D('',#2483,#2017,#2018);
#1616=AXIS2_PLACEMENT_3D('',#2484,#2019,#2020);
#1617=AXIS2_PLACEMENT_3D('',#2487,#2022,#2023);
#1618=AXIS2_PLACEMENT_3D('',#2488,#2024,#2025);
#1619=AXIS2_PLACEMENT_3D('',#2491,#2027,#2028);
#1620=AXIS2_PLACEMENT_3D('',#2492,#2029,#2030);
#1621=AXIS2_PLACEMENT_3D('',#2495,#2032,#2033);
#1622=AXIS2_PLACEMENT_3D('',#2496,#2034,#2035);
#1623=AXIS2_PLACEMENT_3D('',#2499,#2037,#2038);
#1624=AXIS2_PLACEMENT_3D('',#2500,#2039,#2040);
#1625=AXIS2_PLACEMENT_3D('',#2503,#2042,#2043);
#1626=AXIS2_PLACEMENT_3D('',#2504,#2044,#2045);
#1627=AXIS2_PLACEMENT_3D('',#2507,#2047,#2048);
#1628=AXIS2_PLACEMENT_3D('',#2508,#2049,#2050);
#1629=AXIS2_PLACEMENT_3D('',#2511,#2052,#2053);
#1630=AXIS2_PLACEMENT_3D('',#2512,#2054,#2055);
#1631=AXIS2_PLACEMENT_3D('',#2515,#2057,#2058);
#1632=AXIS2_PLACEMENT_3D('',#2516,#2059,#2060);
#1633=AXIS2_PLACEMENT_3D('',#2520,#2063,#2064);
#1634=AXIS2_PLACEMENT_3D('',#2523,#2066,#2067);
#1635=AXIS2_PLACEMENT_3D('',#2526,#2069,#2070);
#1636=AXIS2_PLACEMENT_3D('',#2529,#2072,#2073);
#1637=AXIS2_PLACEMENT_3D('',#2530,#2074,#2075);
#1638=AXIS2_PLACEMENT_3D('',#2531,#2076,#2077);
#1639=AXIS2_PLACEMENT_3D('',#2533,#2078,#2079);
#1640=AXIS2_PLACEMENT_3D('',#2535,#2080,#2081);
#1641=AXIS2_PLACEMENT_3D('',#2536,#2082,#2083);
#1642=AXIS2_PLACEMENT_3D('',#2537,#2084,#2085);
#1643=AXIS2_PLACEMENT_3D('',#2539,#2086,#2087);
#1644=AXIS2_PLACEMENT_3D('',#2541,#2088,#2089);
#1645=AXIS2_PLACEMENT_3D('',#2542,#2090,#2091);
#1646=AXIS2_PLACEMENT_3D('',#2545,#2093,#2094);
#1647=AXIS2_PLACEMENT_3D('',#2548,#2096,#2097);
#1648=AXIS2_PLACEMENT_3D('',#2549,#2098,#2099);
#1649=AXIS2_PLACEMENT_3D('',#2550,#2100,#2101);
#1650=AXIS2_PLACEMENT_3D('',#2551,#2102,#2103);
#1651=AXIS2_PLACEMENT_3D('',#2552,#2104,#2105);
#1652=AXIS2_PLACEMENT_3D('',#2553,#2106,#2107);
#1653=AXIS2_PLACEMENT_3D('',#2556,#2109,#2110);
#1654=AXIS2_PLACEMENT_3D('',#2557,#2111,#2112);
#1655=AXIS2_PLACEMENT_3D('',#2560,#2114,#2115);
#1656=AXIS2_PLACEMENT_3D('',#2561,#2116,#2117);
#1657=AXIS2_PLACEMENT_3D('',#2562,#2118,#2119);
#1658=AXIS2_PLACEMENT_3D('',#2563,#2120,#2121);
#1659=AXIS2_PLACEMENT_3D('',#2564,#2122,#2123);
#1660=AXIS2_PLACEMENT_3D('',#2566,#2124,#2125);
#1661=AXIS2_PLACEMENT_3D('',#2567,#2126,#2127);
#1662=AXIS2_PLACEMENT_3D('',#2572,#2131,#2132);
#1663=AXIS2_PLACEMENT_3D('',#2574,#2134,#2135);
#1664=AXIS2_PLACEMENT_3D('',#2578,#2138,#2139);
#1665=AXIS2_PLACEMENT_3D('',#2580,#2141,#2142);
#1666=AXIS2_PLACEMENT_3D('',#2581,#2143,#2144);
#1667=AXIS2_PLACEMENT_3D('',#2583,#2145,#2146);
#1668=AXIS2_PLACEMENT_3D('',#2584,#2147,#2148);
#1669=AXIS2_PLACEMENT_3D('',#2586,#2149,#2150);
#1670=DIRECTION('',(0.,0.,1.));
#1671=DIRECTION('',(1.,0.,0.));
#1672=DIRECTION('',(4.37899634662852E-17,-0.866025403784439,0.5));
#1673=DIRECTION('',(0.,-0.5,-0.866025403784439));
#1674=DIRECTION('',(1.,1.52117864326303E-17,-6.12323399573677E-17));
#1675=DIRECTION('',(4.54228687199302E-17,0.5,0.866025403784439));
#1676=DIRECTION('',(1.,1.52117864326303E-17,-6.12323399573677E-17));
#1677=DIRECTION('',(-4.54228687199302E-17,-0.5,-0.866025403784439));
#1678=DIRECTION('',(1.,1.52117864326303E-17,-6.12323399573677E-17));
#1679=DIRECTION('',(-6.12323399573677E-17,0.,-1.));
#1680=DIRECTION('',(-1.,-1.52117864326303E-17,6.12323399573677E-17));
#1681=DIRECTION('',(6.12323399573677E-17,0.,1.));
#1682=DIRECTION('',(1.,1.52117864326303E-17,-6.12323399573677E-17));
#1683=DIRECTION('',(-6.12323399573677E-17,0.,-1.));
#1684=DIRECTION('',(1.,1.52117864326303E-17,-6.12323399573677E-17));
#1685=DIRECTION('',(-4.54228687199302E-17,-0.5,-0.866025403784439));
#1686=DIRECTION('',(0.,0.866025403784439,-0.5));
#1687=DIRECTION('',(1.,1.52117864326303E-17,-6.12323399573677E-17));
#1688=DIRECTION('',(4.37899634662852E-17,-0.866025403784439,0.5));
#1689=DIRECTION('',(-4.37899634662852E-17,0.866025403784439,-0.5));
#1690=DIRECTION('',(1.,1.52117864326303E-17,-6.12323399573677E-17));
#1691=DIRECTION('',(-6.12323399573677E-17,0.,-1.));
#1692=DIRECTION('',(-1.,-1.52117864326303E-17,6.12323399573677E-17));
#1693=DIRECTION('',(6.12323399573677E-17,0.,1.));
#1694=DIRECTION('',(1.,1.52117864326303E-17,-6.12323399573677E-17));
#1695=DIRECTION('',(-6.12323399573677E-17,0.,-1.));
#1696=DIRECTION('',(1.,1.52117864326303E-17,-6.12323399573677E-17));
#1697=DIRECTION('',(-4.37899634662852E-17,0.866025403784439,-0.5));
#1698=DIRECTION('',(0.,0.5,0.866025403784439));
#1699=DIRECTION('',(1.,1.52117864326303E-17,-6.12323399573677E-17));
#1700=DIRECTION('',(-4.54228687199302E-17,-0.5,-0.866025403784439));
#1701=DIRECTION('',(4.54228687199302E-17,0.5,0.866025403784439));
#1702=DIRECTION('',(1.,1.52117864326303E-17,-6.12323399573677E-17));
#1703=DIRECTION('',(-6.12323399573677E-17,0.,-1.));
#1704=DIRECTION('',(-1.,-1.52117864326303E-17,6.12323399573677E-17));
#1705=DIRECTION('',(6.12323399573677E-17,0.,1.));
#1706=DIRECTION('',(1.,1.52117864326303E-17,-6.12323399573677E-17));
#1707=DIRECTION('',(-6.12323399573677E-17,0.,-1.));
#1708=DIRECTION('',(1.,1.52117864326303E-17,-6.12323399573677E-17));
#1709=DIRECTION('',(4.54228687199302E-17,0.5,0.866025403784439));
#1710=DIRECTION('',(0.,-0.866025403784439,0.5));
#1711=DIRECTION('',(1.,1.52117864326303E-17,-6.12323399573677E-17));
#1712=DIRECTION('',(-4.37899634662852E-17,0.866025403784439,-0.5));
#1713=DIRECTION('',(4.37899634662852E-17,-0.866025403784439,0.5));
#1714=DIRECTION('',(1.,1.52117864326303E-17,-6.12323399573677E-17));
#1715=DIRECTION('',(-6.12323399573677E-17,0.,-1.));
#1716=DIRECTION('',(-1.,-1.52117864326303E-17,6.12323399573677E-17));
#1717=DIRECTION('',(6.12323399573677E-17,0.,1.));
#1718=DIRECTION('',(1.,1.52117864326303E-17,-6.12323399573677E-17));
#1719=DIRECTION('',(-6.12323399573677E-17,0.,-1.));
#1720=DIRECTION('',(-4.37899634662852E-17,0.866025403784439,-0.5));
#1721=DIRECTION('',(0.,0.5,0.866025403784439));
#1722=DIRECTION('',(1.,1.52117864326303E-17,-6.12323399573677E-17));
#1723=DIRECTION('',(-4.54228687199302E-17,-0.5,-0.866025403784439));
#1724=DIRECTION('',(1.,1.52117864326303E-17,-6.12323399573677E-17));
#1725=DIRECTION('',(4.54228687199302E-17,0.5,0.866025403784439));
#1726=DIRECTION('',(1.,1.52117864326303E-17,-6.12323399573677E-17));
#1727=DIRECTION('',(-6.12323399573677E-17,0.,-1.));
#1728=DIRECTION('',(-1.,-1.52117864326303E-17,6.12323399573677E-17));
#1729=DIRECTION('',(6.12323399573677E-17,0.,1.));
#1730=DIRECTION('',(1.,1.52117864326303E-17,-6.12323399573677E-17));
#1731=DIRECTION('',(-6.12323399573677E-17,0.,-1.));
#1732=DIRECTION('',(1.,1.52117864326303E-17,-6.12323399573677E-17));
#1733=DIRECTION('',(4.54228687199302E-17,0.5,0.866025403784439));
#1734=DIRECTION('',(0.,-0.866025403784439,0.5));
#1735=DIRECTION('',(1.,1.52117864326303E-17,-6.12323399573677E-17));
#1736=DIRECTION('',(-4.37899634662852E-17,0.866025403784439,-0.5));
#1737=DIRECTION('',(4.37899634662852E-17,-0.866025403784439,0.5));
#1738=DIRECTION('',(1.,1.52117864326303E-17,-6.12323399573677E-17));
#1739=DIRECTION('',(-6.12323399573677E-17,0.,-1.));
#1740=DIRECTION('',(-1.,-1.52117864326303E-17,6.12323399573677E-17));
#1741=DIRECTION('',(6.12323399573677E-17,0.,1.));
#1742=DIRECTION('',(1.,1.52117864326303E-17,-6.12323399573677E-17));
#1743=DIRECTION('',(-6.12323399573677E-17,0.,-1.));
#1744=DIRECTION('',(1.,1.52117864326303E-17,-6.12323399573677E-17));
#1745=DIRECTION('',(4.37899634662852E-17,-0.866025403784438,0.5));
#1746=DIRECTION('',(0.,-0.5,-0.866025403784438));
#1747=DIRECTION('',(1.,1.52117864326303E-17,-6.12323399573677E-17));
#1748=DIRECTION('',(4.54228687199302E-17,0.5,0.866025403784438));
#1749=DIRECTION('',(-4.54228687199302E-17,-0.5,-0.866025403784438));
#1750=DIRECTION('',(1.,1.52117864326303E-17,-6.12323399573677E-17));
#1751=DIRECTION('',(-6.12323399573677E-17,0.,-1.));
#1752=DIRECTION('',(-1.,-1.52117864326303E-17,6.12323399573677E-17));
#1753=DIRECTION('',(6.12323399573677E-17,0.,1.));
#1754=DIRECTION('',(1.,1.52117864326303E-17,-6.12323399573677E-17));
#1755=DIRECTION('',(-6.12323399573677E-17,0.,-1.));
#1756=DIRECTION('',(1.,1.52117864326303E-17,-6.12323399573677E-17));
#1757=DIRECTION('',(-4.54228687199302E-17,-0.5,-0.866025403784438));
#1758=DIRECTION('',(0.,0.866025403784438,-0.5));
#1759=DIRECTION('',(1.,1.52117864326303E-17,-6.12323399573677E-17));
#1760=DIRECTION('',(4.37899634662852E-17,-0.866025403784438,0.5));
#1761=DIRECTION('',(-4.37899634662852E-17,0.866025403784438,-0.5));
#1762=DIRECTION('',(1.,1.52117864326303E-17,-6.12323399573677E-17));
#1763=DIRECTION('',(-6.12323399573677E-17,0.,-1.));
#1764=DIRECTION('',(-1.,-1.52117864326303E-17,6.12323399573677E-17));
#1765=DIRECTION('',(6.12323399573677E-17,0.,1.));
#1766=DIRECTION('',(1.,1.52117864326303E-17,-6.12323399573677E-17));
#1767=DIRECTION('',(-6.12323399573677E-17,0.,-1.));
#1768=DIRECTION('',(-4.37899634662852E-17,0.866025403784439,-0.5));
#1769=DIRECTION('',(0.,0.5,0.866025403784439));
#1770=DIRECTION('',(1.,1.52117864326303E-17,-6.12323399573677E-17));
#1771=DIRECTION('',(-4.54228687199302E-17,-0.5,-0.866025403784439));
#1772=DIRECTION('',(1.,1.52117864326303E-17,-6.12323399573677E-17));
#1773=DIRECTION('',(4.54228687199302E-17,0.5,0.866025403784439));
#1774=DIRECTION('',(1.,1.52117864326303E-17,-6.12323399573677E-17));
#1775=DIRECTION('',(-6.12323399573677E-17,0.,-1.));
#1776=DIRECTION('',(-1.,-1.52117864326303E-17,6.12323399573677E-17));
#1777=DIRECTION('',(6.12323399573677E-17,0.,1.));
#1778=DIRECTION('',(1.,1.52117864326303E-17,-6.12323399573677E-17));
#1779=DIRECTION('',(-6.12323399573677E-17,0.,-1.));
#1780=DIRECTION('',(1.,1.52117864326303E-17,-6.12323399573677E-17));
#1781=DIRECTION('',(4.54228687199302E-17,0.5,0.866025403784439));
#1782=DIRECTION('',(0.,-0.866025403784439,0.5));
#1783=DIRECTION('',(1.,1.52117864326303E-17,-6.12323399573677E-17));
#1784=DIRECTION('',(-4.37899634662852E-17,0.866025403784439,-0.5));
#1785=DIRECTION('',(4.37899634662852E-17,-0.866025403784439,0.5));
#1786=DIRECTION('',(1.,1.52117864326303E-17,-6.12323399573677E-17));
#1787=DIRECTION('',(-6.12323399573677E-17,0.,-1.));
#1788=DIRECTION('',(-1.,-1.52117864326303E-17,6.12323399573677E-17));
#1789=DIRECTION('',(6.12323399573677E-17,0.,1.));
#1790=DIRECTION('',(1.,1.52117864326303E-17,-6.12323399573677E-17));
#1791=DIRECTION('',(-6.12323399573677E-17,0.,-1.));
#1792=DIRECTION('',(1.,1.52117864326303E-17,-6.12323399573677E-17));
#1793=DIRECTION('',(4.37899634662852E-17,-0.866025403784438,0.5));
#1794=DIRECTION('',(0.,-0.5,-0.866025403784438));
#1795=DIRECTION('',(1.,1.52117864326303E-17,-6.12323399573677E-17));
#1796=DIRECTION('',(4.54228687199302E-17,0.5,0.866025403784438));
#1797=DIRECTION('',(-4.54228687199302E-17,-0.5,-0.866025403784438));
#1798=DIRECTION('',(1.,1.52117864326303E-17,-6.12323399573677E-17));
#1799=DIRECTION('',(-6.12323399573677E-17,0.,-1.));
#1800=DIRECTION('',(-1.,-1.52117864326303E-17,6.12323399573677E-17));
#1801=DIRECTION('',(6.12323399573677E-17,0.,1.));
#1802=DIRECTION('',(1.,1.52117864326303E-17,-6.12323399573677E-17));
#1803=DIRECTION('',(-6.12323399573677E-17,0.,-1.));
#1804=DIRECTION('',(1.,1.52117864326303E-17,-6.12323399573677E-17));
#1805=DIRECTION('',(-4.54228687199302E-17,-0.5,-0.866025403784438));
#1806=DIRECTION('',(0.,0.866025403784438,-0.5));
#1807=DIRECTION('',(1.,1.52117864326303E-17,-6.12323399573677E-17));
#1808=DIRECTION('',(4.37899634662852E-17,-0.866025403784438,0.5));
#1809=DIRECTION('',(-4.37899634662852E-17,0.866025403784438,-0.5));
#1810=DIRECTION('',(1.,1.52117864326303E-17,-6.12323399573677E-17));
#1811=DIRECTION('',(-6.12323399573677E-17,0.,-1.));
#1812=DIRECTION('',(-1.,-1.52117864326303E-17,6.12323399573677E-17));
#1813=DIRECTION('',(6.12323399573677E-17,0.,1.));
#1814=DIRECTION('',(1.,1.52117864326303E-17,-6.12323399573677E-17));
#1815=DIRECTION('',(-6.12323399573677E-17,0.,-1.));
#1816=DIRECTION('',(1.,1.52117864326303E-17,-6.12323399573677E-17));
#1817=DIRECTION('',(-6.12323399573677E-17,0.,-1.));
#1818=DIRECTION('',(1.,1.52117864326303E-17,-6.12323399573677E-17));
#1819=DIRECTION('',(1.,1.52117864326303E-17,-6.12323399573677E-17));
#1820=DIRECTION('',(-6.12323399573677E-17,0.,-1.));
#1821=DIRECTION('',(1.,1.52117864326303E-17,-6.12323399573677E-17));
#1822=DIRECTION('',(1.,1.52117864326303E-17,-6.12323399573677E-17));
#1823=DIRECTION('',(-6.12323399573677E-17,0.,-1.));
#1824=DIRECTION('',(1.,1.52117864326303E-17,-6.12323399573677E-17));
#1825=DIRECTION('',(-6.12323399573677E-17,0.,-1.));
#1826=DIRECTION('',(1.,1.52117864326303E-17,-6.12323399573677E-17));
#1827=DIRECTION('',(-6.12323399573677E-17,0.,-1.));
#1828=DIRECTION('',(-1.,-1.52117864326303E-17,6.12323399573677E-17));
#1829=DIRECTION('',(6.12323399573677E-17,0.,1.));
#1830=DIRECTION('',(1.,1.52117864326303E-17,-6.12323399573677E-17));
#1831=DIRECTION('',(-6.12323399573677E-17,0.,-1.));
#1832=DIRECTION('',(1.,1.52117864326303E-17,-6.12323399573677E-17));
#1833=DIRECTION('',(-6.12323399573677E-17,0.,-1.));
#1834=DIRECTION('',(-1.,-1.52117864326303E-17,6.12323399573677E-17));
#1835=DIRECTION('',(6.12323399573677E-17,0.,1.));
#1836=DIRECTION('',(1.52117864326303E-17,-1.,1.06697194015656E-49));
#1837=DIRECTION('',(1.,1.52117864326303E-17,0.));
#1838=DIRECTION('',(6.12323399573677E-17,9.31453278201692E-34,1.));
#1839=DIRECTION('',(1.,1.52117864326303E-17,-6.12323399573677E-17));
#1840=DIRECTION('',(6.12323399573677E-17,9.31453278201692E-34,1.));
#1841=DIRECTION('',(-1.,-1.52117864326303E-17,6.12323399573677E-17));
#1842=DIRECTION('',(1.52117864326303E-17,-1.,-9.31453278201692E-34));
#1843=DIRECTION('',(1.,1.52117864326303E-17,-6.12323399573677E-17));
#1844=DIRECTION('',(-1.52117864326303E-17,1.,9.31453278201692E-34));
#1845=DIRECTION('',(1.,1.52117864326303E-17,-6.12323399573677E-17));
#1846=DIRECTION('',(-1.52117864326303E-17,1.,9.31453278201692E-34));
#1847=DIRECTION('',(-1.,-1.52117864326303E-17,6.12323399573677E-17));
#1848=DIRECTION('',(-1.52117864326303E-17,1.,9.31453278201692E-34));
#1849=DIRECTION('',(1.,1.52117864326303E-17,-6.12323399573677E-17));
#1850=DIRECTION('',(-1.52117864326303E-17,1.,9.31453278201692E-34));
#1851=DIRECTION('',(-1.,-1.52117864326303E-17,6.12323399573677E-17));
#1852=DIRECTION('',(6.12323399573677E-17,0.,1.));
#1853=DIRECTION('',(-1.,-1.52117864326303E-17,6.12323399573677E-17));
#1854=DIRECTION('',(6.12323399573677E-17,0.,1.));
#1855=DIRECTION('',(1.,1.52117864326303E-17,-6.12323399573677E-17));
#1856=DIRECTION('',(-1.52117864326303E-17,1.,9.31453278201692E-34));
#1857=DIRECTION('',(1.,1.52117864326303E-17,-6.12323399573677E-17));
#1858=DIRECTION('',(-1.52117864326303E-17,1.,9.31453278201692E-34));
#1859=DIRECTION('',(1.,1.52117864326303E-17,-6.12323399573677E-17));
#1860=DIRECTION('',(-1.52117864326303E-17,1.,9.31453278201692E-34));
#1861=DIRECTION('',(0.,-0.981601618186721,-0.190940470234077));
#1862=DIRECTION('',(1.,1.52117864326303E-17,-6.12323399573677E-17));
#1863=DIRECTION('',(-1.52117864326303E-17,1.,9.31453278201692E-34));
#1864=DIRECTION('',(1.,1.52117864326303E-17,-6.12323399573677E-17));
#1865=DIRECTION('',(-1.52117864326303E-17,1.,9.31453278201692E-34));
#1866=DIRECTION('',(1.,1.52117864326303E-17,-6.12323399573677E-17));
#1867=DIRECTION('',(-1.52117864326303E-17,1.,9.31453278201692E-34));
#1868=DIRECTION('',(1.,1.52117864326303E-17,-6.12323399573677E-17));
#1869=DIRECTION('',(-1.52117864326303E-17,1.,9.31453278201692E-34));
#1870=DIRECTION('',(1.,1.52117864326303E-17,-6.12323399573677E-17));
#1871=DIRECTION('',(-1.52117864326303E-17,1.,9.31453278201692E-34));
#1872=DIRECTION('',(1.,1.52117864326303E-17,-6.12323399573677E-17));
#1873=DIRECTION('',(-1.52117864326303E-17,1.,9.31453278201692E-34));
#1874=DIRECTION('',(1.,1.52117864326303E-17,-6.12323399573677E-17));
#1875=DIRECTION('',(-1.52117864326303E-17,1.,9.31453278201692E-34));
#1876=DIRECTION('',(1.,1.52117864326303E-17,-6.12323399573677E-17));
#1877=DIRECTION('',(-1.52117864326303E-17,1.,9.31453278201692E-34));
#1878=DIRECTION('',(1.,1.52117864326303E-17,-6.12323399573677E-17));
#1879=DIRECTION('',(-1.52117864326303E-17,1.,9.31453278201692E-34));
#1880=DIRECTION('',(1.,1.52117864326303E-17,-6.12323399573677E-17));
#1881=DIRECTION('',(-1.52117864326303E-17,1.,9.31453278201692E-34));
#1882=DIRECTION('',(1.,1.52117864326303E-17,-6.12323399573677E-17));
#1883=DIRECTION('',(-1.52117864326303E-17,1.,9.31453278201692E-34));
#1884=DIRECTION('',(1.,1.52117864326303E-17,-6.12323399573677E-17));
#1885=DIRECTION('',(-1.52117864326303E-17,1.,9.31453278201692E-34));
#1886=DIRECTION('',(1.,1.52117864326303E-17,-6.12323399573677E-17));
#1887=DIRECTION('',(-1.52117864326303E-17,1.,9.31453278201692E-34));
#1888=DIRECTION('',(1.,1.52117864326303E-17,-6.12323399573677E-17));
#1889=DIRECTION('',(-1.52117864326303E-17,1.,9.31453278201692E-34));
#1890=DIRECTION('',(1.,1.52117864326303E-17,-6.12323399573677E-17));
#1891=DIRECTION('',(-1.52117864326303E-17,1.,9.31453278201692E-34));
#1892=DIRECTION('',(1.,1.52117864326303E-17,-6.12323399573677E-17));
#1893=DIRECTION('',(-1.52117864326303E-17,1.,9.31453278201692E-34));
#1894=DIRECTION('',(1.,1.52117864326303E-17,-6.12323399573677E-17));
#1895=DIRECTION('',(-1.52117864326303E-17,1.,9.31453278201692E-34));
#1896=DIRECTION('',(1.,1.52117864326303E-17,-6.12323399573677E-17));
#1897=DIRECTION('',(-1.52117864326303E-17,1.,9.31453278201692E-34));
#1898=DIRECTION('',(1.,1.52117864326303E-17,-6.12323399573677E-17));
#1899=DIRECTION('',(-1.52117864326303E-17,1.,9.31453278201692E-34));
#1900=DIRECTION('',(1.,1.52117864326303E-17,-6.12323399573677E-17));
#1901=DIRECTION('',(-1.52117864326303E-17,1.,9.31453278201692E-34));
#1902=DIRECTION('',(1.,1.52117864326303E-17,-6.12323399573677E-17));
#1903=DIRECTION('',(-1.52117864326303E-17,1.,9.31453278201692E-34));
#1904=DIRECTION('',(1.,1.52117864326303E-17,-6.12323399573677E-17));
#1905=DIRECTION('',(-1.52117864326303E-17,1.,9.31453278201692E-34));
#1906=DIRECTION('',(1.,1.52117864326303E-17,-6.12323399573677E-17));
#1907=DIRECTION('',(-1.52117864326303E-17,1.,9.31453278201692E-34));
#1908=DIRECTION('',(1.,1.52117864326303E-17,-6.12323399573677E-17));
#1909=DIRECTION('',(-1.52117864326303E-17,1.,9.31453278201692E-34));
#1910=DIRECTION('',(1.,1.52117864326303E-17,-6.12323399573677E-17));
#1911=DIRECTION('',(-1.52117864326303E-17,1.,9.31453278201692E-34));
#1912=DIRECTION('',(0.,0.981601602544218,-0.190940550650257));
#1913=DIRECTION('',(1.,1.52117864326303E-17,-6.12323399573677E-17));
#1914=DIRECTION('',(-1.52117864326303E-17,1.,9.31453278201692E-34));
#1915=DIRECTION('',(1.,1.52117864326303E-17,-6.12323399573677E-17));
#1916=DIRECTION('',(-1.52117864326303E-17,1.,9.31453278201692E-34));
#1917=DIRECTION('',(-1.,-1.52117864326303E-17,6.12323399573677E-17));
#1918=DIRECTION('',(1.52117864326303E-17,-1.,-9.31453278201692E-34));
#1919=DIRECTION('',(1.,1.52117864326303E-17,-6.12323399573677E-17));
#1920=DIRECTION('',(-1.52117864326303E-17,1.,9.31453278201692E-34));
#1921=DIRECTION('',(-1.,-1.52117864326303E-17,6.12323399573677E-17));
#1922=DIRECTION('',(1.,1.52117864326303E-17,-6.12323399573677E-17));
#1923=DIRECTION('',(-1.52117864326303E-17,1.,9.31453278201692E-34));
#1924=DIRECTION('',(-1.,-1.52117864326303E-17,6.12323399573677E-17));
#1925=DIRECTION('',(-1.,-1.52117864326303E-17,6.12323399573677E-17));
#1926=DIRECTION('',(6.12323399573677E-17,0.,1.));
#1927=DIRECTION('',(1.,1.52117864326303E-17,-6.12323399573677E-17));
#1928=DIRECTION('',(-1.52117864326303E-17,1.,9.31453278201692E-34));
#1929=DIRECTION('',(5.72012161518197E-17,0.190940550651887,0.981601602543901));
#1930=DIRECTION('',(2.66236506489888E-17,-0.981601602543901,0.190940550651887));
#1931=DIRECTION('',(-1.,-1.52117864326303E-17,6.12323399573677E-17));
#1932=DIRECTION('',(0.,0.981601602544218,-0.190940550650257));
#1933=DIRECTION('',(-1.,-1.52117864326303E-17,6.12323399573677E-17));
#1934=DIRECTION('',(-1.,-1.52117864326303E-17,6.12323399573677E-17));
#1935=DIRECTION('',(1.52117864326303E-17,-1.,-9.31453278201692E-34));
#1936=DIRECTION('',(-1.,-1.52117864326303E-17,6.12323399573677E-17));
#1937=DIRECTION('',(1.,1.52117864326303E-17,-6.12323399573677E-17));
#1938=DIRECTION('',(-1.52117864326303E-17,1.,9.31453278201692E-34));
#1939=DIRECTION('',(-1.,-1.52117864326303E-17,6.12323399573677E-17));
#1940=DIRECTION('',(1.52117864326303E-17,-1.,-9.31453278201692E-34));
#1941=DIRECTION('',(-1.,-1.52117864326303E-17,6.12323399573677E-17));
#1942=DIRECTION('',(1.,1.52117864326303E-17,-6.12323399573677E-17));
#1943=DIRECTION('',(-1.52117864326303E-17,1.,9.31453278201692E-34));
#1944=DIRECTION('',(-1.,-1.52117864326303E-17,6.12323399573677E-17));
#1945=DIRECTION('',(1.52117864326303E-17,-1.,-9.31453278201692E-34));
#1946=DIRECTION('',(-1.,-1.52117864326303E-17,6.12323399573677E-17));
#1947=DIRECTION('',(1.,1.52117864326303E-17,-6.12323399573677E-17));
#1948=DIRECTION('',(-1.52117864326303E-17,1.,9.31453278201692E-34));
#1949=DIRECTION('',(-1.,-1.52117864326303E-17,6.12323399573677E-17));
#1950=DIRECTION('',(1.52117864326303E-17,-1.,-9.31453278201692E-34));
#1951=DIRECTION('',(-1.,-1.52117864326303E-17,6.12323399573677E-17));
#1952=DIRECTION('',(1.,1.52117864326303E-17,-6.12323399573677E-17));
#1953=DIRECTION('',(-1.52117864326303E-17,1.,9.31453278201692E-34));
#1954=DIRECTION('',(-1.,-1.52117864326303E-17,6.12323399573677E-17));
#1955=DIRECTION('',(1.52117864326303E-17,-1.,-9.31453278201692E-34));
#1956=DIRECTION('',(-1.,-1.52117864326303E-17,6.12323399573677E-17));
#1957=DIRECTION('',(1.,1.52117864326303E-17,-6.12323399573677E-17));
#1958=DIRECTION('',(-1.52117864326303E-17,1.,9.31453278201692E-34));
#1959=DIRECTION('',(-1.,-1.52117864326303E-17,6.12323399573677E-17));
#1960=DIRECTION('',(1.52117864326303E-17,-1.,-9.31453278201692E-34));
#1961=DIRECTION('',(-1.,-1.52117864326303E-17,6.12323399573677E-17));
#1962=DIRECTION('',(1.,1.52117864326303E-17,-6.12323399573677E-17));
#1963=DIRECTION('',(-1.52117864326303E-17,1.,9.31453278201692E-34));
#1964=DIRECTION('',(-1.,-1.52117864326303E-17,6.12323399573677E-17));
#1965=DIRECTION('',(1.52117864326303E-17,-1.,-9.31453278201692E-34));
#1966=DIRECTION('',(-1.,-1.52117864326303E-17,6.12323399573677E-17));
#1967=DIRECTION('',(1.,1.52117864326303E-17,-6.12323399573677E-17));
#1968=DIRECTION('',(-1.52117864326303E-17,1.,9.31453278201692E-34));
#1969=DIRECTION('',(-1.,-1.52117864326303E-17,6.12323399573677E-17));
#1970=DIRECTION('',(1.52117864326303E-17,-1.,-9.31453278201692E-34));
#1971=DIRECTION('',(-1.,-1.52117864326303E-17,6.12323399573677E-17));
#1972=DIRECTION('',(1.,1.52117864326303E-17,-6.12323399573677E-17));
#1973=DIRECTION('',(-1.52117864326303E-17,1.,9.31453278201692E-34));
#1974=DIRECTION('',(-1.,-1.52117864326303E-17,6.12323399573677E-17));
#1975=DIRECTION('',(1.52117864326303E-17,-1.,-9.31453278201692E-34));
#1976=DIRECTION('',(-1.,-1.52117864326303E-17,6.12323399573677E-17));
#1977=DIRECTION('',(1.,1.52117864326303E-17,-6.12323399573677E-17));
#1978=DIRECTION('',(-1.52117864326303E-17,1.,9.31453278201692E-34));
#1979=DIRECTION('',(-1.,-1.52117864326303E-17,6.12323399573677E-17));
#1980=DIRECTION('',(1.52117864326303E-17,-1.,-9.31453278201692E-34));
#1981=DIRECTION('',(-1.,-1.52117864326303E-17,6.12323399573677E-17));
#1982=DIRECTION('',(1.,1.52117864326303E-17,-6.12323399573677E-17));
#1983=DIRECTION('',(-1.52117864326303E-17,1.,9.31453278201692E-34));
#1984=DIRECTION('',(-1.,-1.52117864326303E-17,6.12323399573677E-17));
#1985=DIRECTION('',(1.52117864326303E-17,-1.,-9.31453278201692E-34));
#1986=DIRECTION('',(-1.,-1.52117864326303E-17,6.12323399573677E-17));
#1987=DIRECTION('',(1.,1.52117864326303E-17,-6.12323399573677E-17));
#1988=DIRECTION('',(-1.52117864326303E-17,1.,9.31453278201692E-34));
#1989=DIRECTION('',(-1.,-1.52117864326303E-17,6.12323399573677E-17));
#1990=DIRECTION('',(1.52117864326303E-17,-1.,-9.31453278201692E-34));
#1991=DIRECTION('',(-1.,-1.52117864326303E-17,6.12323399573677E-17));
#1992=DIRECTION('',(1.,1.52117864326303E-17,-6.12323399573677E-17));
#1993=DIRECTION('',(-1.52117864326303E-17,1.,9.31453278201692E-34));
#1994=DIRECTION('',(-1.,-1.52117864326303E-17,6.12323399573677E-17));
#1995=DIRECTION('',(1.52117864326303E-17,-1.,-9.31453278201692E-34));
#1996=DIRECTION('',(-1.,-1.52117864326303E-17,6.12323399573677E-17));
#1997=DIRECTION('',(1.,1.52117864326303E-17,-6.12323399573677E-17));
#1998=DIRECTION('',(-1.52117864326303E-17,1.,9.31453278201692E-34));
#1999=DIRECTION('',(-1.,-1.52117864326303E-17,6.12323399573677E-17));
#2000=DIRECTION('',(1.52117864326303E-17,-1.,-9.31453278201692E-34));
#2001=DIRECTION('',(-1.,-1.52117864326303E-17,6.12323399573677E-17));
#2002=DIRECTION('',(1.,1.52117864326303E-17,-6.12323399573677E-17));
#2003=DIRECTION('',(-1.52117864326303E-17,1.,9.31453278201692E-34));
#2004=DIRECTION('',(-1.,-1.52117864326303E-17,6.12323399573677E-17));
#2005=DIRECTION('',(1.52117864326303E-17,-1.,-9.31453278201692E-34));
#2006=DIRECTION('',(-1.,-1.52117864326303E-17,6.12323399573677E-17));
#2007=DIRECTION('',(1.,1.52117864326303E-17,-6.12323399573677E-17));
#2008=DIRECTION('',(-1.52117864326303E-17,1.,9.31453278201692E-34));
#2009=DIRECTION('',(-1.,-1.52117864326303E-17,6.12323399573677E-17));
#2010=DIRECTION('',(1.52117864326303E-17,-1.,-9.31453278201692E-34));
#2011=DIRECTION('',(-1.,-1.52117864326303E-17,6.12323399573677E-17));
#2012=DIRECTION('',(1.,1.52117864326303E-17,-6.12323399573677E-17));
#2013=DIRECTION('',(-1.52117864326303E-17,1.,9.31453278201692E-34));
#2014=DIRECTION('',(-1.,-1.52117864326303E-17,6.12323399573677E-17));
#2015=DIRECTION('',(1.52117864326303E-17,-1.,-9.31453278201692E-34));
#2016=DIRECTION('',(-1.,-1.52117864326303E-17,6.12323399573677E-17));
#2017=DIRECTION('',(1.,1.52117864326303E-17,-6.12323399573677E-17));
#2018=DIRECTION('',(-1.52117864326303E-17,1.,9.31453278201692E-34));
#2019=DIRECTION('',(-1.,-1.52117864326303E-17,6.12323399573677E-17));
#2020=DIRECTION('',(1.52117864326303E-17,-1.,-9.31453278201692E-34));
#2021=DIRECTION('',(-1.,-1.52117864326303E-17,6.12323399573677E-17));
#2022=DIRECTION('',(1.,1.52117864326303E-17,-6.12323399573677E-17));
#2023=DIRECTION('',(-1.52117864326303E-17,1.,9.31453278201692E-34));
#2024=DIRECTION('',(-1.,-1.52117864326303E-17,6.12323399573677E-17));
#2025=DIRECTION('',(1.52117864326303E-17,-1.,-9.31453278201692E-34));
#2026=DIRECTION('',(-1.,-1.52117864326303E-17,6.12323399573677E-17));
#2027=DIRECTION('',(1.,1.52117864326303E-17,-6.12323399573677E-17));
#2028=DIRECTION('',(-1.52117864326303E-17,1.,9.31453278201692E-34));
#2029=DIRECTION('',(-1.,-1.52117864326303E-17,6.12323399573677E-17));
#2030=DIRECTION('',(1.52117864326303E-17,-1.,-9.31453278201692E-34));
#2031=DIRECTION('',(-1.,-1.52117864326303E-17,6.12323399573677E-17));
#2032=DIRECTION('',(1.,1.52117864326303E-17,-6.12323399573677E-17));
#2033=DIRECTION('',(-1.52117864326303E-17,1.,9.31453278201692E-34));
#2034=DIRECTION('',(-1.,-1.52117864326303E-17,6.12323399573677E-17));
#2035=DIRECTION('',(1.52117864326303E-17,-1.,-9.31453278201692E-34));
#2036=DIRECTION('',(-1.,-1.52117864326303E-17,6.12323399573677E-17));
#2037=DIRECTION('',(1.,1.52117864326303E-17,-6.12323399573677E-17));
#2038=DIRECTION('',(-1.52117864326303E-17,1.,9.31453278201692E-34));
#2039=DIRECTION('',(-1.,-1.52117864326303E-17,6.12323399573677E-17));
#2040=DIRECTION('',(1.52117864326303E-17,-1.,-9.31453278201692E-34));
#2041=DIRECTION('',(-1.,-1.52117864326303E-17,6.12323399573677E-17));
#2042=DIRECTION('',(1.,1.52117864326303E-17,-6.12323399573677E-17));
#2043=DIRECTION('',(-1.52117864326303E-17,1.,9.31453278201692E-34));
#2044=DIRECTION('',(-1.,-1.52117864326303E-17,6.12323399573677E-17));
#2045=DIRECTION('',(1.52117864326303E-17,-1.,-9.31453278201692E-34));
#2046=DIRECTION('',(-1.,-1.52117864326303E-17,6.12323399573677E-17));
#2047=DIRECTION('',(1.,1.52117864326303E-17,-6.12323399573677E-17));
#2048=DIRECTION('',(-1.52117864326303E-17,1.,9.31453278201692E-34));
#2049=DIRECTION('',(-1.,-1.52117864326303E-17,6.12323399573677E-17));
#2050=DIRECTION('',(1.52117864326303E-17,-1.,-9.31453278201692E-34));
#2051=DIRECTION('',(-1.,-1.52117864326303E-17,6.12323399573677E-17));
#2052=DIRECTION('',(1.,1.52117864326303E-17,-6.12323399573677E-17));
#2053=DIRECTION('',(-1.52117864326303E-17,1.,9.31453278201692E-34));
#2054=DIRECTION('',(-1.,-1.52117864326303E-17,6.12323399573677E-17));
#2055=DIRECTION('',(1.52117864326303E-17,-1.,-9.31453278201692E-34));
#2056=DIRECTION('',(-1.,-1.52117864326303E-17,6.12323399573677E-17));
#2057=DIRECTION('',(1.,1.52117864326303E-17,-6.12323399573677E-17));
#2058=DIRECTION('',(-1.52117864326303E-17,1.,9.31453278201692E-34));
#2059=DIRECTION('',(-6.30103096420303E-17,0.190940470225591,-0.981601618188372));
#2060=DIRECTION('',(-3.24018239333277E-18,0.981601618188372,0.190940470225591));
#2061=DIRECTION('',(-1.,-1.52117864326303E-17,6.12323399573677E-17));
#2062=DIRECTION('',(0.,-0.981601618186721,-0.190940470234077));
#2063=DIRECTION('',(-1.,-1.52117864326303E-17,6.12323399573677E-17));
#2064=DIRECTION('',(0.,-0.994810125656137,-0.101748778331831));
#2065=DIRECTION('',(-1.,-1.52117864326303E-17,6.12323399573677E-17));
#2066=DIRECTION('',(-1.,-1.52117864326303E-17,6.12323399573677E-17));
#2067=DIRECTION('',(6.12323399573677E-17,0.,1.));
#2068=DIRECTION('',(-1.,-1.52117864326303E-17,6.12323399573677E-17));
#2069=DIRECTION('',(-1.,-1.52117864326303E-17,6.12323399573677E-17));
#2070=DIRECTION('',(0.,-0.996307029826994,0.0858621122341744));
#2071=DIRECTION('',(-1.,-1.52117864326303E-17,6.12323399573677E-17));
#2072=DIRECTION('',(-1.,-1.52117864326303E-17,6.12323399573677E-17));
#2073=DIRECTION('',(6.12323399573677E-17,0.,1.));
#2074=DIRECTION('',(1.,1.52117864326303E-17,-6.12323399573677E-17));
#2075=DIRECTION('',(-1.52117864326303E-17,1.,9.31453278201692E-34));
#2076=DIRECTION('',(1.,1.52117864326303E-17,-6.12323399573677E-17));
#2077=DIRECTION('',(-1.52117864326303E-17,1.,9.31453278201692E-34));
#2078=DIRECTION('',(1.,1.52117864326303E-17,-6.12323399573677E-17));
#2079=DIRECTION('',(-1.52117864326303E-17,1.,9.31453278201692E-34));
#2080=DIRECTION('',(1.,1.52117864326303E-17,-6.12323399573677E-17));
#2081=DIRECTION('',(-1.52117864326303E-17,1.,9.31453278201692E-34));
#2082=DIRECTION('',(1.,1.52117864326303E-17,-6.12323399573677E-17));
#2083=DIRECTION('',(-1.52117864326303E-17,1.,9.31453278201692E-34));
#2084=DIRECTION('',(-1.,-1.52117864326303E-17,6.12323399573677E-17));
#2085=DIRECTION('',(1.52117864326303E-17,-1.,-9.31453278201692E-34));
#2086=DIRECTION('',(-1.,-1.52117864326303E-17,6.12323399573677E-17));
#2087=DIRECTION('',(1.52117864326303E-17,-1.,-9.31453278201692E-34));
#2088=DIRECTION('',(-1.,-1.52117864326303E-17,6.12323399573677E-17));
#2089=DIRECTION('',(-1.52117864326303E-17,1.,9.31453278201692E-34));
#2090=DIRECTION('',(1.,1.52117864326303E-17,-6.12323399573677E-17));
#2091=DIRECTION('',(-1.52117864326303E-17,1.,9.31453278201692E-34));
#2092=DIRECTION('',(1.,1.52117864326303E-17,-6.12323399573677E-17));
#2093=DIRECTION('',(-1.,-1.52117864326303E-17,6.12323399573677E-17));
#2094=DIRECTION('',(1.52117864326303E-17,-1.,-9.31453278201692E-34));
#2095=DIRECTION('',(1.,1.52117864326303E-17,-6.12323399573677E-17));
#2096=DIRECTION('',(1.,1.52117864326303E-17,-6.12323399573677E-17));
#2097=DIRECTION('',(-1.52117864326303E-17,1.,9.31453278201692E-34));
#2098=DIRECTION('',(-1.,-1.52117864326303E-17,6.12323399573677E-17));
#2099=DIRECTION('',(1.52117864326303E-17,-1.,-9.31453278201692E-34));
#2100=DIRECTION('',(1.,1.52117864326303E-17,-6.12323399573677E-17));
#2101=DIRECTION('',(-1.52117864326303E-17,1.,9.31453278201692E-34));
#2102=DIRECTION('',(-1.,-1.52117864326303E-17,6.12323399573677E-17));
#2103=DIRECTION('',(1.52117864326303E-17,-1.,-9.31453278201692E-34));
#2104=DIRECTION('',(1.,1.52117864326303E-17,-6.12323399573677E-17));
#2105=DIRECTION('',(-1.52117864326303E-17,1.,9.31453278201692E-34));
#2106=DIRECTION('',(-1.,-1.52117864326303E-17,6.12323399573677E-17));
#2107=DIRECTION('',(1.52117864326303E-17,-1.,-9.31453278201692E-34));
#2108=DIRECTION('',(1.,1.52117864326303E-17,-6.12323399573677E-17));
#2109=DIRECTION('',(1.,1.52117864326303E-17,-6.12323399573677E-17));
#2110=DIRECTION('',(-1.52117864326303E-17,1.,9.31453278201692E-34));
#2111=DIRECTION('',(-1.,-1.52117864326303E-17,6.12323399573677E-17));
#2112=DIRECTION('',(1.52117864326303E-17,-1.,-9.31453278201692E-34));
#2113=DIRECTION('',(1.,1.52117864326303E-17,-6.12323399573677E-17));
#2114=DIRECTION('',(1.,1.52117864326303E-17,-6.12323399573677E-17));
#2115=DIRECTION('',(-1.52117864326303E-17,1.,9.31453278201692E-34));
#2116=DIRECTION('',(-1.,-1.52117864326303E-17,6.12323399573677E-17));
#2117=DIRECTION('',(1.52117864326303E-17,-1.,-9.31453278201692E-34));
#2118=DIRECTION('',(-1.,-1.52117864326303E-17,6.12323399573677E-17));
#2119=DIRECTION('',(-1.52117864326303E-17,1.,9.31453278201692E-34));
#2120=DIRECTION('',(-1.,-1.52117864326303E-17,6.12323399573677E-17));
#2121=DIRECTION('',(1.52117864326303E-17,-1.,-9.31453278201692E-34));
#2122=DIRECTION('',(-1.,-1.52117864326303E-17,6.12323399573677E-17));
#2123=DIRECTION('',(1.52117864326303E-17,-1.,-9.31453278201692E-34));
#2124=DIRECTION('',(-1.,-1.52117864326303E-17,6.12323399573677E-17));
#2125=DIRECTION('',(-1.52117864326303E-17,1.,9.31453278201692E-34));
#2126=DIRECTION('',(1.,1.52117864326303E-17,-6.12323399573677E-17));
#2127=DIRECTION('',(-1.52117864326303E-17,1.,9.31453278201692E-34));
#2128=DIRECTION('',(-1.52117864326303E-17,1.,1.3010426069826E-16));
#2129=DIRECTION('',(6.12323399573677E-17,9.31453278201692E-34,1.));
#2130=DIRECTION('',(-1.52117864326303E-17,1.,8.67361737988404E-17));
#2131=DIRECTION('',(6.12323399573677E-17,-8.67361737988404E-17,1.));
#2132=DIRECTION('',(0.,-1.,-8.67361737988404E-17));
#2133=DIRECTION('',(-1.52117864326303E-17,1.,8.67361737988404E-17));
#2134=DIRECTION('',(6.12323399573677E-17,-1.3010426069826E-16,1.));
#2135=DIRECTION('',(0.,-1.,-1.3010426069826E-16));
#2136=DIRECTION('',(-1.52117864326303E-17,1.,1.3010426069826E-16));
#2137=DIRECTION('',(1.,1.52117864326303E-17,-6.12323399573677E-17));
#2138=DIRECTION('',(1.52117864326303E-17,-1.,1.06697194015656E-49));
#2139=DIRECTION('',(1.,1.52117864326303E-17,0.));
#2140=DIRECTION('',(6.12323399573677E-17,9.31453278201692E-34,1.));
#2141=DIRECTION('',(-1.,-1.52117864326303E-17,6.12323399573677E-17));
#2142=DIRECTION('',(1.52117864326303E-17,-1.,-9.31453278201692E-34));
#2143=DIRECTION('',(-1.,-1.52117864326303E-17,6.12323399573677E-17));
#2144=DIRECTION('',(6.12323399573677E-17,0.,1.));
#2145=DIRECTION('',(-1.,-1.52117864326303E-17,6.12323399573677E-17));
#2146=DIRECTION('',(6.12323399573677E-17,0.,1.));
#2147=DIRECTION('',(-1.,-1.52117864326303E-17,6.12323399573677E-17));
#2148=DIRECTION('',(6.12323399573677E-17,0.,1.));
#2149=DIRECTION('',(-1.,-1.52117864326303E-17,6.12323399573677E-17));
#2150=DIRECTION('',(1.52117864326303E-17,-1.,-9.31453278201692E-34));
#2151=CARTESIAN_POINT('',(0.,0.,0.));
#2152=CARTESIAN_POINT('',(0.088,0.139671518303806,0.0149689663700707));
#2153=CARTESIAN_POINT('',(0.088,0.147921518303806,0.029258385532514));
#2154=CARTESIAN_POINT('',(0.105,0.147921518303806,0.029258385532514));
#2155=CARTESIAN_POINT('',(0.118,0.147921518303806,0.029258385532514));
#2156=CARTESIAN_POINT('',(0.105,0.147505321920174,0.0285375122501361));
#2157=CARTESIAN_POINT('',(0.105,0.131421518303806,0.00067954720762745));
#2158=CARTESIAN_POINT('',(0.088,0.131421518303806,0.000679547207627439));
#2159=CARTESIAN_POINT('',(0.118,0.131421518303806,0.000679547207627438));
#2160=CARTESIAN_POINT('',(0.118,0.139671518303806,0.0149689663700707));
#2161=CARTESIAN_POINT('',(0.088,0.142725365881099,0.0322583855325139));
#2162=CARTESIAN_POINT('',(0.105,0.142725365881099,0.0322583855325139));
#2163=CARTESIAN_POINT('',(0.105,0.145725365881099,0.0374545379552206));
#2164=CARTESIAN_POINT('',(0.118,0.142725365881099,0.0322583855325139));
#2165=CARTESIAN_POINT('',(0.118,0.145725365881099,0.0374545379552206));
#2166=CARTESIAN_POINT('',(0.088,0.145725365881099,0.0374545379552206));
#2167=CARTESIAN_POINT('',(0.088,0.143560302371638,0.0387045379552206));
#2168=CARTESIAN_POINT('',(0.088,0.141395238862177,0.0399545379552206));
#2169=CARTESIAN_POINT('',(0.105,0.141395238862177,0.0399545379552206));
#2170=CARTESIAN_POINT('',(0.118,0.141395238862177,0.0399545379552206));
#2171=CARTESIAN_POINT('',(0.105,0.167061837209858,0.0251359204900053));
#2172=CARTESIAN_POINT('',(0.118,0.143560302371638,0.0387045379552206));
#2173=CARTESIAN_POINT('',(0.088,0.138395238862177,0.034758385532514));
#2174=CARTESIAN_POINT('',(0.105,0.138395238862177,0.034758385532514));
#2175=CARTESIAN_POINT('',(0.105,0.133199086439471,0.0377583855325139));
#2176=CARTESIAN_POINT('',(0.118,0.138395238862177,0.034758385532514));
#2177=CARTESIAN_POINT('',(0.118,0.133199086439471,0.0377583855325139));
#2178=CARTESIAN_POINT('',(0.088,0.133199086439471,0.0377583855325139));
#2179=CARTESIAN_POINT('',(0.088,0.124949086439471,0.0234689663700707));
#2180=CARTESIAN_POINT('',(0.088,0.116699086439471,0.00917954720762742));
#2181=CARTESIAN_POINT('',(0.105,0.116699086439471,0.00917954720762742));
#2182=CARTESIAN_POINT('',(0.118,0.116699086439471,0.00917954720762742));
#2183=CARTESIAN_POINT('',(0.105,0.132782890055838,0.037037512250136));
#2184=CARTESIAN_POINT('',(0.118,0.124949086439471,0.0234689663700707));
#2185=CARTESIAN_POINT('',(0.088,0.121895238862177,0.00617954720762743));
#2186=CARTESIAN_POINT('',(0.105,0.121895238862177,0.00617954720762743));
#2187=CARTESIAN_POINT('',(0.105,0.118895238862177,0.000983394784920819));
#2188=CARTESIAN_POINT('',(0.118,0.121895238862177,0.00617954720762743));
#2189=CARTESIAN_POINT('',(0.118,0.118895238862177,0.000983394784920818));
#2190=CARTESIAN_POINT('',(0.088,0.118895238862177,0.000983394784920819));
#2191=CARTESIAN_POINT('',(0.088,0.121060302371638,-0.000266605215079185));
#2192=CARTESIAN_POINT('',(0.088,0.123225365881099,-0.00151660521507919));
#2193=CARTESIAN_POINT('',(0.105,0.123225365881099,-0.00151660521507919));
#2194=CARTESIAN_POINT('',(0.118,0.123225365881099,-0.0015166052150792));
#2195=CARTESIAN_POINT('',(0.105,0.144561837209858,-0.0138352226802944));
#2196=CARTESIAN_POINT('',(0.118,0.121060302371638,-0.000266605215079187));
#2197=CARTESIAN_POINT('',(0.088,0.126225365881099,0.00367954720762739));
#2198=CARTESIAN_POINT('',(0.105,0.126225365881099,0.00367954720762739));
#2199=CARTESIAN_POINT('',(0.118,0.126225365881099,0.00367954720762739));
#2200=CARTESIAN_POINT('',(0.088,0.184949086439471,0.0234689663700707));
#2201=CARTESIAN_POINT('',(0.088,0.176699086439471,0.00917954720762742));
#2202=CARTESIAN_POINT('',(0.105,0.176699086439471,0.00917954720762742));
#2203=CARTESIAN_POINT('',(0.118,0.176699086439471,0.00917954720762742));
#2204=CARTESIAN_POINT('',(0.105,0.177782890055838,0.0110567501366029));
#2205=CARTESIAN_POINT('',(0.105,0.193199086439471,0.0377583855325139));
#2206=CARTESIAN_POINT('',(0.088,0.193199086439471,0.0377583855325139));
#2207=CARTESIAN_POINT('',(0.118,0.193199086439471,0.0377583855325139));
#2208=CARTESIAN_POINT('',(0.118,0.184949086439471,0.0234689663700707));
#2209=CARTESIAN_POINT('',(0.088,0.181895238862178,0.00617954720762744));
#2210=CARTESIAN_POINT('',(0.105,0.181895238862178,0.00617954720762744));
#2211=CARTESIAN_POINT('',(0.105,0.178895238862178,0.000983394784920819));
#2212=CARTESIAN_POINT('',(0.118,0.181895238862178,0.00617954720762744));
#2213=CARTESIAN_POINT('',(0.118,0.178895238862178,0.000983394784920818));
#2214=CARTESIAN_POINT('',(0.088,0.178895238862178,0.000983394784920819));
#2215=CARTESIAN_POINT('',(0.088,0.181060302371639,-0.000266605215079192));
#2216=CARTESIAN_POINT('',(0.088,0.1832253658811,-0.00151660521507919));
#2217=CARTESIAN_POINT('',(0.105,0.1832253658811,-0.00151660521507919));
#2218=CARTESIAN_POINT('',(0.118,0.1832253658811,-0.00151660521507919));
#2219=CARTESIAN_POINT('',(0.105,0.159561837209858,0.0121455394332387));
#2220=CARTESIAN_POINT('',(0.118,0.181060302371639,-0.000266605215079194));
#2221=CARTESIAN_POINT('',(0.088,0.186225365881099,0.00367954720762742));
#2222=CARTESIAN_POINT('',(0.105,0.186225365881099,0.00367954720762742));
#2223=CARTESIAN_POINT('',(0.105,0.191421518303806,0.000679547207627438));
#2224=CARTESIAN_POINT('',(0.118,0.186225365881099,0.00367954720762742));
#2225=CARTESIAN_POINT('',(0.118,0.191421518303806,0.000679547207627438));
#2226=CARTESIAN_POINT('',(0.088,0.191421518303806,0.000679547207627439));
#2227=CARTESIAN_POINT('',(0.088,0.199671518303806,0.0149689663700707));
#2228=CARTESIAN_POINT('',(0.088,0.207921518303806,0.029258385532514));
#2229=CARTESIAN_POINT('',(0.105,0.207921518303806,0.029258385532514));
#2230=CARTESIAN_POINT('',(0.118,0.207921518303806,0.029258385532514));
#2231=CARTESIAN_POINT('',(0.105,0.192505321920173,0.00255675013660289));
#2232=CARTESIAN_POINT('',(0.118,0.199671518303806,0.0149689663700707));
#2233=CARTESIAN_POINT('',(0.088,0.202725365881099,0.0322583855325139));
#2234=CARTESIAN_POINT('',(0.105,0.202725365881099,0.0322583855325139));
#2235=CARTESIAN_POINT('',(0.105,0.205725365881099,0.0374545379552206));
#2236=CARTESIAN_POINT('',(0.118,0.202725365881099,0.0322583855325139));
#2237=CARTESIAN_POINT('',(0.118,0.205725365881099,0.0374545379552206));
#2238=CARTESIAN_POINT('',(0.088,0.205725365881099,0.0374545379552206));
#2239=CARTESIAN_POINT('',(0.088,0.203560302371638,0.0387045379552206));
#2240=CARTESIAN_POINT('',(0.088,0.201395238862178,0.0399545379552206));
#2241=CARTESIAN_POINT('',(0.105,0.201395238862178,0.0399545379552206));
#2242=CARTESIAN_POINT('',(0.118,0.201395238862178,0.0399545379552206));
#2243=CARTESIAN_POINT('',(0.105,0.182061837209857,0.0511166826035385));
#2244=CARTESIAN_POINT('',(0.118,0.203560302371638,0.0387045379552206));
#2245=CARTESIAN_POINT('',(0.088,0.198395238862178,0.034758385532514));
#2246=CARTESIAN_POINT('',(0.105,0.198395238862178,0.034758385532514));
#2247=CARTESIAN_POINT('',(0.118,0.198395238862178,0.034758385532514));
#2248=CARTESIAN_POINT('',(0.088,0.154949086439471,0.0234689663700707));
#2249=CARTESIAN_POINT('',(0.088,0.146699086439471,0.00917954720762742));
#2250=CARTESIAN_POINT('',(0.105,0.146699086439471,0.00917954720762742));
#2251=CARTESIAN_POINT('',(0.118,0.146699086439471,0.00917954720762742));
#2252=CARTESIAN_POINT('',(0.105,0.155282890055838,0.0240471311933695));
#2253=CARTESIAN_POINT('',(0.105,0.163199086439471,0.0377583855325139));
#2254=CARTESIAN_POINT('',(0.088,0.163199086439471,0.0377583855325139));
#2255=CARTESIAN_POINT('',(0.118,0.163199086439471,0.0377583855325139));
#2256=CARTESIAN_POINT('',(0.118,0.154949086439471,0.0234689663700707));
#2257=CARTESIAN_POINT('',(0.088,0.151895238862178,0.00617954720762742));
#2258=CARTESIAN_POINT('',(0.105,0.151895238862178,0.00617954720762742));
#2259=CARTESIAN_POINT('',(0.105,0.148895238862177,0.000983394784920819));
#2260=CARTESIAN_POINT('',(0.118,0.151895238862178,0.00617954720762742));
#2261=CARTESIAN_POINT('',(0.118,0.148895238862177,0.000983394784920818));
#2262=CARTESIAN_POINT('',(0.088,0.148895238862177,0.000983394784920819));
#2263=CARTESIAN_POINT('',(0.088,0.151060302371639,-0.000266605215079185));
#2264=CARTESIAN_POINT('',(0.088,0.1532253658811,-0.00151660521507919));
#2265=CARTESIAN_POINT('',(0.105,0.1532253658811,-0.00151660521507919));
#2266=CARTESIAN_POINT('',(0.118,0.1532253658811,-0.00151660521507919));
#2267=CARTESIAN_POINT('',(0.105,0.152061837209857,-0.000844841623527854));
#2268=CARTESIAN_POINT('',(0.118,0.151060302371639,-0.000266605215079187));
#2269=CARTESIAN_POINT('',(0.088,0.156225365881099,0.00367954720762745));
#2270=CARTESIAN_POINT('',(0.105,0.156225365881099,0.00367954720762745));
#2271=CARTESIAN_POINT('',(0.105,0.161421518303806,0.000679547207627438));
#2272=CARTESIAN_POINT('',(0.118,0.156225365881099,0.00367954720762745));
#2273=CARTESIAN_POINT('',(0.118,0.161421518303806,0.000679547207627438));
#2274=CARTESIAN_POINT('',(0.088,0.161421518303806,0.000679547207627439));
#2275=CARTESIAN_POINT('',(0.088,0.169671518303806,0.0149689663700707));
#2276=CARTESIAN_POINT('',(0.088,0.177921518303806,0.029258385532514));
#2277=CARTESIAN_POINT('',(0.105,0.177921518303806,0.029258385532514));
#2278=CARTESIAN_POINT('',(0.118,0.177921518303806,0.029258385532514));
#2279=CARTESIAN_POINT('',(0.105,0.170005321920174,0.0155471311933695));
#2280=CARTESIAN_POINT('',(0.118,0.169671518303806,0.0149689663700707));
#2281=CARTESIAN_POINT('',(0.088,0.172725365881099,0.032258385532514));
#2282=CARTESIAN_POINT('',(0.105,0.172725365881099,0.032258385532514));
#2283=CARTESIAN_POINT('',(0.105,0.175725365881099,0.0374545379552206));
#2284=CARTESIAN_POINT('',(0.118,0.172725365881099,0.032258385532514));
#2285=CARTESIAN_POINT('',(0.118,0.175725365881099,0.0374545379552206));
#2286=CARTESIAN_POINT('',(0.088,0.175725365881099,0.0374545379552206));
#2287=CARTESIAN_POINT('',(0.088,0.173560302371638,0.0387045379552206));
#2288=CARTESIAN_POINT('',(0.088,0.171395238862178,0.0399545379552206));
#2289=CARTESIAN_POINT('',(0.105,0.171395238862178,0.0399545379552206));
#2290=CARTESIAN_POINT('',(0.118,0.171395238862178,0.0399545379552206));
#2291=CARTESIAN_POINT('',(0.105,0.174561837209857,0.0381263015467719));
#2292=CARTESIAN_POINT('',(0.118,0.173560302371638,0.0387045379552206));
#2293=CARTESIAN_POINT('',(0.088,0.168395238862178,0.034758385532514));
#2294=CARTESIAN_POINT('',(0.105,0.168395238862178,0.034758385532514));
#2295=CARTESIAN_POINT('',(0.118,0.168395238862178,0.034758385532514));
#2296=CARTESIAN_POINT('',(0.1,0.215145640826225,0.0192188947849208));
#2297=CARTESIAN_POINT('',(0.1,0.213645640826225,-0.00924160415659459));
#2298=CARTESIAN_POINT('',(0.105,0.213645640826225,-0.00924160415659459));
#2299=CARTESIAN_POINT('',(0.118,0.213645640826225,-0.00924160415659459));
#2300=CARTESIAN_POINT('',(0.105,0.215145640826225,0.0192188947849208));
#2301=CARTESIAN_POINT('',(0.105,0.213645640826225,0.0476793937264363));
#2302=CARTESIAN_POINT('',(0.1,0.213645640826225,0.0476793937264363));
#2303=CARTESIAN_POINT('',(0.118,0.213645640826225,0.0476793937264363));
#2304=CARTESIAN_POINT('',(0.118,0.215145640826225,0.0192188947849208));
#2305=CARTESIAN_POINT('',(0.088,0.223435238003731,0.00571889478492084));
#2306=CARTESIAN_POINT('',(0.118,0.223435238003731,0.00571889478492084));
#2307=CARTESIAN_POINT('',(0.118,0.223435238003731,0.00391889478492084));
#2308=CARTESIAN_POINT('',(0.105,0.223435238003731,0.00571889478492084));
#2309=CARTESIAN_POINT('',(0.105,0.223435238003731,0.00751889478492084));
#2310=CARTESIAN_POINT('',(0.088,0.223435238003731,0.0327188947849208));
#2311=CARTESIAN_POINT('',(0.118,0.223435238003731,0.0327188947849208));
#2312=CARTESIAN_POINT('',(0.118,0.223435238003731,0.0309188947849208));
#2313=CARTESIAN_POINT('',(0.105,0.223435238003731,0.0327188947849208));
#2314=CARTESIAN_POINT('',(0.105,0.223435238003731,0.0345188947849209));
#2315=CARTESIAN_POINT('',(0.0802,0.213645640826225,0.0183822600213268));
#2316=CARTESIAN_POINT('',(0.105,0.213645640826225,0.0192188947849208));
#2317=CARTESIAN_POINT('',(0.105,0.213645640826225,0.0477188947849209));
#2318=CARTESIAN_POINT('',(0.113,0.213645640826225,0.0477188947849208));
#2319=CARTESIAN_POINT('',(0.118,0.213645640826225,0.0477188947849208));
#2320=CARTESIAN_POINT('',(0.118,0.213645640826225,0.0192188947849208));
#2321=CARTESIAN_POINT('',(0.117,0.0836456408262252,0.0192188947849208));
#2322=CARTESIAN_POINT('',(0.114,0.0836456408262252,0.0192188947849208));
#2323=CARTESIAN_POINT('',(0.114,0.110545640826225,0.0192188947849208));
#2324=CARTESIAN_POINT('',(0.118,0.0836456408262252,0.0192188947849208));
#2325=CARTESIAN_POINT('',(0.118,0.110545640826225,0.0192188947849208));
#2326=CARTESIAN_POINT('',(0.113,0.0836456408262252,0.0192188947849208));
#2327=CARTESIAN_POINT('',(0.113,0.107645640826225,0.0192188947849208));
#2328=CARTESIAN_POINT('',(0.113,0.108067515826225,0.0211738938857838));
#2329=CARTESIAN_POINT('',(0.11299999975,0.105673227072516,0.0195506460071539));
#2330=CARTESIAN_POINT('',(0.113,0.107997268323731,0.0191927505263796));
#2331=CARTESIAN_POINT('',(0.113,0.105645821348084,0.0192188984471641));
#2332=CARTESIAN_POINT('',(0.113,0.108015738417777,0.0192459536027596));
#2333=CARTESIAN_POINT('',(0.11299999975,0.105673297770209,0.0188868923035707));
#2334=CARTESIAN_POINT('',(0.113,0.107645640826225,0.0192188947849208));
#2335=CARTESIAN_POINT('',(0.113,0.108067515826225,0.0172638956840578));
#2336=CARTESIAN_POINT('',(0.113,0.0836456408262252,0.0192188947849208));
#2337=CARTESIAN_POINT('',(0.113,0.106497232216891,0.0103840336703334));
#2338=CARTESIAN_POINT('',(0.113,0.105268893655877,0.00880568504612933));
#2339=CARTESIAN_POINT('',(0.113,0.104895320631602,0.0107704861035933));
#2340=CARTESIAN_POINT('',(0.113,0.104887016132049,0.010768870718064));
#2341=CARTESIAN_POINT('',(0.113,0.104878711632497,0.0107672553325349));
#2342=CARTESIAN_POINT('',(0.113,0.105268893655877,0.00880568504612933));
#2343=CARTESIAN_POINT('',(0.113,0.10480074757719,0.00686124701702943));
#2344=CARTESIAN_POINT('',(0.113,0.0836456408262252,0.0192188947849208));
#2345=CARTESIAN_POINT('',(0.113,0.100400910676245,0.00134402605105298));
#2346=CARTESIAN_POINT('',(0.113,0.0986093960708348,0.000454939205688103));
#2347=CARTESIAN_POINT('',(0.113,0.0973439509857426,-0.00109381795300914));
#2348=CARTESIAN_POINT('',(0.113,0.0836456408262252,0.0192188947849208));
#2349=CARTESIAN_POINT('',(0.113,0.0909860024519112,-0.00415564459458686));
#2350=CARTESIAN_POINT('',(0.113,0.0889861432411767,-0.00417937510744295));
#2351=CARTESIAN_POINT('',(0.113,0.0871740360684679,-0.00502570104620242));
#2352=CARTESIAN_POINT('',(0.113,0.0836456408262252,0.0192188947849208));
#2353=CARTESIAN_POINT('',(0.113,0.0801172455839825,-0.00502570104620243));
#2354=CARTESIAN_POINT('',(0.113,0.0783051384112736,-0.00417937510744295));
#2355=CARTESIAN_POINT('',(0.113,0.0763052792005391,-0.00415564459458688));
#2356=CARTESIAN_POINT('',(0.113,0.0836456408262252,0.0192188947849208));
#2357=CARTESIAN_POINT('',(0.113,0.0699473306667078,-0.00109381795300913));
#2358=CARTESIAN_POINT('',(0.113,0.0686818855816156,0.000454939205688107));
#2359=CARTESIAN_POINT('',(0.113,0.0668903709762051,0.00134402605105295));
#2360=CARTESIAN_POINT('',(0.113,0.0836456408262252,0.0192188947849208));
#2361=CARTESIAN_POINT('',(0.113,0.0624905340752747,0.00686124701700445));
#2362=CARTESIAN_POINT('',(0.113,0.0620223879965671,0.00880568504609943));
#2363=CARTESIAN_POINT('',(0.113,0.0607940494355669,0.010384033670314));
#2364=CARTESIAN_POINT('',(0.113,0.0836456408262252,0.0192188947849208));
#2365=CARTESIAN_POINT('',(0.113,0.0592237658262252,0.0172638956840578));
#2366=CARTESIAN_POINT('',(0.113,0.0596456408262252,0.0192188947849208));
#2367=CARTESIAN_POINT('',(0.113,0.0592237658262252,0.0211738938857838));
#2368=CARTESIAN_POINT('',(0.113,0.0836456408262252,0.0192188947849208));
#2369=CARTESIAN_POINT('',(0.113,0.0607940494355669,0.0280537558995277));
#2370=CARTESIAN_POINT('',(0.113,0.0620223879965671,0.0296321045237423));
#2371=CARTESIAN_POINT('',(0.113,0.0624905340752747,0.0315765425528372));
#2372=CARTESIAN_POINT('',(0.113,0.0836456408262252,0.0192188947849208));
#2373=CARTESIAN_POINT('',(0.113,0.0668903709762051,0.0370937635187887));
#2374=CARTESIAN_POINT('',(0.113,0.0686818855816156,0.0379828503641536));
#2375=CARTESIAN_POINT('',(0.113,0.0699473306667078,0.0395316075228508));
#2376=CARTESIAN_POINT('',(0.113,0.0836456408262252,0.0192188947849208));
#2377=CARTESIAN_POINT('',(0.113,0.0763052792005391,0.0425934341644285));
#2378=CARTESIAN_POINT('',(0.113,0.0783051384112737,0.0426171646772846));
#2379=CARTESIAN_POINT('',(0.113,0.0801172455839825,0.0434634906160441));
#2380=CARTESIAN_POINT('',(0.113,0.0836456408262252,0.0192188947849208));
#2381=CARTESIAN_POINT('',(0.113,0.0871740360684679,0.0434634906160441));
#2382=CARTESIAN_POINT('',(0.113,0.0889861432411767,0.0426171646772846));
#2383=CARTESIAN_POINT('',(0.113,0.0909860024519112,0.0425934341644285));
#2384=CARTESIAN_POINT('',(0.113,0.0836456408262252,0.0192188947849208));
#2385=CARTESIAN_POINT('',(0.113,0.0973439509857426,0.0395316075228508));
#2386=CARTESIAN_POINT('',(0.113,0.0986093960708348,0.0379828503641536));
#2387=CARTESIAN_POINT('',(0.113,0.100400910676245,0.0370937635187887));
#2388=CARTESIAN_POINT('',(0.113,0.0836456408262252,0.0192188947849208));
#2389=CARTESIAN_POINT('',(0.113,0.104800747577231,0.0315765425527432));
#2390=CARTESIAN_POINT('',(0.113,0.105268893655862,0.0296321045236299));
#2391=CARTESIAN_POINT('',(0.113,0.1048787100076,0.0276705345605208));
#2392=CARTESIAN_POINT('',(0.113,0.104887015972404,0.0276689188892655));
#2393=CARTESIAN_POINT('',(0.113,0.104895321937208,0.0276673032180102));
#2394=CARTESIAN_POINT('',(0.113,0.105268893655862,0.0296321045236299));
#2395=CARTESIAN_POINT('',(0.113,0.106497232216912,0.0280537558994543));
#2396=CARTESIAN_POINT('',(0.113,0.0836456408262252,0.0192188947849208));
#2397=CARTESIAN_POINT('',(0.113,0.0836456408262252,0.0192188947849208));
#2398=CARTESIAN_POINT('',(0.113,0.0586456408262252,0.0192188947849208));
#2399=CARTESIAN_POINT('',(0.104,0.0836456408262252,0.0192188947849208));
#2400=CARTESIAN_POINT('',(0.113,0.0836456408262252,-0.00928110521507917));
#2401=CARTESIAN_POINT('',(0.118,0.0836456408262252,-0.00928110521507917));
#2402=CARTESIAN_POINT('',(0.105,0.0836456408262252,-0.00928110521507917));
#2403=CARTESIAN_POINT('',(0.118,0.0836456408262252,0.0192188947849208));
#2404=CARTESIAN_POINT('',(0.118,0.0836456408262252,0.0477188947849208));
#2405=CARTESIAN_POINT('',(0.113,0.0836456408262252,0.0477188947849208));
#2406=CARTESIAN_POINT('',(0.105,0.0836456408262252,0.0477188947849208));
#2407=CARTESIAN_POINT('',(0.105,0.0836456408262252,0.0192188947849208));
#2408=CARTESIAN_POINT('',(0.095,0.0836456408262252,0.0192188947849208));
#2409=CARTESIAN_POINT('',(0.095,0.112145640826225,0.0192188947849208));
#2410=CARTESIAN_POINT('',(0.11,0.104895321937208,0.0276673032180102));
#2411=CARTESIAN_POINT('',(0.11,0.1048787100076,0.0276705345605208));
#2412=CARTESIAN_POINT('',(0.104,0.1048787100076,0.0276705345605208));
#2413=CARTESIAN_POINT('',(0.104,0.104887015972404,0.0276689188892655));
#2414=CARTESIAN_POINT('',(0.104,0.104895321937208,0.0276673032180102));
#2415=CARTESIAN_POINT('',(0.11,0.104895321937208,0.0276673032180102));
#2416=CARTESIAN_POINT('',(0.11,0.105268893655862,0.0296321045236299));
#2417=CARTESIAN_POINT('',(0.107,0.104800747577231,0.0315765425527432));
#2418=CARTESIAN_POINT('',(0.104,0.104800747577231,0.0315765425527432));
#2419=CARTESIAN_POINT('',(0.104,0.105268893655862,0.0296321045236299));
#2420=CARTESIAN_POINT('',(0.11,0.0836456408262252,0.0192188947849208));
#2421=CARTESIAN_POINT('',(0.107,0.100400910676245,0.0370937635187887));
#2422=CARTESIAN_POINT('',(0.104,0.100400910676245,0.0370937635187887));
#2423=CARTESIAN_POINT('',(0.104,0.0836456408262252,0.0192188947849208));
#2424=CARTESIAN_POINT('',(0.11,0.0986093960708348,0.0379828503641536));
#2425=CARTESIAN_POINT('',(0.107,0.0973439509857426,0.0395316075228508));
#2426=CARTESIAN_POINT('',(0.104,0.0973439509857426,0.0395316075228508));
#2427=CARTESIAN_POINT('',(0.104,0.0986093960708348,0.0379828503641536));
#2428=CARTESIAN_POINT('',(0.11,0.0836456408262252,0.0192188947849208));
#2429=CARTESIAN_POINT('',(0.107,0.0909860024519112,0.0425934341644285));
#2430=CARTESIAN_POINT('',(0.104,0.0909860024519112,0.0425934341644285));
#2431=CARTESIAN_POINT('',(0.104,0.0836456408262252,0.0192188947849208));
#2432=CARTESIAN_POINT('',(0.11,0.0889861432411767,0.0426171646772846));
#2433=CARTESIAN_POINT('',(0.107,0.0871740360684679,0.0434634906160441));
#2434=CARTESIAN_POINT('',(0.104,0.0871740360684679,0.0434634906160441));
#2435=CARTESIAN_POINT('',(0.104,0.0889861432411767,0.0426171646772846));
#2436=CARTESIAN_POINT('',(0.11,0.0836456408262252,0.0192188947849208));
#2437=CARTESIAN_POINT('',(0.107,0.0801172455839825,0.0434634906160441));
#2438=CARTESIAN_POINT('',(0.104,0.0801172455839825,0.0434634906160441));
#2439=CARTESIAN_POINT('',(0.104,0.0836456408262252,0.0192188947849208));
#2440=CARTESIAN_POINT('',(0.11,0.0783051384112737,0.0426171646772846));
#2441=CARTESIAN_POINT('',(0.107,0.0763052792005391,0.0425934341644285));
#2442=CARTESIAN_POINT('',(0.104,0.0763052792005391,0.0425934341644285));
#2443=CARTESIAN_POINT('',(0.104,0.0783051384112737,0.0426171646772846));
#2444=CARTESIAN_POINT('',(0.11,0.0836456408262252,0.0192188947849208));
#2445=CARTESIAN_POINT('',(0.107,0.0699473306667078,0.0395316075228508));
#2446=CARTESIAN_POINT('',(0.104,0.0699473306667078,0.0395316075228508));
#2447=CARTESIAN_POINT('',(0.104,0.0836456408262252,0.0192188947849208));
#2448=CARTESIAN_POINT('',(0.11,0.0686818855816156,0.0379828503641536));
#2449=CARTESIAN_POINT('',(0.107,0.0668903709762051,0.0370937635187887));
#2450=CARTESIAN_POINT('',(0.104,0.0668903709762051,0.0370937635187887));
#2451=CARTESIAN_POINT('',(0.104,0.0686818855816156,0.0379828503641536));
#2452=CARTESIAN_POINT('',(0.11,0.0836456408262252,0.0192188947849208));
#2453=CARTESIAN_POINT('',(0.107,0.0624905340752747,0.0315765425528372));
#2454=CARTESIAN_POINT('',(0.104,0.0624905340752747,0.0315765425528372));
#2455=CARTESIAN_POINT('',(0.104,0.0836456408262252,0.0192188947849208));
#2456=CARTESIAN_POINT('',(0.11,0.0620223879965671,0.0296321045237423));
#2457=CARTESIAN_POINT('',(0.107,0.0607940494355669,0.0280537558995277));
#2458=CARTESIAN_POINT('',(0.104,0.0607940494355669,0.0280537558995277));
#2459=CARTESIAN_POINT('',(0.104,0.0620223879965671,0.0296321045237423));
#2460=CARTESIAN_POINT('',(0.11,0.0836456408262252,0.0192188947849208));
#2461=CARTESIAN_POINT('',(0.107,0.0592237658262252,0.0211738938857838));
#2462=CARTESIAN_POINT('',(0.104,0.0592237658262252,0.0211738938857838));
#2463=CARTESIAN_POINT('',(0.104,0.0836456408262252,0.0192188947849208));
#2464=CARTESIAN_POINT('',(0.11,0.0596456408262252,0.0192188947849208));
#2465=CARTESIAN_POINT('',(0.107,0.0592237658262252,0.0172638956840578));
#2466=CARTESIAN_POINT('',(0.104,0.0592237658262252,0.0172638956840578));
#2467=CARTESIAN_POINT('',(0.104,0.0596456408262252,0.0192188947849208));
#2468=CARTESIAN_POINT('',(0.11,0.0836456408262252,0.0192188947849208));
#2469=CARTESIAN_POINT('',(0.107,0.0607940494355669,0.010384033670314));
#2470=CARTESIAN_POINT('',(0.104,0.0607940494355669,0.010384033670314));
#2471=CARTESIAN_POINT('',(0.104,0.0836456408262252,0.0192188947849208));
#2472=CARTESIAN_POINT('',(0.11,0.0620223879965671,0.00880568504609943));
#2473=CARTESIAN_POINT('',(0.107,0.0624905340752747,0.00686124701700445));
#2474=CARTESIAN_POINT('',(0.104,0.0624905340752747,0.00686124701700445));
#2475=CARTESIAN_POINT('',(0.104,0.0620223879965671,0.00880568504609943));
#2476=CARTESIAN_POINT('',(0.11,0.0836456408262252,0.0192188947849208));
#2477=CARTESIAN_POINT('',(0.107,0.0668903709762051,0.00134402605105295));
#2478=CARTESIAN_POINT('',(0.104,0.0668903709762051,0.00134402605105295));
#2479=CARTESIAN_POINT('',(0.104,0.0836456408262252,0.0192188947849208));
#2480=CARTESIAN_POINT('',(0.11,0.0686818855816156,0.000454939205688107));
#2481=CARTESIAN_POINT('',(0.107,0.0699473306667078,-0.00109381795300914));
#2482=CARTESIAN_POINT('',(0.104,0.0699473306667078,-0.00109381795300914));
#2483=CARTESIAN_POINT('',(0.104,0.0686818855816156,0.000454939205688107));
#2484=CARTESIAN_POINT('',(0.11,0.0836456408262252,0.0192188947849208));
#2485=CARTESIAN_POINT('',(0.107,0.0763052792005391,-0.00415564459458688));
#2486=CARTESIAN_POINT('',(0.104,0.0763052792005391,-0.00415564459458688));
#2487=CARTESIAN_POINT('',(0.104,0.0836456408262252,0.0192188947849208));
#2488=CARTESIAN_POINT('',(0.11,0.0783051384112736,-0.00417937510744295));
#2489=CARTESIAN_POINT('',(0.107,0.0801172455839825,-0.00502570104620244));
#2490=CARTESIAN_POINT('',(0.104,0.0801172455839825,-0.00502570104620244));
#2491=CARTESIAN_POINT('',(0.104,0.0783051384112736,-0.00417937510744295));
#2492=CARTESIAN_POINT('',(0.11,0.0836456408262252,0.0192188947849208));
#2493=CARTESIAN_POINT('',(0.107,0.0871740360684679,-0.00502570104620242));
#2494=CARTESIAN_POINT('',(0.104,0.0871740360684679,-0.00502570104620242));
#2495=CARTESIAN_POINT('',(0.104,0.0836456408262252,0.0192188947849208));
#2496=CARTESIAN_POINT('',(0.11,0.0889861432411767,-0.00417937510744295));
#2497=CARTESIAN_POINT('',(0.107,0.0909860024519112,-0.00415564459458686));
#2498=CARTESIAN_POINT('',(0.104,0.0909860024519112,-0.00415564459458686));
#2499=CARTESIAN_POINT('',(0.104,0.0889861432411767,-0.00417937510744295));
#2500=CARTESIAN_POINT('',(0.11,0.0836456408262252,0.0192188947849208));
#2501=CARTESIAN_POINT('',(0.107,0.0973439509857426,-0.00109381795300914));
#2502=CARTESIAN_POINT('',(0.104,0.0973439509857426,-0.00109381795300914));
#2503=CARTESIAN_POINT('',(0.104,0.0836456408262252,0.0192188947849208));
#2504=CARTESIAN_POINT('',(0.11,0.0986093960708348,0.000454939205688103));
#2505=CARTESIAN_POINT('',(0.107,0.100400910676245,0.00134402605105297));
#2506=CARTESIAN_POINT('',(0.104,0.100400910676245,0.00134402605105297));
#2507=CARTESIAN_POINT('',(0.104,0.0986093960708348,0.000454939205688103));
#2508=CARTESIAN_POINT('',(0.11,0.0836456408262252,0.0192188947849208));
#2509=CARTESIAN_POINT('',(0.107,0.10480074757719,0.00686124701702943));
#2510=CARTESIAN_POINT('',(0.104,0.10480074757719,0.00686124701702943));
#2511=CARTESIAN_POINT('',(0.104,0.0836456408262252,0.0192188947849208));
#2512=CARTESIAN_POINT('',(0.11,0.105268893655877,0.00880568504612933));
#2513=CARTESIAN_POINT('',(0.11,0.104878711632497,0.0107672553325349));
#2514=CARTESIAN_POINT('',(0.104,0.104878711632497,0.0107672553325349));
#2515=CARTESIAN_POINT('',(0.104,0.105268893655877,0.00880568504612933));
#2516=CARTESIAN_POINT('',(0.11,0.104878711632497,0.0107672553325349));
#2517=CARTESIAN_POINT('',(0.11,0.104895320631602,0.0107704861035933));
#2518=CARTESIAN_POINT('',(0.104,0.104895320631602,0.0107704861035933));
#2519=CARTESIAN_POINT('',(0.104,0.104887016132049,0.010768870718064));
#2520=CARTESIAN_POINT('',(0.109999999999997,0.108015738417777,0.0192459536027596));
#2521=CARTESIAN_POINT('',(0.11,0.105645640826225,0.0192188947849208));
#2522=CARTESIAN_POINT('',(0.104,0.105645821482834,0.019218896591249));
#2523=CARTESIAN_POINT('',(0.104,0.108015738417777,0.0192459536027596));
#2524=CARTESIAN_POINT('',(0.104,0.105673297770209,0.0188868923035707));
#2525=CARTESIAN_POINT('',(0.11,0.105673387425298,0.0188869060463618));
#2526=CARTESIAN_POINT('',(0.109999999999998,0.107997268323731,0.0191927505263796));
#2527=CARTESIAN_POINT('',(0.11,0.105673344419389,0.0195506279360825));
#2528=CARTESIAN_POINT('',(0.10400000025,0.105673227072516,0.0195506460071539));
#2529=CARTESIAN_POINT('',(0.104,0.107997268323731,0.0191927505263796));
#2530=CARTESIAN_POINT('',(0.095,0.0836456408262252,0.0192188947849208));
#2531=CARTESIAN_POINT('',(0.1025,0.0836456408262252,0.0192188947849208));
#2532=CARTESIAN_POINT('',(0.1025,0.110545640826225,0.0192188947849208));
#2533=CARTESIAN_POINT('',(0.095,0.0836456408262252,0.0192188947849208));
#2534=CARTESIAN_POINT('',(0.095,0.110545640826225,0.0192188947849208));
#2535=CARTESIAN_POINT('',(0.095,0.0836456408262252,0.0192188947849208));
#2536=CARTESIAN_POINT('',(0.1025,0.0836456408262252,0.0192188947849208));
#2537=CARTESIAN_POINT('',(0.1025,0.0836456408262252,0.0192188947849208));
#2538=CARTESIAN_POINT('',(0.1025,0.0586456408262252,0.0192188947849208));
#2539=CARTESIAN_POINT('',(0.104,0.0836456408262252,0.0192188947849208));
#2540=CARTESIAN_POINT('',(0.104,0.0586456408262252,0.0192188947849208));
#2541=CARTESIAN_POINT('',(0.1025,0.0836456408262252,0.0192188947849208));
#2542=CARTESIAN_POINT('',(0.085,0.0836456408262252,0.0192188947849208));
#2543=CARTESIAN_POINT('',(0.085,0.106497232216912,0.0280537558994543));
#2544=CARTESIAN_POINT('',(0.104,0.106497232216912,0.0280537558994543));
#2545=CARTESIAN_POINT('',(0.104,0.0836456408262252,0.0192188947849208));
#2546=CARTESIAN_POINT('',(0.104,0.108067515826225,0.0211738938857838));
#2547=CARTESIAN_POINT('',(0.085,0.108067515826225,0.0211738938857838));
#2548=CARTESIAN_POINT('',(0.085,0.107645640826225,0.0192188947849208));
#2549=CARTESIAN_POINT('',(0.104,0.107645640826225,0.0192188947849208));
#2550=CARTESIAN_POINT('',(0.085,0.105268893655862,0.0296321045236299));
#2551=CARTESIAN_POINT('',(0.104,0.105268893655862,0.0296321045236299));
#2552=CARTESIAN_POINT('',(0.085,0.107645640826225,0.0192188947849208));
#2553=CARTESIAN_POINT('',(0.104,0.107645640826225,0.0192188947849208));
#2554=CARTESIAN_POINT('',(0.104,0.108067515826225,0.0172638956840578));
#2555=CARTESIAN_POINT('',(0.085,0.108067515826225,0.0172638956840578));
#2556=CARTESIAN_POINT('',(0.085,0.0836456408262252,0.0192188947849208));
#2557=CARTESIAN_POINT('',(0.104,0.0836456408262252,0.0192188947849208));
#2558=CARTESIAN_POINT('',(0.104,0.106497232216891,0.0103840336703334));
#2559=CARTESIAN_POINT('',(0.085,0.106497232216891,0.0103840336703334));
#2560=CARTESIAN_POINT('',(0.085,0.105268893655877,0.00880568504612933));
#2561=CARTESIAN_POINT('',(0.104,0.105268893655877,0.00880568504612933));
#2562=CARTESIAN_POINT('',(0.104,0.146642862705427,0.0192188947849208));
#2563=CARTESIAN_POINT('',(0.114,0.0836456408262252,0.0192188947849208));
#2564=CARTESIAN_POINT('',(0.114,0.0836456408262252,0.0192188947849208));
#2565=CARTESIAN_POINT('',(0.114,0.0586456408262252,0.0192188947849208));
#2566=CARTESIAN_POINT('',(0.114,0.0836456408262252,0.0192188947849208));
#2567=CARTESIAN_POINT('',(0.118,0.0836456408262252,0.0192188947849208));
#2568=CARTESIAN_POINT('',(0.118,0.163645640826225,-0.00928110521507917));
#2569=CARTESIAN_POINT('',(0.118,0.213645640826225,-0.00928110521507916));
#2570=CARTESIAN_POINT('',(0.118,0.213645640826225,0.0192188947849208));
#2571=CARTESIAN_POINT('',(0.118,0.163645640826225,0.0477188947849208));
#2572=CARTESIAN_POINT('',(0.113,0.163645640826225,0.0477188947849208));
#2573=CARTESIAN_POINT('',(0.105,0.163645640826225,0.0477188947849208));
#2574=CARTESIAN_POINT('',(0.113,0.163645640826225,-0.00928110521507917));
#2575=CARTESIAN_POINT('',(0.105,0.163645640826225,-0.00928110521507917));
#2576=CARTESIAN_POINT('',(0.105,0.213645640826225,-0.00928110521507916));
#2577=CARTESIAN_POINT('',(0.113,0.213645640826225,-0.00928110521507916));
#2578=CARTESIAN_POINT('',(0.0802,0.213645640826225,0.0183822600213268));
#2579=CARTESIAN_POINT('',(0.105,0.213645640826225,0.0192188947849208));
#2580=CARTESIAN_POINT('',(0.105,0.163645640826225,0.0192188947849208));
#2581=CARTESIAN_POINT('',(0.105,0.180407762384355,0.0247188947849209));
#2582=CARTESIAN_POINT('',(0.105,0.180407762384355,0.0277188947849209));
#2583=CARTESIAN_POINT('',(0.107,0.180407762384355,0.0247188947849209));
#2584=CARTESIAN_POINT('',(0.107,0.180407762384355,0.0247188947849209));
#2585=CARTESIAN_POINT('',(0.107,0.180407762384355,0.0277188947849209));
#2586=CARTESIAN_POINT('',(0.107,0.163645640826225,0.0192188947849208));
#2587=MECHANICAL_DESIGN_GEOMETRIC_PRESENTATION_REPRESENTATION('',(#1469),
#2588);
#2588=(
GEOMETRIC_REPRESENTATION_CONTEXT(3)
GLOBAL_UNCERTAINTY_ASSIGNED_CONTEXT((#2589))
GLOBAL_UNIT_ASSIGNED_CONTEXT((#2592,#2591,#2590))
REPRESENTATION_CONTEXT('output shell + 2nd arm',
'TOP_LEVEL_ASSEMBLY_PART')
);
#2589=UNCERTAINTY_MEASURE_WITH_UNIT(LENGTH_MEASURE(2.2E-6),#2592,
'DISTANCE_ACCURACY_VALUE','Maximum Tolerance applied to model');
#2590=(
NAMED_UNIT(*)
SI_UNIT($,.STERADIAN.)
SOLID_ANGLE_UNIT()
);
#2591=(
NAMED_UNIT(*)
PLANE_ANGLE_UNIT()
SI_UNIT($,.RADIAN.)
);
#2592=(
LENGTH_UNIT()
NAMED_UNIT(*)
SI_UNIT($,.METRE.)
);
#2593=PRODUCT_DEFINITION_SHAPE('','',#2594);
#2594=PRODUCT_DEFINITION('','',#2596,#2595);
#2595=PRODUCT_DEFINITION_CONTEXT('',#2602,'design');
#2596=PRODUCT_DEFINITION_FORMATION_WITH_SPECIFIED_SOURCE('','',#2598,
 .NOT_KNOWN.);
#2597=PRODUCT_RELATED_PRODUCT_CATEGORY('','',(#2598));
#2598=PRODUCT('output shell + 2nd arm','output shell + 2nd arm',
'output shell + 2nd arm',(#2600));
#2599=PRODUCT_CATEGORY('','');
#2600=PRODUCT_CONTEXT('',#2602,'mechanical');
#2601=APPLICATION_PROTOCOL_DEFINITION('international standard',
'ap242_managed_model_based_3d_engineering',2020,#2602);
#2602=APPLICATION_CONTEXT('managed model based 3d engineering');
ENDSEC;
END-ISO-10303-21;
