ISO-10303-21;
HEADER;
/* Generated by software containing ST-Developer
 * from STEP Tools, Inc. (www.steptools.com) 
 */
/* OPTION: using custom renumber hook */

FILE_DESCRIPTION(
/* description */ ('STEP AP242 Edition 2',
'CAx-IF Rec.Pracs.---Representation and Presentation of Product Manufa
cturing Information (PMI)---4.0---2014-10-13',
'CAx-IF Rec.Pracs.---3D Tessellated Geometry---0.4---2014-09-14','2;1',
'CAx-IF Rec.Pracs.---User Defined Attributes---1.5---2016-08-15'),
/* implementation_level */ '2;1');

FILE_NAME(
/* name */ 'Part Studio 1 - output shell + arm',
/* time_stamp */ '2026-09-23T17:25:18Z',
/* author */ (''),
/* organization */ (''),
/* preprocessor_version */ 'ST-DEVELOPER v20',
/* originating_system */ 'ONSHAPE BY PTC INC, 1.221',
/* authorisation */ '  ');

FILE_SCHEMA (('AP242_MANAGED_MODEL_BASED_3D_ENGINEERING_MIM_LF { 1 0 10303 442 3 1 4 }'));
ENDSEC;

DATA;
#10=SHAPE_REPRESENTATION_RELATIONSHIP('','',#3236,#11);
#11=ADVANCED_BREP_SHAPE_REPRESENTATION('',(#3234),#5657);
#12=ELLIPSE('',#3291,0.005,0.00353553390593275);
#13=ELLIPSE('',#3293,0.005,0.00353553390593274);
#14=PLANE('',#3262);
#15=PLANE('',#3304);
#16=PLANE('',#3319);
#17=PLANE('',#3320);
#18=PLANE('',#3324);
#19=PLANE('',#3362);
#20=PLANE('',#3413);
#21=PLANE('',#3421);
#22=PLANE('',#3425);
#23=PLANE('',#3438);
#24=PLANE('',#3441);
#25=PLANE('',#3442);
#26=PLANE('',#3443);
#27=PLANE('',#3444);
#28=PLANE('',#3445);
#29=PLANE('',#3447);
#30=PLANE('',#3449);
#31=PLANE('',#3451);
#32=PLANE('',#3453);
#33=PLANE('',#3455);
#34=PLANE('',#3457);
#35=PLANE('',#3459);
#36=PLANE('',#3461);
#37=PLANE('',#3463);
#38=PLANE('',#3465);
#39=PLANE('',#3467);
#40=PLANE('',#3469);
#41=PLANE('',#3472);
#42=PLANE('',#3474);
#43=PLANE('',#3476);
#44=PLANE('',#3479);
#45=PLANE('',#3482);
#46=PLANE('',#3483);
#47=PLANE('',#3484);
#48=PLANE('',#3485);
#49=PLANE('',#3486);
#50=PLANE('',#3487);
#51=PLANE('',#3488);
#52=PLANE('',#3489);
#53=PLANE('',#3490);
#54=PLANE('',#3493);
#55=PLANE('',#3496);
#56=PLANE('',#3501);
#57=PLANE('',#3505);
#58=PLANE('',#3506);
#59=PLANE('',#3507);
#60=PLANE('',#3508);
#61=PLANE('',#3509);
#62=PLANE('',#3511);
#63=PLANE('',#3513);
#64=PLANE('',#3553);
#65=PLANE('',#3561);
#66=PLANE('',#3579);
#67=PLANE('',#3591);
#68=PLANE('',#3596);
#69=PLANE('',#3601);
#70=PLANE('',#3606);
#71=PLANE('',#3608);
#72=PLANE('',#3611);
#73=PLANE('',#3614);
#74=PLANE('',#3617);
#75=PLANE('',#3622);
#76=PLANE('',#3625);
#77=PLANE('',#3626);
#78=PLANE('',#3629);
#79=PLANE('',#3632);
#80=PLANE('',#3635);
#81=PLANE('',#3638);
#82=PLANE('',#3639);
#83=PLANE('',#3640);
#84=PLANE('',#3641);
#85=PLANE('',#3642);
#86=PLANE('',#3648);
#87=PLANE('',#3649);
#88=B_SPLINE_CURVE_WITH_KNOTS('',3,(#4711,#4712,#4713,#4714),
 .UNSPECIFIED.,.F.,.F.,(4,4),(1.56125112837913E-17,0.000533585195612988),
 .UNSPECIFIED.);
#89=B_SPLINE_CURVE_WITH_KNOTS('',3,(#4730,#4731,#4732,#4733),
 .UNSPECIFIED.,.F.,.F.,(4,4),(0.,0.000649384163969679),.UNSPECIFIED.);
#90=B_SPLINE_CURVE_WITH_KNOTS('',3,(#4745,#4746,#4747,#4748),
 .UNSPECIFIED.,.F.,.F.,(4,4),(0.,0.00065206490907827),.UNSPECIFIED.);
#91=B_SPLINE_CURVE_WITH_KNOTS('',3,(#4758,#4759,#4760,#4761),
 .UNSPECIFIED.,.F.,.F.,(4,4),(6.93889390390723E-18,0.000914309825906393),
 .UNSPECIFIED.);
#92=TOROIDAL_SURFACE('',#3241,0.00206066017177982,0.00106066017177981);
#93=TOROIDAL_SURFACE('',#3247,0.00306066017177983,0.00106066017177982);
#94=TOROIDAL_SURFACE('',#3253,0.00306066017177985,0.00106066017177982);
#95=TOROIDAL_SURFACE('',#3259,0.00206066017177983,0.00106066017177982);
#96=TOROIDAL_SURFACE('',#3279,0.00453553390593275,0.00353553390593273);
#97=TOROIDAL_SURFACE('',#3286,0.00453553390593275,0.00353553390593274);
#98=LINE('',#4701,#318);
#99=LINE('',#4705,#319);
#100=LINE('',#4718,#320);
#101=LINE('',#4722,#321);
#102=LINE('',#4735,#322);
#103=LINE('',#4739,#323);
#104=LINE('',#4752,#324);
#105=LINE('',#4756,#325);
#106=LINE('',#4763,#326);
#107=LINE('',#4768,#327);
#108=LINE('',#4773,#328);
#109=LINE('',#4777,#329);
#110=LINE('',#4781,#330);
#111=LINE('',#4789,#331);
#112=LINE('',#4793,#332);
#113=LINE('',#4796,#333);
#114=LINE('',#4800,#334);
#115=LINE('',#4804,#335);
#116=LINE('',#4808,#336);
#117=LINE('',#4811,#337);
#118=LINE('',#4815,#338);
#119=LINE('',#4819,#339);
#120=LINE('',#4823,#340);
#121=LINE('',#4827,#341);
#122=LINE('',#4838,#342);
#123=LINE('',#4842,#343);
#124=LINE('',#4850,#344);
#125=LINE('',#4854,#345);
#126=LINE('',#4856,#346);
#127=LINE('',#4858,#347);
#128=LINE('',#4862,#348);
#129=LINE('',#4864,#349);
#130=LINE('',#4868,#350);
#131=LINE('',#4870,#351);
#132=LINE('',#4874,#352);
#133=LINE('',#4878,#353);
#134=LINE('',#4882,#354);
#135=LINE('',#4886,#355);
#136=LINE('',#4892,#356);
#137=LINE('',#4893,#357);
#138=LINE('',#4894,#358);
#139=LINE('',#4898,#359);
#140=LINE('',#4902,#360);
#141=LINE('',#4906,#361);
#142=LINE('',#4910,#362);
#143=LINE('',#4914,#363);
#144=LINE('',#4918,#364);
#145=LINE('',#4922,#365);
#146=LINE('',#4926,#366);
#147=LINE('',#4930,#367);
#148=LINE('',#4934,#368);
#149=LINE('',#4938,#369);
#150=LINE('',#4942,#370);
#151=LINE('',#4946,#371);
#152=LINE('',#4948,#372);
#153=LINE('',#4950,#373);
#154=LINE('',#4970,#374);
#155=LINE('',#5022,#375);
#156=LINE('',#5030,#376);
#157=LINE('',#5031,#377);
#158=LINE('',#5037,#378);
#159=LINE('',#5039,#379);
#160=LINE('',#5041,#380);
#161=LINE('',#5043,#381);
#162=LINE('',#5047,#382);
#163=LINE('',#5051,#383);
#164=LINE('',#5055,#384);
#165=LINE('',#5059,#385);
#166=LINE('',#5063,#386);
#167=LINE('',#5067,#387);
#168=LINE('',#5071,#388);
#169=LINE('',#5075,#389);
#170=LINE('',#5079,#390);
#171=LINE('',#5083,#391);
#172=LINE('',#5087,#392);
#173=LINE('',#5091,#393);
#174=LINE('',#5095,#394);
#175=LINE('',#5099,#395);
#176=LINE('',#5103,#396);
#177=LINE('',#5107,#397);
#178=LINE('',#5111,#398);
#179=LINE('',#5115,#399);
#180=LINE('',#5119,#400);
#181=LINE('',#5123,#401);
#182=LINE('',#5127,#402);
#183=LINE('',#5131,#403);
#184=LINE('',#5135,#404);
#185=LINE('',#5139,#405);
#186=LINE('',#5143,#406);
#187=LINE('',#5145,#407);
#188=LINE('',#5147,#408);
#189=LINE('',#5151,#409);
#190=LINE('',#5153,#410);
#191=LINE('',#5169,#411);
#192=LINE('',#5173,#412);
#193=LINE('',#5181,#413);
#194=LINE('',#5185,#414);
#195=LINE('',#5197,#415);
#196=LINE('',#5198,#416);
#197=LINE('',#5200,#417);
#198=LINE('',#5202,#418);
#199=LINE('',#5204,#419);
#200=LINE('',#5206,#420);
#201=LINE('',#5208,#421);
#202=LINE('',#5210,#422);
#203=LINE('',#5213,#423);
#204=LINE('',#5214,#424);
#205=LINE('',#5216,#425);
#206=LINE('',#5218,#426);
#207=LINE('',#5220,#427);
#208=LINE('',#5222,#428);
#209=LINE('',#5224,#429);
#210=LINE('',#5226,#430);
#211=LINE('',#5229,#431);
#212=LINE('',#5230,#432);
#213=LINE('',#5232,#433);
#214=LINE('',#5234,#434);
#215=LINE('',#5236,#435);
#216=LINE('',#5238,#436);
#217=LINE('',#5240,#437);
#218=LINE('',#5242,#438);
#219=LINE('',#5245,#439);
#220=LINE('',#5254,#440);
#221=LINE('',#5259,#441);
#222=LINE('',#5270,#442);
#223=LINE('',#5273,#443);
#224=LINE('',#5274,#444);
#225=LINE('',#5276,#445);
#226=LINE('',#5278,#446);
#227=LINE('',#5280,#447);
#228=LINE('',#5282,#448);
#229=LINE('',#5284,#449);
#230=LINE('',#5286,#450);
#231=LINE('',#5288,#451);
#232=LINE('',#5291,#452);
#233=LINE('',#5292,#453);
#234=LINE('',#5294,#454);
#235=LINE('',#5297,#455);
#236=LINE('',#5298,#456);
#237=LINE('',#5300,#457);
#238=LINE('',#5302,#458);
#239=LINE('',#5304,#459);
#240=LINE('',#5306,#460);
#241=LINE('',#5308,#461);
#242=LINE('',#5309,#462);
#243=LINE('',#5311,#463);
#244=LINE('',#5313,#464);
#245=LINE('',#5316,#465);
#246=LINE('',#5317,#466);
#247=LINE('',#5319,#467);
#248=LINE('',#5321,#468);
#249=LINE('',#5323,#469);
#250=LINE('',#5325,#470);
#251=LINE('',#5326,#471);
#252=LINE('',#5328,#472);
#253=LINE('',#5330,#473);
#254=LINE('',#5332,#474);
#255=LINE('',#5334,#475);
#256=LINE('',#5338,#476);
#257=LINE('',#5340,#477);
#258=LINE('',#5342,#478);
#259=LINE('',#5346,#479);
#260=LINE('',#5348,#480);
#261=LINE('',#5350,#481);
#262=LINE('',#5352,#482);
#263=LINE('',#5354,#483);
#264=LINE('',#5356,#484);
#265=LINE('',#5358,#485);
#266=LINE('',#5363,#486);
#267=LINE('',#5367,#487);
#268=LINE('',#5369,#488);
#269=LINE('',#5371,#489);
#270=LINE('',#5376,#490);
#271=LINE('',#5377,#491);
#272=LINE('',#5379,#492);
#273=LINE('',#5381,#493);
#274=LINE('',#5480,#494);
#275=LINE('',#5484,#495);
#276=LINE('',#5486,#496);
#277=LINE('',#5490,#497);
#278=LINE('',#5492,#498);
#279=LINE('',#5496,#499);
#280=LINE('',#5498,#500);
#281=LINE('',#5502,#501);
#282=LINE('',#5504,#502);
#283=LINE('',#5508,#503);
#284=LINE('',#5510,#504);
#285=LINE('',#5514,#505);
#286=LINE('',#5529,#506);
#287=LINE('',#5533,#507);
#288=LINE('',#5540,#508);
#289=LINE('',#5544,#509);
#290=LINE('',#5548,#510);
#291=LINE('',#5553,#511);
#292=LINE('',#5559,#512);
#293=LINE('',#5564,#513);
#294=LINE('',#5590,#514);
#295=LINE('',#5592,#515);
#296=LINE('',#5594,#516);
#297=LINE('',#5596,#517);
#298=LINE('',#5600,#518);
#299=LINE('',#5602,#519);
#300=LINE('',#5604,#520);
#301=LINE('',#5608,#521);
#302=LINE('',#5610,#522);
#303=LINE('',#5612,#523);
#304=LINE('',#5614,#524);
#305=LINE('',#5616,#525);
#306=LINE('',#5618,#526);
#307=LINE('',#5620,#527);
#308=LINE('',#5624,#528);
#309=LINE('',#5626,#529);
#310=LINE('',#5630,#530);
#311=LINE('',#5632,#531);
#312=LINE('',#5634,#532);
#313=LINE('',#5636,#533);
#314=LINE('',#5638,#534);
#315=LINE('',#5640,#535);
#316=LINE('',#5642,#536);
#317=LINE('',#5644,#537);
#318=VECTOR('',#3656,1.);
#319=VECTOR('',#3659,1.);
#320=VECTOR('',#3670,1.);
#321=VECTOR('',#3673,1.);
#322=VECTOR('',#3684,1.);
#323=VECTOR('',#3687,1.);
#324=VECTOR('',#3698,1.);
#325=VECTOR('',#3701,1.);
#326=VECTOR('',#3702,1.);
#327=VECTOR('',#3711,1.);
#328=VECTOR('',#3714,1.);
#329=VECTOR('',#3717,1.);
#330=VECTOR('',#3720,1.);
#331=VECTOR('',#3727,1.);
#332=VECTOR('',#3730,1.);
#333=VECTOR('',#3733,1.);
#334=VECTOR('',#3736,1.);
#335=VECTOR('',#3739,1.);
#336=VECTOR('',#3742,1.);
#337=VECTOR('',#3745,1.);
#338=VECTOR('',#3748,1.);
#339=VECTOR('',#3751,1.);
#340=VECTOR('',#3754,1.);
#341=VECTOR('',#3757,1.);
#342=VECTOR('',#3770,1.);
#343=VECTOR('',#3773,1.);
#344=VECTOR('',#3784,1.);
#345=VECTOR('',#3787,1.);
#346=VECTOR('',#3790,1.);
#347=VECTOR('',#3791,1.);
#348=VECTOR('',#3796,1.);
#349=VECTOR('',#3797,1.);
#350=VECTOR('',#3802,1.);
#351=VECTOR('',#3803,1.);
#352=VECTOR('',#3808,1.);
#353=VECTOR('',#3811,1.);
#354=VECTOR('',#3816,1.);
#355=VECTOR('',#3819,1.);
#356=VECTOR('',#3826,1.);
#357=VECTOR('',#3827,1.);
#358=VECTOR('',#3828,1.);
#359=VECTOR('',#3831,1.);
#360=VECTOR('',#3834,1.);
#361=VECTOR('',#3837,1.);
#362=VECTOR('',#3840,1.);
#363=VECTOR('',#3843,1.);
#364=VECTOR('',#3846,1.);
#365=VECTOR('',#3849,1.);
#366=VECTOR('',#3852,1.);
#367=VECTOR('',#3855,1.);
#368=VECTOR('',#3858,1.);
#369=VECTOR('',#3861,1.);
#370=VECTOR('',#3864,1.);
#371=VECTOR('',#3867,1.);
#372=VECTOR('',#3870,1.);
#373=VECTOR('',#3873,1.);
#374=VECTOR('',#3894,1.);
#375=VECTOR('',#3945,1.);
#376=VECTOR('',#3954,1.);
#377=VECTOR('',#3955,1.);
#378=VECTOR('',#3962,1.);
#379=VECTOR('',#3963,1.);
#380=VECTOR('',#3964,1.);
#381=VECTOR('',#3967,1.);
#382=VECTOR('',#3972,1.);
#383=VECTOR('',#3977,1.);
#384=VECTOR('',#3982,1.);
#385=VECTOR('',#3987,1.);
#386=VECTOR('',#3992,1.);
#387=VECTOR('',#3997,1.);
#388=VECTOR('',#4002,1.);
#389=VECTOR('',#4007,1.);
#390=VECTOR('',#4012,1.);
#391=VECTOR('',#4017,1.);
#392=VECTOR('',#4022,1.);
#393=VECTOR('',#4027,1.);
#394=VECTOR('',#4032,1.);
#395=VECTOR('',#4037,1.);
#396=VECTOR('',#4042,1.);
#397=VECTOR('',#4047,1.);
#398=VECTOR('',#4052,1.);
#399=VECTOR('',#4057,1.);
#400=VECTOR('',#4062,1.);
#401=VECTOR('',#4067,1.);
#402=VECTOR('',#4072,1.);
#403=VECTOR('',#4077,1.);
#404=VECTOR('',#4082,1.);
#405=VECTOR('',#4087,1.);
#406=VECTOR('',#4092,1.);
#407=VECTOR('',#4093,1.);
#408=VECTOR('',#4096,1.);
#409=VECTOR('',#4099,1.);
#410=VECTOR('',#4102,1.);
#411=VECTOR('',#4123,1.);
#412=VECTOR('',#4126,1.);
#413=VECTOR('',#4139,1.);
#414=VECTOR('',#4144,1.);
#415=VECTOR('',#4165,1.);
#416=VECTOR('',#4166,1.);
#417=VECTOR('',#4169,1.);
#418=VECTOR('',#4172,1.);
#419=VECTOR('',#4175,1.);
#420=VECTOR('',#4178,1.);
#421=VECTOR('',#4181,1.);
#422=VECTOR('',#4184,1.);
#423=VECTOR('',#4189,1.);
#424=VECTOR('',#4190,1.);
#425=VECTOR('',#4193,1.);
#426=VECTOR('',#4196,1.);
#427=VECTOR('',#4199,1.);
#428=VECTOR('',#4202,1.);
#429=VECTOR('',#4205,1.);
#430=VECTOR('',#4208,1.);
#431=VECTOR('',#4213,1.);
#432=VECTOR('',#4214,1.);
#433=VECTOR('',#4217,1.);
#434=VECTOR('',#4220,1.);
#435=VECTOR('',#4223,1.);
#436=VECTOR('',#4226,1.);
#437=VECTOR('',#4229,1.);
#438=VECTOR('',#4232,1.);
#439=VECTOR('',#4237,1.);
#440=VECTOR('',#4246,1.);
#441=VECTOR('',#4251,1.);
#442=VECTOR('',#4266,1.);
#443=VECTOR('',#4267,1.);
#444=VECTOR('',#4268,1.);
#445=VECTOR('',#4269,1.);
#446=VECTOR('',#4270,1.);
#447=VECTOR('',#4271,1.);
#448=VECTOR('',#4272,1.);
#449=VECTOR('',#4273,1.);
#450=VECTOR('',#4274,1.);
#451=VECTOR('',#4277,1.);
#452=VECTOR('',#4278,1.);
#453=VECTOR('',#4279,1.);
#454=VECTOR('',#4282,1.);
#455=VECTOR('',#4283,1.);
#456=VECTOR('',#4284,1.);
#457=VECTOR('',#4287,1.);
#458=VECTOR('',#4288,1.);
#459=VECTOR('',#4289,1.);
#460=VECTOR('',#4292,1.);
#461=VECTOR('',#4293,1.);
#462=VECTOR('',#4294,1.);
#463=VECTOR('',#4295,1.);
#464=VECTOR('',#4298,1.);
#465=VECTOR('',#4299,1.);
#466=VECTOR('',#4300,1.);
#467=VECTOR('',#4303,1.);
#468=VECTOR('',#4304,1.);
#469=VECTOR('',#4305,1.);
#470=VECTOR('',#4308,1.);
#471=VECTOR('',#4309,1.);
#472=VECTOR('',#4312,1.);
#473=VECTOR('',#4313,1.);
#474=VECTOR('',#4314,1.);
#475=VECTOR('',#4317,1.);
#476=VECTOR('',#4322,1.);
#477=VECTOR('',#4323,1.);
#478=VECTOR('',#4326,1.);
#479=VECTOR('',#4331,1.);
#480=VECTOR('',#4332,1.);
#481=VECTOR('',#4333,1.);
#482=VECTOR('',#4334,1.);
#483=VECTOR('',#4335,1.);
#484=VECTOR('',#4336,1.);
#485=VECTOR('',#4337,1.);
#486=VECTOR('',#4344,1.);
#487=VECTOR('',#4349,1.);
#488=VECTOR('',#4350,1.);
#489=VECTOR('',#4351,1.);
#490=VECTOR('',#4360,1.);
#491=VECTOR('',#4361,1.);
#492=VECTOR('',#4364,1.);
#493=VECTOR('',#4367,1.);
#494=VECTOR('',#4488,1.);
#495=VECTOR('',#4491,1.);
#496=VECTOR('',#4494,1.);
#497=VECTOR('',#4497,1.);
#498=VECTOR('',#4500,1.);
#499=VECTOR('',#4503,1.);
#500=VECTOR('',#4506,1.);
#501=VECTOR('',#4509,1.);
#502=VECTOR('',#4512,1.);
#503=VECTOR('',#4515,1.);
#504=VECTOR('',#4518,1.);
#505=VECTOR('',#4521,1.);
#506=VECTOR('',#4544,1.);
#507=VECTOR('',#4547,1.);
#508=VECTOR('',#4556,1.);
#509=VECTOR('',#4559,1.);
#510=VECTOR('',#4566,1.);
#511=VECTOR('',#4569,1.);
#512=VECTOR('',#4578,1.);
#513=VECTOR('',#4581,1.);
#514=VECTOR('',#4626,1.);
#515=VECTOR('',#4627,1.);
#516=VECTOR('',#4628,1.);
#517=VECTOR('',#4631,1.);
#518=VECTOR('',#4636,1.);
#519=VECTOR('',#4637,1.);
#520=VECTOR('',#4640,1.);
#521=VECTOR('',#4645,1.);
#522=VECTOR('',#4646,1.);
#523=VECTOR('',#4647,1.);
#524=VECTOR('',#4648,1.);
#525=VECTOR('',#4649,1.);
#526=VECTOR('',#4650,1.);
#527=VECTOR('',#4653,1.);
#528=VECTOR('',#4658,1.);
#529=VECTOR('',#4659,1.);
#530=VECTOR('',#4666,1.);
#531=VECTOR('',#4667,1.);
#532=VECTOR('',#4668,1.);
#533=VECTOR('',#4671,1.);
#534=VECTOR('',#4672,1.);
#535=VECTOR('',#4673,1.);
#536=VECTOR('',#4676,1.);
#537=VECTOR('',#4679,1.);
#538=ORIENTED_EDGE('',*,*,#1452,.F.);
#539=ORIENTED_EDGE('',*,*,#1453,.F.);
#540=ORIENTED_EDGE('',*,*,#1454,.T.);
#541=ORIENTED_EDGE('',*,*,#1455,.F.);
#542=ORIENTED_EDGE('',*,*,#1454,.F.);
#543=ORIENTED_EDGE('',*,*,#1456,.F.);
#544=ORIENTED_EDGE('',*,*,#1457,.T.);
#545=ORIENTED_EDGE('',*,*,#1458,.F.);
#546=ORIENTED_EDGE('',*,*,#1459,.F.);
#547=ORIENTED_EDGE('',*,*,#1457,.F.);
#548=ORIENTED_EDGE('',*,*,#1460,.F.);
#549=ORIENTED_EDGE('',*,*,#1461,.T.);
#550=ORIENTED_EDGE('',*,*,#1462,.F.);
#551=ORIENTED_EDGE('',*,*,#1461,.F.);
#552=ORIENTED_EDGE('',*,*,#1463,.F.);
#553=ORIENTED_EDGE('',*,*,#1464,.T.);
#554=ORIENTED_EDGE('',*,*,#1465,.F.);
#555=ORIENTED_EDGE('',*,*,#1466,.F.);
#556=ORIENTED_EDGE('',*,*,#1464,.F.);
#557=ORIENTED_EDGE('',*,*,#1467,.F.);
#558=ORIENTED_EDGE('',*,*,#1468,.T.);
#559=ORIENTED_EDGE('',*,*,#1469,.F.);
#560=ORIENTED_EDGE('',*,*,#1468,.F.);
#561=ORIENTED_EDGE('',*,*,#1470,.F.);
#562=ORIENTED_EDGE('',*,*,#1471,.T.);
#563=ORIENTED_EDGE('',*,*,#1472,.F.);
#564=ORIENTED_EDGE('',*,*,#1473,.F.);
#565=ORIENTED_EDGE('',*,*,#1471,.F.);
#566=ORIENTED_EDGE('',*,*,#1474,.F.);
#567=ORIENTED_EDGE('',*,*,#1475,.T.);
#568=ORIENTED_EDGE('',*,*,#1476,.F.);
#569=ORIENTED_EDGE('',*,*,#1477,.F.);
#570=ORIENTED_EDGE('',*,*,#1478,.F.);
#571=ORIENTED_EDGE('',*,*,#1479,.F.);
#572=ORIENTED_EDGE('',*,*,#1452,.T.);
#573=ORIENTED_EDGE('',*,*,#1480,.F.);
#574=ORIENTED_EDGE('',*,*,#1475,.F.);
#575=ORIENTED_EDGE('',*,*,#1481,.T.);
#576=ORIENTED_EDGE('',*,*,#1482,.F.);
#577=ORIENTED_EDGE('',*,*,#1483,.T.);
#578=ORIENTED_EDGE('',*,*,#1484,.F.);
#579=ORIENTED_EDGE('',*,*,#1485,.T.);
#580=ORIENTED_EDGE('',*,*,#1486,.F.);
#581=ORIENTED_EDGE('',*,*,#1487,.T.);
#582=ORIENTED_EDGE('',*,*,#1488,.F.);
#583=ORIENTED_EDGE('',*,*,#1489,.T.);
#584=ORIENTED_EDGE('',*,*,#1490,.T.);
#585=ORIENTED_EDGE('',*,*,#1491,.F.);
#586=ORIENTED_EDGE('',*,*,#1492,.T.);
#587=ORIENTED_EDGE('',*,*,#1493,.T.);
#588=ORIENTED_EDGE('',*,*,#1494,.T.);
#589=ORIENTED_EDGE('',*,*,#1469,.T.);
#590=ORIENTED_EDGE('',*,*,#1473,.T.);
#591=ORIENTED_EDGE('',*,*,#1495,.T.);
#592=ORIENTED_EDGE('',*,*,#1496,.F.);
#593=ORIENTED_EDGE('',*,*,#1497,.T.);
#594=ORIENTED_EDGE('',*,*,#1498,.F.);
#595=ORIENTED_EDGE('',*,*,#1499,.T.);
#596=ORIENTED_EDGE('',*,*,#1500,.F.);
#597=ORIENTED_EDGE('',*,*,#1501,.T.);
#598=ORIENTED_EDGE('',*,*,#1502,.F.);
#599=ORIENTED_EDGE('',*,*,#1476,.T.);
#600=ORIENTED_EDGE('',*,*,#1480,.T.);
#601=ORIENTED_EDGE('',*,*,#1455,.T.);
#602=ORIENTED_EDGE('',*,*,#1459,.T.);
#603=ORIENTED_EDGE('',*,*,#1503,.T.);
#604=ORIENTED_EDGE('',*,*,#1504,.F.);
#605=ORIENTED_EDGE('',*,*,#1505,.T.);
#606=ORIENTED_EDGE('',*,*,#1506,.F.);
#607=ORIENTED_EDGE('',*,*,#1507,.T.);
#608=ORIENTED_EDGE('',*,*,#1508,.F.);
#609=ORIENTED_EDGE('',*,*,#1509,.T.);
#610=ORIENTED_EDGE('',*,*,#1510,.F.);
#611=ORIENTED_EDGE('',*,*,#1511,.T.);
#612=ORIENTED_EDGE('',*,*,#1465,.T.);
#613=ORIENTED_EDGE('',*,*,#1512,.F.);
#614=ORIENTED_EDGE('',*,*,#1513,.F.);
#615=ORIENTED_EDGE('',*,*,#1514,.T.);
#616=ORIENTED_EDGE('',*,*,#1515,.F.);
#617=ORIENTED_EDGE('',*,*,#1514,.F.);
#618=ORIENTED_EDGE('',*,*,#1516,.F.);
#619=ORIENTED_EDGE('',*,*,#1517,.T.);
#620=ORIENTED_EDGE('',*,*,#1518,.F.);
#621=ORIENTED_EDGE('',*,*,#1517,.F.);
#622=ORIENTED_EDGE('',*,*,#1519,.F.);
#623=ORIENTED_EDGE('',*,*,#1520,.T.);
#624=ORIENTED_EDGE('',*,*,#1521,.F.);
#625=ORIENTED_EDGE('',*,*,#1520,.F.);
#626=ORIENTED_EDGE('',*,*,#1522,.F.);
#627=ORIENTED_EDGE('',*,*,#1523,.T.);
#628=ORIENTED_EDGE('',*,*,#1524,.F.);
#629=ORIENTED_EDGE('',*,*,#1525,.F.);
#630=ORIENTED_EDGE('',*,*,#1512,.T.);
#631=ORIENTED_EDGE('',*,*,#1526,.F.);
#632=ORIENTED_EDGE('',*,*,#1527,.T.);
#633=ORIENTED_EDGE('',*,*,#1528,.F.);
#634=ORIENTED_EDGE('',*,*,#1527,.F.);
#635=ORIENTED_EDGE('',*,*,#1529,.F.);
#636=ORIENTED_EDGE('',*,*,#1530,.F.);
#637=ORIENTED_EDGE('',*,*,#1531,.F.);
#638=ORIENTED_EDGE('',*,*,#1523,.F.);
#639=ORIENTED_EDGE('',*,*,#1532,.F.);
#640=ORIENTED_EDGE('',*,*,#1533,.F.);
#641=ORIENTED_EDGE('',*,*,#1534,.F.);
#642=ORIENTED_EDGE('',*,*,#1490,.F.);
#643=ORIENTED_EDGE('',*,*,#1535,.F.);
#644=ORIENTED_EDGE('',*,*,#1536,.F.);
#645=ORIENTED_EDGE('',*,*,#1537,.F.);
#646=ORIENTED_EDGE('',*,*,#1538,.F.);
#647=ORIENTED_EDGE('',*,*,#1539,.F.);
#648=ORIENTED_EDGE('',*,*,#1494,.F.);
#649=ORIENTED_EDGE('',*,*,#1540,.F.);
#650=ORIENTED_EDGE('',*,*,#1541,.F.);
#651=ORIENTED_EDGE('',*,*,#1542,.F.);
#652=ORIENTED_EDGE('',*,*,#1543,.T.);
#653=ORIENTED_EDGE('',*,*,#1522,.T.);
#654=ORIENTED_EDGE('',*,*,#1519,.T.);
#655=ORIENTED_EDGE('',*,*,#1516,.T.);
#656=ORIENTED_EDGE('',*,*,#1513,.T.);
#657=ORIENTED_EDGE('',*,*,#1525,.T.);
#658=ORIENTED_EDGE('',*,*,#1544,.T.);
#659=ORIENTED_EDGE('',*,*,#1541,.T.);
#660=ORIENTED_EDGE('',*,*,#1545,.F.);
#661=ORIENTED_EDGE('',*,*,#1546,.F.);
#662=ORIENTED_EDGE('',*,*,#1547,.T.);
#663=ORIENTED_EDGE('',*,*,#1537,.T.);
#664=ORIENTED_EDGE('',*,*,#1548,.F.);
#665=ORIENTED_EDGE('',*,*,#1549,.T.);
#666=ORIENTED_EDGE('',*,*,#1550,.F.);
#667=ORIENTED_EDGE('',*,*,#1551,.T.);
#668=ORIENTED_EDGE('',*,*,#1552,.F.);
#669=ORIENTED_EDGE('',*,*,#1553,.T.);
#670=ORIENTED_EDGE('',*,*,#1554,.F.);
#671=ORIENTED_EDGE('',*,*,#1555,.T.);
#672=ORIENTED_EDGE('',*,*,#1556,.F.);
#673=ORIENTED_EDGE('',*,*,#1557,.T.);
#674=ORIENTED_EDGE('',*,*,#1558,.F.);
#675=ORIENTED_EDGE('',*,*,#1559,.T.);
#676=ORIENTED_EDGE('',*,*,#1560,.F.);
#677=ORIENTED_EDGE('',*,*,#1561,.T.);
#678=ORIENTED_EDGE('',*,*,#1562,.F.);
#679=ORIENTED_EDGE('',*,*,#1563,.T.);
#680=ORIENTED_EDGE('',*,*,#1564,.F.);
#681=ORIENTED_EDGE('',*,*,#1565,.T.);
#682=ORIENTED_EDGE('',*,*,#1566,.F.);
#683=ORIENTED_EDGE('',*,*,#1567,.T.);
#684=ORIENTED_EDGE('',*,*,#1568,.F.);
#685=ORIENTED_EDGE('',*,*,#1569,.T.);
#686=ORIENTED_EDGE('',*,*,#1570,.F.);
#687=ORIENTED_EDGE('',*,*,#1571,.T.);
#688=ORIENTED_EDGE('',*,*,#1544,.F.);
#689=ORIENTED_EDGE('',*,*,#1528,.T.);
#690=ORIENTED_EDGE('',*,*,#1572,.T.);
#691=ORIENTED_EDGE('',*,*,#1538,.T.);
#692=ORIENTED_EDGE('',*,*,#1573,.T.);
#693=ORIENTED_EDGE('',*,*,#1532,.T.);
#694=ORIENTED_EDGE('',*,*,#1543,.F.);
#695=ORIENTED_EDGE('',*,*,#1536,.T.);
#696=ORIENTED_EDGE('',*,*,#1574,.F.);
#697=ORIENTED_EDGE('',*,*,#1575,.T.);
#698=ORIENTED_EDGE('',*,*,#1576,.T.);
#699=ORIENTED_EDGE('',*,*,#1577,.T.);
#700=ORIENTED_EDGE('',*,*,#1578,.T.);
#701=ORIENTED_EDGE('',*,*,#1579,.T.);
#702=ORIENTED_EDGE('',*,*,#1580,.F.);
#703=ORIENTED_EDGE('',*,*,#1581,.T.);
#704=ORIENTED_EDGE('',*,*,#1582,.T.);
#705=ORIENTED_EDGE('',*,*,#1583,.T.);
#706=ORIENTED_EDGE('',*,*,#1584,.F.);
#707=ORIENTED_EDGE('',*,*,#1585,.T.);
#708=ORIENTED_EDGE('',*,*,#1586,.F.);
#709=ORIENTED_EDGE('',*,*,#1587,.T.);
#710=ORIENTED_EDGE('',*,*,#1588,.F.);
#711=ORIENTED_EDGE('',*,*,#1589,.T.);
#712=ORIENTED_EDGE('',*,*,#1590,.F.);
#713=ORIENTED_EDGE('',*,*,#1591,.T.);
#714=ORIENTED_EDGE('',*,*,#1592,.F.);
#715=ORIENTED_EDGE('',*,*,#1593,.T.);
#716=ORIENTED_EDGE('',*,*,#1594,.F.);
#717=ORIENTED_EDGE('',*,*,#1595,.T.);
#718=ORIENTED_EDGE('',*,*,#1596,.F.);
#719=ORIENTED_EDGE('',*,*,#1597,.T.);
#720=ORIENTED_EDGE('',*,*,#1598,.F.);
#721=ORIENTED_EDGE('',*,*,#1599,.T.);
#722=ORIENTED_EDGE('',*,*,#1600,.F.);
#723=ORIENTED_EDGE('',*,*,#1601,.T.);
#724=ORIENTED_EDGE('',*,*,#1602,.F.);
#725=ORIENTED_EDGE('',*,*,#1603,.T.);
#726=ORIENTED_EDGE('',*,*,#1604,.F.);
#727=ORIENTED_EDGE('',*,*,#1605,.T.);
#728=ORIENTED_EDGE('',*,*,#1606,.F.);
#729=ORIENTED_EDGE('',*,*,#1607,.T.);
#730=ORIENTED_EDGE('',*,*,#1608,.T.);
#731=ORIENTED_EDGE('',*,*,#1609,.T.);
#732=ORIENTED_EDGE('',*,*,#1610,.F.);
#733=ORIENTED_EDGE('',*,*,#1611,.F.);
#734=ORIENTED_EDGE('',*,*,#1612,.F.);
#735=ORIENTED_EDGE('',*,*,#1492,.F.);
#736=ORIENTED_EDGE('',*,*,#1613,.T.);
#737=ORIENTED_EDGE('',*,*,#1546,.T.);
#738=ORIENTED_EDGE('',*,*,#1614,.T.);
#739=ORIENTED_EDGE('',*,*,#1615,.F.);
#740=ORIENTED_EDGE('',*,*,#1616,.T.);
#741=ORIENTED_EDGE('',*,*,#1617,.T.);
#742=ORIENTED_EDGE('',*,*,#1618,.F.);
#743=ORIENTED_EDGE('',*,*,#1608,.F.);
#744=ORIENTED_EDGE('',*,*,#1619,.T.);
#745=ORIENTED_EDGE('',*,*,#1620,.T.);
#746=ORIENTED_EDGE('',*,*,#1616,.F.);
#747=ORIENTED_EDGE('',*,*,#1607,.F.);
#748=ORIENTED_EDGE('',*,*,#1606,.T.);
#749=ORIENTED_EDGE('',*,*,#1621,.F.);
#750=ORIENTED_EDGE('',*,*,#1622,.F.);
#751=ORIENTED_EDGE('',*,*,#1619,.F.);
#752=ORIENTED_EDGE('',*,*,#1623,.T.);
#753=ORIENTED_EDGE('',*,*,#1624,.T.);
#754=ORIENTED_EDGE('',*,*,#1621,.T.);
#755=ORIENTED_EDGE('',*,*,#1605,.F.);
#756=ORIENTED_EDGE('',*,*,#1604,.T.);
#757=ORIENTED_EDGE('',*,*,#1625,.F.);
#758=ORIENTED_EDGE('',*,*,#1626,.F.);
#759=ORIENTED_EDGE('',*,*,#1623,.F.);
#760=ORIENTED_EDGE('',*,*,#1627,.T.);
#761=ORIENTED_EDGE('',*,*,#1628,.T.);
#762=ORIENTED_EDGE('',*,*,#1625,.T.);
#763=ORIENTED_EDGE('',*,*,#1603,.F.);
#764=ORIENTED_EDGE('',*,*,#1602,.T.);
#765=ORIENTED_EDGE('',*,*,#1629,.F.);
#766=ORIENTED_EDGE('',*,*,#1630,.F.);
#767=ORIENTED_EDGE('',*,*,#1627,.F.);
#768=ORIENTED_EDGE('',*,*,#1631,.T.);
#769=ORIENTED_EDGE('',*,*,#1632,.T.);
#770=ORIENTED_EDGE('',*,*,#1629,.T.);
#771=ORIENTED_EDGE('',*,*,#1601,.F.);
#772=ORIENTED_EDGE('',*,*,#1600,.T.);
#773=ORIENTED_EDGE('',*,*,#1633,.F.);
#774=ORIENTED_EDGE('',*,*,#1634,.F.);
#775=ORIENTED_EDGE('',*,*,#1631,.F.);
#776=ORIENTED_EDGE('',*,*,#1635,.T.);
#777=ORIENTED_EDGE('',*,*,#1636,.T.);
#778=ORIENTED_EDGE('',*,*,#1633,.T.);
#779=ORIENTED_EDGE('',*,*,#1599,.F.);
#780=ORIENTED_EDGE('',*,*,#1598,.T.);
#781=ORIENTED_EDGE('',*,*,#1637,.F.);
#782=ORIENTED_EDGE('',*,*,#1638,.F.);
#783=ORIENTED_EDGE('',*,*,#1635,.F.);
#784=ORIENTED_EDGE('',*,*,#1639,.T.);
#785=ORIENTED_EDGE('',*,*,#1640,.T.);
#786=ORIENTED_EDGE('',*,*,#1637,.T.);
#787=ORIENTED_EDGE('',*,*,#1597,.F.);
#788=ORIENTED_EDGE('',*,*,#1596,.T.);
#789=ORIENTED_EDGE('',*,*,#1641,.F.);
#790=ORIENTED_EDGE('',*,*,#1642,.F.);
#791=ORIENTED_EDGE('',*,*,#1639,.F.);
#792=ORIENTED_EDGE('',*,*,#1643,.T.);
#793=ORIENTED_EDGE('',*,*,#1644,.T.);
#794=ORIENTED_EDGE('',*,*,#1641,.T.);
#795=ORIENTED_EDGE('',*,*,#1595,.F.);
#796=ORIENTED_EDGE('',*,*,#1594,.T.);
#797=ORIENTED_EDGE('',*,*,#1645,.F.);
#798=ORIENTED_EDGE('',*,*,#1646,.F.);
#799=ORIENTED_EDGE('',*,*,#1643,.F.);
#800=ORIENTED_EDGE('',*,*,#1647,.T.);
#801=ORIENTED_EDGE('',*,*,#1648,.T.);
#802=ORIENTED_EDGE('',*,*,#1645,.T.);
#803=ORIENTED_EDGE('',*,*,#1593,.F.);
#804=ORIENTED_EDGE('',*,*,#1649,.T.);
#805=ORIENTED_EDGE('',*,*,#1650,.F.);
#806=ORIENTED_EDGE('',*,*,#1647,.F.);
#807=ORIENTED_EDGE('',*,*,#1592,.T.);
#808=ORIENTED_EDGE('',*,*,#1591,.F.);
#809=ORIENTED_EDGE('',*,*,#1651,.F.);
#810=ORIENTED_EDGE('',*,*,#1652,.T.);
#811=ORIENTED_EDGE('',*,*,#1649,.F.);
#812=ORIENTED_EDGE('',*,*,#1653,.T.);
#813=ORIENTED_EDGE('',*,*,#1654,.F.);
#814=ORIENTED_EDGE('',*,*,#1651,.T.);
#815=ORIENTED_EDGE('',*,*,#1590,.T.);
#816=ORIENTED_EDGE('',*,*,#1589,.F.);
#817=ORIENTED_EDGE('',*,*,#1655,.F.);
#818=ORIENTED_EDGE('',*,*,#1656,.T.);
#819=ORIENTED_EDGE('',*,*,#1653,.F.);
#820=ORIENTED_EDGE('',*,*,#1657,.T.);
#821=ORIENTED_EDGE('',*,*,#1658,.F.);
#822=ORIENTED_EDGE('',*,*,#1655,.T.);
#823=ORIENTED_EDGE('',*,*,#1588,.T.);
#824=ORIENTED_EDGE('',*,*,#1587,.F.);
#825=ORIENTED_EDGE('',*,*,#1659,.F.);
#826=ORIENTED_EDGE('',*,*,#1660,.T.);
#827=ORIENTED_EDGE('',*,*,#1657,.F.);
#828=ORIENTED_EDGE('',*,*,#1661,.T.);
#829=ORIENTED_EDGE('',*,*,#1662,.F.);
#830=ORIENTED_EDGE('',*,*,#1659,.T.);
#831=ORIENTED_EDGE('',*,*,#1586,.T.);
#832=ORIENTED_EDGE('',*,*,#1585,.F.);
#833=ORIENTED_EDGE('',*,*,#1663,.F.);
#834=ORIENTED_EDGE('',*,*,#1664,.T.);
#835=ORIENTED_EDGE('',*,*,#1661,.F.);
#836=ORIENTED_EDGE('',*,*,#1665,.T.);
#837=ORIENTED_EDGE('',*,*,#1666,.F.);
#838=ORIENTED_EDGE('',*,*,#1663,.T.);
#839=ORIENTED_EDGE('',*,*,#1584,.T.);
#840=ORIENTED_EDGE('',*,*,#1667,.T.);
#841=ORIENTED_EDGE('',*,*,#1668,.T.);
#842=ORIENTED_EDGE('',*,*,#1665,.F.);
#843=ORIENTED_EDGE('',*,*,#1583,.F.);
#844=ORIENTED_EDGE('',*,*,#1669,.T.);
#845=ORIENTED_EDGE('',*,*,#1670,.T.);
#846=ORIENTED_EDGE('',*,*,#1667,.F.);
#847=ORIENTED_EDGE('',*,*,#1582,.F.);
#848=ORIENTED_EDGE('',*,*,#1671,.T.);
#849=ORIENTED_EDGE('',*,*,#1672,.T.);
#850=ORIENTED_EDGE('',*,*,#1673,.F.);
#851=ORIENTED_EDGE('',*,*,#1578,.F.);
#852=ORIENTED_EDGE('',*,*,#1674,.T.);
#853=ORIENTED_EDGE('',*,*,#1675,.T.);
#854=ORIENTED_EDGE('',*,*,#1671,.F.);
#855=ORIENTED_EDGE('',*,*,#1577,.F.);
#856=ORIENTED_EDGE('',*,*,#1676,.T.);
#857=ORIENTED_EDGE('',*,*,#1677,.F.);
#858=ORIENTED_EDGE('',*,*,#1677,.T.);
#859=ORIENTED_EDGE('',*,*,#1614,.F.);
#860=ORIENTED_EDGE('',*,*,#1678,.T.);
#861=ORIENTED_EDGE('',*,*,#1679,.F.);
#862=ORIENTED_EDGE('',*,*,#1678,.F.);
#863=ORIENTED_EDGE('',*,*,#1676,.F.);
#864=ORIENTED_EDGE('',*,*,#1680,.F.);
#865=ORIENTED_EDGE('',*,*,#1681,.T.);
#866=ORIENTED_EDGE('',*,*,#1682,.T.);
#867=ORIENTED_EDGE('',*,*,#1610,.T.);
#868=ORIENTED_EDGE('',*,*,#1683,.F.);
#869=ORIENTED_EDGE('',*,*,#1674,.F.);
#870=ORIENTED_EDGE('',*,*,#1576,.F.);
#871=ORIENTED_EDGE('',*,*,#1682,.F.);
#872=ORIENTED_EDGE('',*,*,#1618,.T.);
#873=ORIENTED_EDGE('',*,*,#1684,.F.);
#874=ORIENTED_EDGE('',*,*,#1680,.T.);
#875=ORIENTED_EDGE('',*,*,#1609,.F.);
#876=ORIENTED_EDGE('',*,*,#1673,.T.);
#877=ORIENTED_EDGE('',*,*,#1685,.F.);
#878=ORIENTED_EDGE('',*,*,#1686,.T.);
#879=ORIENTED_EDGE('',*,*,#1579,.F.);
#880=ORIENTED_EDGE('',*,*,#1686,.F.);
#881=ORIENTED_EDGE('',*,*,#1687,.T.);
#882=ORIENTED_EDGE('',*,*,#1688,.T.);
#883=ORIENTED_EDGE('',*,*,#1580,.T.);
#884=ORIENTED_EDGE('',*,*,#1689,.F.);
#885=ORIENTED_EDGE('',*,*,#1669,.F.);
#886=ORIENTED_EDGE('',*,*,#1581,.F.);
#887=ORIENTED_EDGE('',*,*,#1688,.F.);
#888=ORIENTED_EDGE('',*,*,#1684,.T.);
#889=ORIENTED_EDGE('',*,*,#1617,.F.);
#890=ORIENTED_EDGE('',*,*,#1620,.F.);
#891=ORIENTED_EDGE('',*,*,#1622,.T.);
#892=ORIENTED_EDGE('',*,*,#1624,.F.);
#893=ORIENTED_EDGE('',*,*,#1626,.T.);
#894=ORIENTED_EDGE('',*,*,#1628,.F.);
#895=ORIENTED_EDGE('',*,*,#1630,.T.);
#896=ORIENTED_EDGE('',*,*,#1632,.F.);
#897=ORIENTED_EDGE('',*,*,#1634,.T.);
#898=ORIENTED_EDGE('',*,*,#1636,.F.);
#899=ORIENTED_EDGE('',*,*,#1638,.T.);
#900=ORIENTED_EDGE('',*,*,#1640,.F.);
#901=ORIENTED_EDGE('',*,*,#1642,.T.);
#902=ORIENTED_EDGE('',*,*,#1644,.F.);
#903=ORIENTED_EDGE('',*,*,#1646,.T.);
#904=ORIENTED_EDGE('',*,*,#1648,.F.);
#905=ORIENTED_EDGE('',*,*,#1650,.T.);
#906=ORIENTED_EDGE('',*,*,#1652,.F.);
#907=ORIENTED_EDGE('',*,*,#1654,.T.);
#908=ORIENTED_EDGE('',*,*,#1656,.F.);
#909=ORIENTED_EDGE('',*,*,#1658,.T.);
#910=ORIENTED_EDGE('',*,*,#1660,.F.);
#911=ORIENTED_EDGE('',*,*,#1662,.T.);
#912=ORIENTED_EDGE('',*,*,#1664,.F.);
#913=ORIENTED_EDGE('',*,*,#1666,.T.);
#914=ORIENTED_EDGE('',*,*,#1668,.F.);
#915=ORIENTED_EDGE('',*,*,#1670,.F.);
#916=ORIENTED_EDGE('',*,*,#1689,.T.);
#917=ORIENTED_EDGE('',*,*,#1687,.F.);
#918=ORIENTED_EDGE('',*,*,#1685,.T.);
#919=ORIENTED_EDGE('',*,*,#1672,.F.);
#920=ORIENTED_EDGE('',*,*,#1675,.F.);
#921=ORIENTED_EDGE('',*,*,#1683,.T.);
#922=ORIENTED_EDGE('',*,*,#1681,.F.);
#923=ORIENTED_EDGE('',*,*,#1679,.T.);
#924=ORIENTED_EDGE('',*,*,#1690,.F.);
#925=ORIENTED_EDGE('',*,*,#1611,.T.);
#926=ORIENTED_EDGE('',*,*,#1690,.T.);
#927=ORIENTED_EDGE('',*,*,#1574,.T.);
#928=ORIENTED_EDGE('',*,*,#1575,.F.);
#929=ORIENTED_EDGE('',*,*,#1615,.T.);
#930=ORIENTED_EDGE('',*,*,#1491,.T.);
#931=ORIENTED_EDGE('',*,*,#1534,.T.);
#932=ORIENTED_EDGE('',*,*,#1547,.F.);
#933=ORIENTED_EDGE('',*,*,#1613,.F.);
#934=ORIENTED_EDGE('',*,*,#1545,.T.);
#935=ORIENTED_EDGE('',*,*,#1540,.T.);
#936=ORIENTED_EDGE('',*,*,#1493,.F.);
#937=ORIENTED_EDGE('',*,*,#1612,.T.);
#938=ORIENTED_EDGE('',*,*,#1691,.T.);
#939=ORIENTED_EDGE('',*,*,#1503,.F.);
#940=ORIENTED_EDGE('',*,*,#1458,.T.);
#941=ORIENTED_EDGE('',*,*,#1462,.T.);
#942=ORIENTED_EDGE('',*,*,#1466,.T.);
#943=ORIENTED_EDGE('',*,*,#1511,.F.);
#944=ORIENTED_EDGE('',*,*,#1692,.F.);
#945=ORIENTED_EDGE('',*,*,#1549,.F.);
#946=ORIENTED_EDGE('',*,*,#1550,.T.);
#947=ORIENTED_EDGE('',*,*,#1692,.T.);
#948=ORIENTED_EDGE('',*,*,#1510,.T.);
#949=ORIENTED_EDGE('',*,*,#1693,.F.);
#950=ORIENTED_EDGE('',*,*,#1693,.T.);
#951=ORIENTED_EDGE('',*,*,#1509,.F.);
#952=ORIENTED_EDGE('',*,*,#1694,.F.);
#953=ORIENTED_EDGE('',*,*,#1551,.F.);
#954=ORIENTED_EDGE('',*,*,#1552,.T.);
#955=ORIENTED_EDGE('',*,*,#1694,.T.);
#956=ORIENTED_EDGE('',*,*,#1508,.T.);
#957=ORIENTED_EDGE('',*,*,#1695,.F.);
#958=ORIENTED_EDGE('',*,*,#1695,.T.);
#959=ORIENTED_EDGE('',*,*,#1507,.F.);
#960=ORIENTED_EDGE('',*,*,#1696,.F.);
#961=ORIENTED_EDGE('',*,*,#1553,.F.);
#962=ORIENTED_EDGE('',*,*,#1554,.T.);
#963=ORIENTED_EDGE('',*,*,#1696,.T.);
#964=ORIENTED_EDGE('',*,*,#1506,.T.);
#965=ORIENTED_EDGE('',*,*,#1697,.F.);
#966=ORIENTED_EDGE('',*,*,#1697,.T.);
#967=ORIENTED_EDGE('',*,*,#1505,.F.);
#968=ORIENTED_EDGE('',*,*,#1698,.F.);
#969=ORIENTED_EDGE('',*,*,#1555,.F.);
#970=ORIENTED_EDGE('',*,*,#1548,.T.);
#971=ORIENTED_EDGE('',*,*,#1698,.T.);
#972=ORIENTED_EDGE('',*,*,#1504,.T.);
#973=ORIENTED_EDGE('',*,*,#1691,.F.);
#974=ORIENTED_EDGE('',*,*,#1699,.T.);
#975=ORIENTED_EDGE('',*,*,#1481,.F.);
#976=ORIENTED_EDGE('',*,*,#1700,.F.);
#977=ORIENTED_EDGE('',*,*,#1557,.F.);
#978=ORIENTED_EDGE('',*,*,#1558,.T.);
#979=ORIENTED_EDGE('',*,*,#1700,.T.);
#980=ORIENTED_EDGE('',*,*,#1488,.T.);
#981=ORIENTED_EDGE('',*,*,#1701,.F.);
#982=ORIENTED_EDGE('',*,*,#1701,.T.);
#983=ORIENTED_EDGE('',*,*,#1487,.F.);
#984=ORIENTED_EDGE('',*,*,#1702,.F.);
#985=ORIENTED_EDGE('',*,*,#1559,.F.);
#986=ORIENTED_EDGE('',*,*,#1560,.T.);
#987=ORIENTED_EDGE('',*,*,#1702,.T.);
#988=ORIENTED_EDGE('',*,*,#1486,.T.);
#989=ORIENTED_EDGE('',*,*,#1703,.F.);
#990=ORIENTED_EDGE('',*,*,#1703,.T.);
#991=ORIENTED_EDGE('',*,*,#1485,.F.);
#992=ORIENTED_EDGE('',*,*,#1704,.F.);
#993=ORIENTED_EDGE('',*,*,#1561,.F.);
#994=ORIENTED_EDGE('',*,*,#1562,.T.);
#995=ORIENTED_EDGE('',*,*,#1704,.T.);
#996=ORIENTED_EDGE('',*,*,#1484,.T.);
#997=ORIENTED_EDGE('',*,*,#1705,.F.);
#998=ORIENTED_EDGE('',*,*,#1705,.T.);
#999=ORIENTED_EDGE('',*,*,#1483,.F.);
#1000=ORIENTED_EDGE('',*,*,#1706,.F.);
#1001=ORIENTED_EDGE('',*,*,#1563,.F.);
#1002=ORIENTED_EDGE('',*,*,#1556,.T.);
#1003=ORIENTED_EDGE('',*,*,#1706,.T.);
#1004=ORIENTED_EDGE('',*,*,#1482,.T.);
#1005=ORIENTED_EDGE('',*,*,#1699,.F.);
#1006=ORIENTED_EDGE('',*,*,#1707,.T.);
#1007=ORIENTED_EDGE('',*,*,#1495,.F.);
#1008=ORIENTED_EDGE('',*,*,#1472,.T.);
#1009=ORIENTED_EDGE('',*,*,#1478,.T.);
#1010=ORIENTED_EDGE('',*,*,#1708,.F.);
#1011=ORIENTED_EDGE('',*,*,#1565,.F.);
#1012=ORIENTED_EDGE('',*,*,#1566,.T.);
#1013=ORIENTED_EDGE('',*,*,#1708,.T.);
#1014=ORIENTED_EDGE('',*,*,#1477,.T.);
#1015=ORIENTED_EDGE('',*,*,#1502,.T.);
#1016=ORIENTED_EDGE('',*,*,#1709,.F.);
#1017=ORIENTED_EDGE('',*,*,#1709,.T.);
#1018=ORIENTED_EDGE('',*,*,#1501,.F.);
#1019=ORIENTED_EDGE('',*,*,#1710,.F.);
#1020=ORIENTED_EDGE('',*,*,#1567,.F.);
#1021=ORIENTED_EDGE('',*,*,#1568,.T.);
#1022=ORIENTED_EDGE('',*,*,#1710,.T.);
#1023=ORIENTED_EDGE('',*,*,#1500,.T.);
#1024=ORIENTED_EDGE('',*,*,#1711,.F.);
#1025=ORIENTED_EDGE('',*,*,#1711,.T.);
#1026=ORIENTED_EDGE('',*,*,#1499,.F.);
#1027=ORIENTED_EDGE('',*,*,#1712,.F.);
#1028=ORIENTED_EDGE('',*,*,#1569,.F.);
#1029=ORIENTED_EDGE('',*,*,#1570,.T.);
#1030=ORIENTED_EDGE('',*,*,#1712,.T.);
#1031=ORIENTED_EDGE('',*,*,#1498,.T.);
#1032=ORIENTED_EDGE('',*,*,#1713,.F.);
#1033=ORIENTED_EDGE('',*,*,#1713,.T.);
#1034=ORIENTED_EDGE('',*,*,#1497,.F.);
#1035=ORIENTED_EDGE('',*,*,#1714,.F.);
#1036=ORIENTED_EDGE('',*,*,#1571,.F.);
#1037=ORIENTED_EDGE('',*,*,#1564,.T.);
#1038=ORIENTED_EDGE('',*,*,#1714,.T.);
#1039=ORIENTED_EDGE('',*,*,#1496,.T.);
#1040=ORIENTED_EDGE('',*,*,#1707,.F.);
#1041=ORIENTED_EDGE('',*,*,#1715,.T.);
#1042=ORIENTED_EDGE('',*,*,#1533,.T.);
#1043=ORIENTED_EDGE('',*,*,#1573,.F.);
#1044=ORIENTED_EDGE('',*,*,#1535,.T.);
#1045=ORIENTED_EDGE('',*,*,#1716,.T.);
#1046=ORIENTED_EDGE('',*,*,#1717,.T.);
#1047=ORIENTED_EDGE('',*,*,#1718,.F.);
#1048=ORIENTED_EDGE('',*,*,#1719,.T.);
#1049=ORIENTED_EDGE('',*,*,#1720,.F.);
#1050=ORIENTED_EDGE('',*,*,#1721,.F.);
#1051=ORIENTED_EDGE('',*,*,#1722,.T.);
#1052=ORIENTED_EDGE('',*,*,#1723,.T.);
#1053=ORIENTED_EDGE('',*,*,#1724,.T.);
#1054=ORIENTED_EDGE('',*,*,#1725,.T.);
#1055=ORIENTED_EDGE('',*,*,#1726,.T.);
#1056=ORIENTED_EDGE('',*,*,#1727,.F.);
#1057=ORIENTED_EDGE('',*,*,#1719,.F.);
#1058=ORIENTED_EDGE('',*,*,#1728,.F.);
#1059=ORIENTED_EDGE('',*,*,#1729,.F.);
#1060=ORIENTED_EDGE('',*,*,#1730,.T.);
#1061=ORIENTED_EDGE('',*,*,#1731,.F.);
#1062=ORIENTED_EDGE('',*,*,#1732,.T.);
#1063=ORIENTED_EDGE('',*,*,#1733,.T.);
#1064=ORIENTED_EDGE('',*,*,#1734,.T.);
#1065=ORIENTED_EDGE('',*,*,#1735,.T.);
#1066=ORIENTED_EDGE('',*,*,#1736,.F.);
#1067=ORIENTED_EDGE('',*,*,#1726,.F.);
#1068=ORIENTED_EDGE('',*,*,#1737,.T.);
#1069=ORIENTED_EDGE('',*,*,#1738,.T.);
#1070=ORIENTED_EDGE('',*,*,#1739,.F.);
#1071=ORIENTED_EDGE('',*,*,#1735,.F.);
#1072=ORIENTED_EDGE('',*,*,#1740,.T.);
#1073=ORIENTED_EDGE('',*,*,#1741,.T.);
#1074=ORIENTED_EDGE('',*,*,#1738,.F.);
#1075=ORIENTED_EDGE('',*,*,#1742,.F.);
#1076=ORIENTED_EDGE('',*,*,#1743,.T.);
#1077=ORIENTED_EDGE('',*,*,#1744,.T.);
#1078=ORIENTED_EDGE('',*,*,#1721,.T.);
#1079=ORIENTED_EDGE('',*,*,#1745,.T.);
#1080=ORIENTED_EDGE('',*,*,#1743,.F.);
#1081=ORIENTED_EDGE('',*,*,#1746,.F.);
#1082=ORIENTED_EDGE('',*,*,#1747,.T.);
#1083=ORIENTED_EDGE('',*,*,#1748,.T.);
#1084=ORIENTED_EDGE('',*,*,#1749,.F.);
#1085=ORIENTED_EDGE('',*,*,#1747,.F.);
#1086=ORIENTED_EDGE('',*,*,#1750,.T.);
#1087=ORIENTED_EDGE('',*,*,#1751,.T.);
#1088=ORIENTED_EDGE('',*,*,#1748,.F.);
#1089=ORIENTED_EDGE('',*,*,#1752,.F.);
#1090=ORIENTED_EDGE('',*,*,#1753,.T.);
#1091=ORIENTED_EDGE('',*,*,#1754,.T.);
#1092=ORIENTED_EDGE('',*,*,#1753,.F.);
#1093=ORIENTED_EDGE('',*,*,#1755,.F.);
#1094=ORIENTED_EDGE('',*,*,#1729,.T.);
#1095=ORIENTED_EDGE('',*,*,#1756,.T.);
#1096=ORIENTED_EDGE('',*,*,#1524,.T.);
#1097=ORIENTED_EDGE('',*,*,#1531,.T.);
#1098=ORIENTED_EDGE('',*,*,#1715,.F.);
#1099=ORIENTED_EDGE('',*,*,#1757,.F.);
#1100=ORIENTED_EDGE('',*,*,#1758,.T.);
#1101=ORIENTED_EDGE('',*,*,#1759,.T.);
#1102=ORIENTED_EDGE('',*,*,#1521,.T.);
#1103=ORIENTED_EDGE('',*,*,#1756,.F.);
#1104=ORIENTED_EDGE('',*,*,#1760,.T.);
#1105=ORIENTED_EDGE('',*,*,#1761,.T.);
#1106=ORIENTED_EDGE('',*,*,#1518,.T.);
#1107=ORIENTED_EDGE('',*,*,#1759,.F.);
#1108=ORIENTED_EDGE('',*,*,#1762,.F.);
#1109=ORIENTED_EDGE('',*,*,#1763,.T.);
#1110=ORIENTED_EDGE('',*,*,#1515,.T.);
#1111=ORIENTED_EDGE('',*,*,#1761,.F.);
#1112=ORIENTED_EDGE('',*,*,#1764,.T.);
#1113=ORIENTED_EDGE('',*,*,#1529,.T.);
#1114=ORIENTED_EDGE('',*,*,#1526,.T.);
#1115=ORIENTED_EDGE('',*,*,#1763,.F.);
#1116=ORIENTED_EDGE('',*,*,#1765,.F.);
#1117=ORIENTED_EDGE('',*,*,#1766,.T.);
#1118=ORIENTED_EDGE('',*,*,#1767,.T.);
#1119=ORIENTED_EDGE('',*,*,#1768,.F.);
#1120=ORIENTED_EDGE('',*,*,#1769,.F.);
#1121=ORIENTED_EDGE('',*,*,#1770,.T.);
#1122=ORIENTED_EDGE('',*,*,#1771,.T.);
#1123=ORIENTED_EDGE('',*,*,#1772,.F.);
#1124=ORIENTED_EDGE('',*,*,#1770,.F.);
#1125=ORIENTED_EDGE('',*,*,#1773,.T.);
#1126=ORIENTED_EDGE('',*,*,#1774,.T.);
#1127=ORIENTED_EDGE('',*,*,#1775,.F.);
#1128=ORIENTED_EDGE('',*,*,#1724,.F.);
#1129=ORIENTED_EDGE('',*,*,#1776,.F.);
#1130=ORIENTED_EDGE('',*,*,#1774,.F.);
#1131=ORIENTED_EDGE('',*,*,#1777,.T.);
#1132=ORIENTED_EDGE('',*,*,#1778,.T.);
#1133=ORIENTED_EDGE('',*,*,#1779,.F.);
#1134=ORIENTED_EDGE('',*,*,#1778,.F.);
#1135=ORIENTED_EDGE('',*,*,#1780,.T.);
#1136=ORIENTED_EDGE('',*,*,#1757,.T.);
#1137=ORIENTED_EDGE('',*,*,#1717,.F.);
#1138=ORIENTED_EDGE('',*,*,#1722,.F.);
#1139=ORIENTED_EDGE('',*,*,#1734,.F.);
#1140=ORIENTED_EDGE('',*,*,#1781,.T.);
#1141=ORIENTED_EDGE('',*,*,#1765,.T.);
#1142=ORIENTED_EDGE('',*,*,#1764,.F.);
#1143=ORIENTED_EDGE('',*,*,#1762,.T.);
#1144=ORIENTED_EDGE('',*,*,#1760,.F.);
#1145=ORIENTED_EDGE('',*,*,#1758,.F.);
#1146=ORIENTED_EDGE('',*,*,#1780,.F.);
#1147=ORIENTED_EDGE('',*,*,#1777,.F.);
#1148=ORIENTED_EDGE('',*,*,#1773,.F.);
#1149=ORIENTED_EDGE('',*,*,#1769,.T.);
#1150=ORIENTED_EDGE('',*,*,#1782,.F.);
#1151=ORIENTED_EDGE('',*,*,#1730,.F.);
#1152=ORIENTED_EDGE('',*,*,#1755,.T.);
#1153=ORIENTED_EDGE('',*,*,#1752,.T.);
#1154=ORIENTED_EDGE('',*,*,#1750,.F.);
#1155=ORIENTED_EDGE('',*,*,#1746,.T.);
#1156=ORIENTED_EDGE('',*,*,#1742,.T.);
#1157=ORIENTED_EDGE('',*,*,#1740,.F.);
#1158=ORIENTED_EDGE('',*,*,#1737,.F.);
#1159=ORIENTED_EDGE('',*,*,#1783,.T.);
#1160=ORIENTED_EDGE('',*,*,#1766,.F.);
#1161=ORIENTED_EDGE('',*,*,#1781,.F.);
#1162=ORIENTED_EDGE('',*,*,#1733,.F.);
#1163=ORIENTED_EDGE('',*,*,#1731,.T.);
#1164=ORIENTED_EDGE('',*,*,#1782,.T.);
#1165=ORIENTED_EDGE('',*,*,#1768,.T.);
#1166=ORIENTED_EDGE('',*,*,#1784,.F.);
#1167=ORIENTED_EDGE('',*,*,#1784,.T.);
#1168=ORIENTED_EDGE('',*,*,#1767,.F.);
#1169=ORIENTED_EDGE('',*,*,#1783,.F.);
#1170=ORIENTED_EDGE('',*,*,#1732,.F.);
#1171=ORIENTED_EDGE('',*,*,#1572,.F.);
#1172=ORIENTED_EDGE('',*,*,#1530,.T.);
#1173=ORIENTED_EDGE('',*,*,#1771,.F.);
#1174=ORIENTED_EDGE('',*,*,#1772,.T.);
#1175=ORIENTED_EDGE('',*,*,#1785,.T.);
#1176=ORIENTED_EDGE('',*,*,#1539,.T.);
#1177=ORIENTED_EDGE('',*,*,#1786,.T.);
#1178=ORIENTED_EDGE('',*,*,#1775,.T.);
#1179=ORIENTED_EDGE('',*,*,#1776,.T.);
#1180=ORIENTED_EDGE('',*,*,#1779,.T.);
#1181=ORIENTED_EDGE('',*,*,#1787,.F.);
#1182=ORIENTED_EDGE('',*,*,#1788,.F.);
#1183=ORIENTED_EDGE('',*,*,#1789,.F.);
#1184=ORIENTED_EDGE('',*,*,#1727,.T.);
#1185=ORIENTED_EDGE('',*,*,#1736,.T.);
#1186=ORIENTED_EDGE('',*,*,#1739,.T.);
#1187=ORIENTED_EDGE('',*,*,#1741,.F.);
#1188=ORIENTED_EDGE('',*,*,#1745,.F.);
#1189=ORIENTED_EDGE('',*,*,#1790,.F.);
#1190=ORIENTED_EDGE('',*,*,#1791,.F.);
#1191=ORIENTED_EDGE('',*,*,#1792,.F.);
#1192=ORIENTED_EDGE('',*,*,#1793,.F.);
#1193=ORIENTED_EDGE('',*,*,#1794,.F.);
#1194=ORIENTED_EDGE('',*,*,#1795,.F.);
#1195=ORIENTED_EDGE('',*,*,#1796,.F.);
#1196=ORIENTED_EDGE('',*,*,#1797,.T.);
#1197=ORIENTED_EDGE('',*,*,#1798,.T.);
#1198=ORIENTED_EDGE('',*,*,#1799,.F.);
#1199=ORIENTED_EDGE('',*,*,#1800,.F.);
#1200=ORIENTED_EDGE('',*,*,#1801,.T.);
#1201=ORIENTED_EDGE('',*,*,#1802,.F.);
#1202=ORIENTED_EDGE('',*,*,#1803,.T.);
#1203=ORIENTED_EDGE('',*,*,#1804,.T.);
#1204=ORIENTED_EDGE('',*,*,#1805,.F.);
#1205=ORIENTED_EDGE('',*,*,#1806,.F.);
#1206=ORIENTED_EDGE('',*,*,#1807,.T.);
#1207=ORIENTED_EDGE('',*,*,#1723,.F.);
#1208=ORIENTED_EDGE('',*,*,#1716,.F.);
#1209=ORIENTED_EDGE('',*,*,#1489,.F.);
#1210=ORIENTED_EDGE('',*,*,#1785,.F.);
#1211=ORIENTED_EDGE('',*,*,#1725,.F.);
#1212=ORIENTED_EDGE('',*,*,#1786,.F.);
#1213=ORIENTED_EDGE('',*,*,#1808,.T.);
#1214=ORIENTED_EDGE('',*,*,#1787,.T.);
#1215=ORIENTED_EDGE('',*,*,#1809,.F.);
#1216=ORIENTED_EDGE('',*,*,#1788,.T.);
#1217=ORIENTED_EDGE('',*,*,#1810,.F.);
#1218=ORIENTED_EDGE('',*,*,#1811,.T.);
#1219=ORIENTED_EDGE('',*,*,#1812,.F.);
#1220=ORIENTED_EDGE('',*,*,#1813,.T.);
#1221=ORIENTED_EDGE('',*,*,#1814,.F.);
#1222=ORIENTED_EDGE('',*,*,#1754,.F.);
#1223=ORIENTED_EDGE('',*,*,#1728,.T.);
#1224=ORIENTED_EDGE('',*,*,#1815,.F.);
#1225=ORIENTED_EDGE('',*,*,#1816,.F.);
#1226=ORIENTED_EDGE('',*,*,#1817,.F.);
#1227=ORIENTED_EDGE('',*,*,#1818,.F.);
#1228=ORIENTED_EDGE('',*,*,#1819,.F.);
#1229=ORIENTED_EDGE('',*,*,#1820,.F.);
#1230=ORIENTED_EDGE('',*,*,#1821,.F.);
#1231=ORIENTED_EDGE('',*,*,#1744,.F.);
#1232=ORIENTED_EDGE('',*,*,#1749,.T.);
#1233=ORIENTED_EDGE('',*,*,#1751,.F.);
#1234=ORIENTED_EDGE('',*,*,#1813,.F.);
#1235=ORIENTED_EDGE('',*,*,#1811,.F.);
#1236=ORIENTED_EDGE('',*,*,#1822,.F.);
#1237=ORIENTED_EDGE('',*,*,#1823,.F.);
#1238=ORIENTED_EDGE('',*,*,#1824,.F.);
#1239=ORIENTED_EDGE('',*,*,#1825,.F.);
#1240=ORIENTED_EDGE('',*,*,#1826,.T.);
#1241=ORIENTED_EDGE('',*,*,#1806,.T.);
#1242=ORIENTED_EDGE('',*,*,#1796,.T.);
#1243=ORIENTED_EDGE('',*,*,#1799,.T.);
#1244=ORIENTED_EDGE('',*,*,#1800,.T.);
#1245=ORIENTED_EDGE('',*,*,#1802,.T.);
#1246=ORIENTED_EDGE('',*,*,#1805,.T.);
#1247=ORIENTED_EDGE('',*,*,#1808,.F.);
#1248=ORIENTED_EDGE('',*,*,#1793,.T.);
#1249=ORIENTED_EDGE('',*,*,#1827,.F.);
#1250=ORIENTED_EDGE('',*,*,#1828,.F.);
#1251=ORIENTED_EDGE('',*,*,#1829,.T.);
#1252=ORIENTED_EDGE('',*,*,#1791,.T.);
#1253=ORIENTED_EDGE('',*,*,#1830,.F.);
#1254=ORIENTED_EDGE('',*,*,#1831,.F.);
#1255=ORIENTED_EDGE('',*,*,#1832,.T.);
#1256=ORIENTED_EDGE('',*,*,#1820,.T.);
#1257=ORIENTED_EDGE('',*,*,#1833,.F.);
#1258=ORIENTED_EDGE('',*,*,#1834,.F.);
#1259=ORIENTED_EDGE('',*,*,#1835,.T.);
#1260=ORIENTED_EDGE('',*,*,#1818,.T.);
#1261=ORIENTED_EDGE('',*,*,#1836,.F.);
#1262=ORIENTED_EDGE('',*,*,#1837,.F.);
#1263=ORIENTED_EDGE('',*,*,#1838,.T.);
#1264=ORIENTED_EDGE('',*,*,#1816,.T.);
#1265=ORIENTED_EDGE('',*,*,#1839,.F.);
#1266=ORIENTED_EDGE('',*,*,#1840,.F.);
#1267=ORIENTED_EDGE('',*,*,#1841,.T.);
#1268=ORIENTED_EDGE('',*,*,#1795,.T.);
#1269=ORIENTED_EDGE('',*,*,#1842,.F.);
#1270=ORIENTED_EDGE('',*,*,#1843,.F.);
#1271=ORIENTED_EDGE('',*,*,#1844,.T.);
#1272=ORIENTED_EDGE('',*,*,#1845,.F.);
#1273=ORIENTED_EDGE('',*,*,#1846,.F.);
#1274=ORIENTED_EDGE('',*,*,#1828,.T.);
#1275=ORIENTED_EDGE('',*,*,#1847,.F.);
#1276=ORIENTED_EDGE('',*,*,#1831,.T.);
#1277=ORIENTED_EDGE('',*,*,#1848,.F.);
#1278=ORIENTED_EDGE('',*,*,#1834,.T.);
#1279=ORIENTED_EDGE('',*,*,#1849,.F.);
#1280=ORIENTED_EDGE('',*,*,#1837,.T.);
#1281=ORIENTED_EDGE('',*,*,#1850,.F.);
#1282=ORIENTED_EDGE('',*,*,#1840,.T.);
#1283=ORIENTED_EDGE('',*,*,#1851,.F.);
#1284=ORIENTED_EDGE('',*,*,#1843,.T.);
#1285=ORIENTED_EDGE('',*,*,#1845,.T.);
#1286=ORIENTED_EDGE('',*,*,#1826,.F.);
#1287=ORIENTED_EDGE('',*,*,#1852,.F.);
#1288=ORIENTED_EDGE('',*,*,#1853,.T.);
#1289=ORIENTED_EDGE('',*,*,#1854,.F.);
#1290=ORIENTED_EDGE('',*,*,#1855,.T.);
#1291=ORIENTED_EDGE('',*,*,#1822,.T.);
#1292=ORIENTED_EDGE('',*,*,#1856,.F.);
#1293=ORIENTED_EDGE('',*,*,#1852,.T.);
#1294=ORIENTED_EDGE('',*,*,#1814,.T.);
#1295=ORIENTED_EDGE('',*,*,#1857,.F.);
#1296=ORIENTED_EDGE('',*,*,#1858,.T.);
#1297=ORIENTED_EDGE('',*,*,#1859,.F.);
#1298=ORIENTED_EDGE('',*,*,#1860,.T.);
#1299=ORIENTED_EDGE('',*,*,#1823,.T.);
#1300=ORIENTED_EDGE('',*,*,#1861,.F.);
#1301=ORIENTED_EDGE('',*,*,#1857,.T.);
#1302=ORIENTED_EDGE('',*,*,#1812,.T.);
#1303=ORIENTED_EDGE('',*,*,#1862,.T.);
#1304=ORIENTED_EDGE('',*,*,#1863,.F.);
#1305=ORIENTED_EDGE('',*,*,#1864,.T.);
#1306=ORIENTED_EDGE('',*,*,#1865,.F.);
#1307=ORIENTED_EDGE('',*,*,#1824,.T.);
#1308=ORIENTED_EDGE('',*,*,#1866,.F.);
#1309=ORIENTED_EDGE('',*,*,#1865,.T.);
#1310=ORIENTED_EDGE('',*,*,#1810,.T.);
#1311=ORIENTED_EDGE('',*,*,#1867,.T.);
#1312=ORIENTED_EDGE('',*,*,#1868,.F.);
#1313=ORIENTED_EDGE('',*,*,#1869,.T.);
#1314=ORIENTED_EDGE('',*,*,#1870,.F.);
#1315=ORIENTED_EDGE('',*,*,#1825,.T.);
#1316=ORIENTED_EDGE('',*,*,#1871,.F.);
#1317=ORIENTED_EDGE('',*,*,#1870,.T.);
#1318=ORIENTED_EDGE('',*,*,#1809,.T.);
#1319=ORIENTED_EDGE('',*,*,#1807,.F.);
#1320=ORIENTED_EDGE('',*,*,#1868,.T.);
#1321=ORIENTED_EDGE('',*,*,#1872,.T.);
#1322=ORIENTED_EDGE('',*,*,#1794,.T.);
#1323=ORIENTED_EDGE('',*,*,#1829,.F.);
#1324=ORIENTED_EDGE('',*,*,#1846,.T.);
#1325=ORIENTED_EDGE('',*,*,#1842,.T.);
#1326=ORIENTED_EDGE('',*,*,#1871,.T.);
#1327=ORIENTED_EDGE('',*,*,#1869,.F.);
#1328=ORIENTED_EDGE('',*,*,#1872,.F.);
#1329=ORIENTED_EDGE('',*,*,#1867,.F.);
#1330=ORIENTED_EDGE('',*,*,#1797,.F.);
#1331=ORIENTED_EDGE('',*,*,#1863,.T.);
#1332=ORIENTED_EDGE('',*,*,#1873,.T.);
#1333=ORIENTED_EDGE('',*,*,#1792,.T.);
#1334=ORIENTED_EDGE('',*,*,#1832,.F.);
#1335=ORIENTED_EDGE('',*,*,#1847,.T.);
#1336=ORIENTED_EDGE('',*,*,#1827,.T.);
#1337=ORIENTED_EDGE('',*,*,#1866,.T.);
#1338=ORIENTED_EDGE('',*,*,#1864,.F.);
#1339=ORIENTED_EDGE('',*,*,#1873,.F.);
#1340=ORIENTED_EDGE('',*,*,#1862,.F.);
#1341=ORIENTED_EDGE('',*,*,#1801,.F.);
#1342=ORIENTED_EDGE('',*,*,#1859,.T.);
#1343=ORIENTED_EDGE('',*,*,#1874,.T.);
#1344=ORIENTED_EDGE('',*,*,#1861,.T.);
#1345=ORIENTED_EDGE('',*,*,#1860,.F.);
#1346=ORIENTED_EDGE('',*,*,#1874,.F.);
#1347=ORIENTED_EDGE('',*,*,#1858,.F.);
#1348=ORIENTED_EDGE('',*,*,#1849,.T.);
#1349=ORIENTED_EDGE('',*,*,#1833,.T.);
#1350=ORIENTED_EDGE('',*,*,#1819,.T.);
#1351=ORIENTED_EDGE('',*,*,#1838,.F.);
#1352=ORIENTED_EDGE('',*,*,#1803,.F.);
#1353=ORIENTED_EDGE('',*,*,#1854,.T.);
#1354=ORIENTED_EDGE('',*,*,#1875,.T.);
#1355=ORIENTED_EDGE('',*,*,#1856,.T.);
#1356=ORIENTED_EDGE('',*,*,#1855,.F.);
#1357=ORIENTED_EDGE('',*,*,#1875,.F.);
#1358=ORIENTED_EDGE('',*,*,#1853,.F.);
#1359=ORIENTED_EDGE('',*,*,#1850,.T.);
#1360=ORIENTED_EDGE('',*,*,#1836,.T.);
#1361=ORIENTED_EDGE('',*,*,#1817,.T.);
#1362=ORIENTED_EDGE('',*,*,#1841,.F.);
#1363=ORIENTED_EDGE('',*,*,#1876,.F.);
#1364=ORIENTED_EDGE('',*,*,#1848,.T.);
#1365=ORIENTED_EDGE('',*,*,#1830,.T.);
#1366=ORIENTED_EDGE('',*,*,#1790,.T.);
#1367=ORIENTED_EDGE('',*,*,#1720,.T.);
#1368=ORIENTED_EDGE('',*,*,#1821,.T.);
#1369=ORIENTED_EDGE('',*,*,#1835,.F.);
#1370=ORIENTED_EDGE('',*,*,#1876,.T.);
#1371=ORIENTED_EDGE('',*,*,#1798,.F.);
#1372=ORIENTED_EDGE('',*,*,#1877,.F.);
#1373=ORIENTED_EDGE('',*,*,#1851,.T.);
#1374=ORIENTED_EDGE('',*,*,#1839,.T.);
#1375=ORIENTED_EDGE('',*,*,#1815,.T.);
#1376=ORIENTED_EDGE('',*,*,#1718,.T.);
#1377=ORIENTED_EDGE('',*,*,#1789,.T.);
#1378=ORIENTED_EDGE('',*,*,#1844,.F.);
#1379=ORIENTED_EDGE('',*,*,#1877,.T.);
#1380=ORIENTED_EDGE('',*,*,#1804,.F.);
#1381=ORIENTED_EDGE('',*,*,#1878,.T.);
#1382=ORIENTED_EDGE('',*,*,#1467,.T.);
#1383=ORIENTED_EDGE('',*,*,#1879,.F.);
#1384=ORIENTED_EDGE('',*,*,#1880,.T.);
#1385=ORIENTED_EDGE('',*,*,#1879,.T.);
#1386=ORIENTED_EDGE('',*,*,#1463,.T.);
#1387=ORIENTED_EDGE('',*,*,#1881,.F.);
#1388=ORIENTED_EDGE('',*,*,#1882,.F.);
#1389=ORIENTED_EDGE('',*,*,#1881,.T.);
#1390=ORIENTED_EDGE('',*,*,#1460,.T.);
#1391=ORIENTED_EDGE('',*,*,#1883,.F.);
#1392=ORIENTED_EDGE('',*,*,#1884,.F.);
#1393=ORIENTED_EDGE('',*,*,#1883,.T.);
#1394=ORIENTED_EDGE('',*,*,#1456,.T.);
#1395=ORIENTED_EDGE('',*,*,#1885,.F.);
#1396=ORIENTED_EDGE('',*,*,#1886,.F.);
#1397=ORIENTED_EDGE('',*,*,#1885,.T.);
#1398=ORIENTED_EDGE('',*,*,#1453,.T.);
#1399=ORIENTED_EDGE('',*,*,#1887,.F.);
#1400=ORIENTED_EDGE('',*,*,#1888,.F.);
#1401=ORIENTED_EDGE('',*,*,#1889,.F.);
#1402=ORIENTED_EDGE('',*,*,#1890,.F.);
#1403=ORIENTED_EDGE('',*,*,#1891,.T.);
#1404=ORIENTED_EDGE('',*,*,#1892,.F.);
#1405=ORIENTED_EDGE('',*,*,#1887,.T.);
#1406=ORIENTED_EDGE('',*,*,#1479,.T.);
#1407=ORIENTED_EDGE('',*,*,#1893,.F.);
#1408=ORIENTED_EDGE('',*,*,#1894,.F.);
#1409=ORIENTED_EDGE('',*,*,#1893,.T.);
#1410=ORIENTED_EDGE('',*,*,#1474,.T.);
#1411=ORIENTED_EDGE('',*,*,#1895,.F.);
#1412=ORIENTED_EDGE('',*,*,#1896,.T.);
#1413=ORIENTED_EDGE('',*,*,#1895,.T.);
#1414=ORIENTED_EDGE('',*,*,#1470,.T.);
#1415=ORIENTED_EDGE('',*,*,#1878,.F.);
#1416=ORIENTED_EDGE('',*,*,#1897,.F.);
#1417=ORIENTED_EDGE('',*,*,#1898,.F.);
#1418=ORIENTED_EDGE('',*,*,#1899,.T.);
#1419=ORIENTED_EDGE('',*,*,#1900,.T.);
#1420=ORIENTED_EDGE('',*,*,#1888,.T.);
#1421=ORIENTED_EDGE('',*,*,#1894,.T.);
#1422=ORIENTED_EDGE('',*,*,#1896,.F.);
#1423=ORIENTED_EDGE('',*,*,#1897,.T.);
#1424=ORIENTED_EDGE('',*,*,#1880,.F.);
#1425=ORIENTED_EDGE('',*,*,#1882,.T.);
#1426=ORIENTED_EDGE('',*,*,#1884,.T.);
#1427=ORIENTED_EDGE('',*,*,#1886,.T.);
#1428=ORIENTED_EDGE('',*,*,#1892,.T.);
#1429=ORIENTED_EDGE('',*,*,#1899,.F.);
#1430=ORIENTED_EDGE('',*,*,#1901,.F.);
#1431=ORIENTED_EDGE('',*,*,#1902,.T.);
#1432=ORIENTED_EDGE('',*,*,#1903,.T.);
#1433=ORIENTED_EDGE('',*,*,#1898,.T.);
#1434=ORIENTED_EDGE('',*,*,#1891,.F.);
#1435=ORIENTED_EDGE('',*,*,#1904,.F.);
#1436=ORIENTED_EDGE('',*,*,#1901,.T.);
#1437=ORIENTED_EDGE('',*,*,#1900,.F.);
#1438=ORIENTED_EDGE('',*,*,#1903,.F.);
#1439=ORIENTED_EDGE('',*,*,#1905,.T.);
#1440=ORIENTED_EDGE('',*,*,#1889,.T.);
#1441=ORIENTED_EDGE('',*,*,#1902,.F.);
#1442=ORIENTED_EDGE('',*,*,#1904,.T.);
#1443=ORIENTED_EDGE('',*,*,#1890,.T.);
#1444=ORIENTED_EDGE('',*,*,#1905,.F.);
#1445=ORIENTED_EDGE('',*,*,#1906,.T.);
#1446=ORIENTED_EDGE('',*,*,#1907,.T.);
#1447=ORIENTED_EDGE('',*,*,#1908,.F.);
#1448=ORIENTED_EDGE('',*,*,#1542,.T.);
#1449=ORIENTED_EDGE('',*,*,#1906,.F.);
#1450=ORIENTED_EDGE('',*,*,#1908,.T.);
#1451=ORIENTED_EDGE('',*,*,#1907,.F.);
#1452=EDGE_CURVE('',#1909,#1910,#2220,.F.);
#1453=EDGE_CURVE('',#1911,#1909,#98,.F.);
#1454=EDGE_CURVE('',#1911,#1912,#2221,.F.);
#1455=EDGE_CURVE('',#1910,#1912,#99,.T.);
#1456=EDGE_CURVE('',#1913,#1911,#2222,.F.);
#1457=EDGE_CURVE('',#1913,#1914,#2223,.F.);
#1458=EDGE_CURVE('',#1915,#1914,#88,.T.);
#1459=EDGE_CURVE('',#1912,#1915,#2224,.T.);
#1460=EDGE_CURVE('',#1916,#1913,#100,.F.);
#1461=EDGE_CURVE('',#1916,#1917,#2225,.F.);
#1462=EDGE_CURVE('',#1914,#1917,#101,.F.);
#1463=EDGE_CURVE('',#1918,#1916,#2226,.F.);
#1464=EDGE_CURVE('',#1918,#1919,#2227,.F.);
#1465=EDGE_CURVE('',#1920,#1919,#2228,.T.);
#1466=EDGE_CURVE('',#1917,#1920,#89,.T.);
#1467=EDGE_CURVE('',#1921,#1918,#102,.T.);
#1468=EDGE_CURVE('',#1921,#1922,#2229,.F.);
#1469=EDGE_CURVE('',#1919,#1922,#103,.F.);
#1470=EDGE_CURVE('',#1923,#1921,#2230,.F.);
#1471=EDGE_CURVE('',#1923,#1924,#2231,.F.);
#1472=EDGE_CURVE('',#1925,#1924,#90,.T.);
#1473=EDGE_CURVE('',#1922,#1925,#2232,.T.);
#1474=EDGE_CURVE('',#1926,#1923,#104,.T.);
#1475=EDGE_CURVE('',#1926,#1927,#2233,.F.);
#1476=EDGE_CURVE('',#1928,#1927,#105,.F.);
#1477=EDGE_CURVE('',#1929,#1928,#91,.T.);
#1478=EDGE_CURVE('',#1924,#1929,#106,.F.);
#1479=EDGE_CURVE('',#1909,#1926,#2234,.F.);
#1480=EDGE_CURVE('',#1927,#1910,#2235,.T.);
#1481=EDGE_CURVE('',#1930,#1931,#107,.T.);
#1482=EDGE_CURVE('',#1932,#1931,#2236,.T.);
#1483=EDGE_CURVE('',#1932,#1933,#108,.T.);
#1484=EDGE_CURVE('',#1934,#1933,#2237,.T.);
#1485=EDGE_CURVE('',#1934,#1935,#109,.T.);
#1486=EDGE_CURVE('',#1936,#1935,#2238,.T.);
#1487=EDGE_CURVE('',#1936,#1937,#110,.T.);
#1488=EDGE_CURVE('',#1930,#1937,#2239,.T.);
#1489=EDGE_CURVE('',#1938,#1939,#2240,.T.);
#1490=EDGE_CURVE('',#1939,#1940,#2241,.F.);
#1491=EDGE_CURVE('',#1941,#1940,#111,.T.);
#1492=EDGE_CURVE('',#1941,#1942,#2242,.T.);
#1493=EDGE_CURVE('',#1942,#1943,#112,.T.);
#1494=EDGE_CURVE('',#1943,#1938,#2243,.F.);
#1495=EDGE_CURVE('',#1925,#1944,#113,.T.);
#1496=EDGE_CURVE('',#1945,#1944,#2244,.T.);
#1497=EDGE_CURVE('',#1945,#1946,#114,.T.);
#1498=EDGE_CURVE('',#1947,#1946,#2245,.T.);
#1499=EDGE_CURVE('',#1947,#1948,#115,.T.);
#1500=EDGE_CURVE('',#1949,#1948,#2246,.T.);
#1501=EDGE_CURVE('',#1949,#1950,#116,.T.);
#1502=EDGE_CURVE('',#1928,#1950,#2247,.T.);
#1503=EDGE_CURVE('',#1915,#1951,#117,.T.);
#1504=EDGE_CURVE('',#1952,#1951,#2248,.T.);
#1505=EDGE_CURVE('',#1952,#1953,#118,.T.);
#1506=EDGE_CURVE('',#1954,#1953,#2249,.T.);
#1507=EDGE_CURVE('',#1954,#1955,#119,.T.);
#1508=EDGE_CURVE('',#1956,#1955,#2250,.T.);
#1509=EDGE_CURVE('',#1956,#1957,#120,.T.);
#1510=EDGE_CURVE('',#1958,#1957,#2251,.T.);
#1511=EDGE_CURVE('',#1958,#1920,#121,.T.);
#1512=EDGE_CURVE('',#1959,#1960,#2252,.F.);
#1513=EDGE_CURVE('',#1961,#1959,#2253,.F.);
#1514=EDGE_CURVE('',#1961,#1962,#2254,.F.);
#1515=EDGE_CURVE('',#1960,#1962,#2255,.T.);
#1516=EDGE_CURVE('',#1963,#1961,#122,.T.);
#1517=EDGE_CURVE('',#1963,#1964,#2256,.F.);
#1518=EDGE_CURVE('',#1962,#1964,#123,.F.);
#1519=EDGE_CURVE('',#1965,#1963,#2257,.F.);
#1520=EDGE_CURVE('',#1965,#1966,#2258,.F.);
#1521=EDGE_CURVE('',#1964,#1966,#2259,.T.);
#1522=EDGE_CURVE('',#1967,#1965,#124,.F.);
#1523=EDGE_CURVE('',#1967,#1968,#12,.T.);
#1524=EDGE_CURVE('',#1966,#1968,#125,.T.);
#1525=EDGE_CURVE('',#1959,#1969,#126,.T.);
#1526=EDGE_CURVE('',#1970,#1960,#127,.F.);
#1527=EDGE_CURVE('',#1970,#1969,#13,.T.);
#1528=EDGE_CURVE('',#1969,#1971,#128,.T.);
#1529=EDGE_CURVE('',#1972,#1970,#129,.F.);
#1530=EDGE_CURVE('',#1971,#1972,#2260,.T.);
#1531=EDGE_CURVE('',#1968,#1973,#130,.F.);
#1532=EDGE_CURVE('',#1974,#1967,#131,.T.);
#1533=EDGE_CURVE('',#1973,#1974,#2261,.T.);
#1534=EDGE_CURVE('',#1940,#1975,#132,.T.);
#1535=EDGE_CURVE('',#1976,#1939,#2262,.F.);
#1536=EDGE_CURVE('',#1977,#1976,#133,.F.);
#1537=EDGE_CURVE('',#1975,#1977,#2263,.T.);
#1538=EDGE_CURVE('',#1978,#1979,#134,.F.);
#1539=EDGE_CURVE('',#1938,#1978,#2264,.F.);
#1540=EDGE_CURVE('',#1980,#1943,#135,.T.);
#1541=EDGE_CURVE('',#1979,#1980,#2265,.T.);
#1542=EDGE_CURVE('',#1981,#1981,#2266,.T.);
#1543=EDGE_CURVE('',#1977,#1967,#136,.T.);
#1544=EDGE_CURVE('',#1969,#1979,#137,.T.);
#1545=EDGE_CURVE('',#1982,#1980,#138,.T.);
#1546=EDGE_CURVE('',#1983,#1982,#2267,.T.);
#1547=EDGE_CURVE('',#1983,#1975,#139,.T.);
#1548=EDGE_CURVE('',#1984,#1985,#2268,.T.);
#1549=EDGE_CURVE('',#1984,#1986,#140,.T.);
#1550=EDGE_CURVE('',#1987,#1986,#2269,.T.);
#1551=EDGE_CURVE('',#1987,#1988,#141,.T.);
#1552=EDGE_CURVE('',#1989,#1988,#2270,.T.);
#1553=EDGE_CURVE('',#1989,#1990,#142,.T.);
#1554=EDGE_CURVE('',#1991,#1990,#2271,.T.);
#1555=EDGE_CURVE('',#1991,#1985,#143,.T.);
#1556=EDGE_CURVE('',#1992,#1993,#2272,.T.);
#1557=EDGE_CURVE('',#1992,#1994,#144,.T.);
#1558=EDGE_CURVE('',#1995,#1994,#2273,.T.);
#1559=EDGE_CURVE('',#1995,#1996,#145,.T.);
#1560=EDGE_CURVE('',#1997,#1996,#2274,.T.);
#1561=EDGE_CURVE('',#1997,#1998,#146,.T.);
#1562=EDGE_CURVE('',#1999,#1998,#2275,.T.);
#1563=EDGE_CURVE('',#1999,#1993,#147,.T.);
#1564=EDGE_CURVE('',#2000,#2001,#2276,.T.);
#1565=EDGE_CURVE('',#2000,#2002,#148,.T.);
#1566=EDGE_CURVE('',#2003,#2002,#2277,.T.);
#1567=EDGE_CURVE('',#2003,#2004,#149,.T.);
#1568=EDGE_CURVE('',#2005,#2004,#2278,.T.);
#1569=EDGE_CURVE('',#2005,#2006,#150,.T.);
#1570=EDGE_CURVE('',#2007,#2006,#2279,.T.);
#1571=EDGE_CURVE('',#2007,#2001,#151,.T.);
#1572=EDGE_CURVE('',#1971,#1978,#152,.T.);
#1573=EDGE_CURVE('',#1976,#1974,#153,.T.);
#1574=EDGE_CURVE('',#2008,#2008,#2280,.T.);
#1575=EDGE_CURVE('',#2009,#2009,#2281,.T.);
#1576=EDGE_CURVE('',#2010,#2011,#2282,.T.);
#1577=EDGE_CURVE('',#2011,#2012,#2283,.F.);
#1578=EDGE_CURVE('',#2012,#2013,#2284,.F.);
#1579=EDGE_CURVE('',#2013,#2014,#2285,.T.);
#1580=EDGE_CURVE('',#2015,#2014,#2286,.T.);
#1581=EDGE_CURVE('',#2015,#2016,#2287,.T.);
#1582=EDGE_CURVE('',#2016,#2017,#154,.T.);
#1583=EDGE_CURVE('',#2017,#2018,#2288,.T.);
#1584=EDGE_CURVE('',#2019,#2018,#2289,.T.);
#1585=EDGE_CURVE('',#2019,#2020,#2290,.T.);
#1586=EDGE_CURVE('',#2021,#2020,#2291,.T.);
#1587=EDGE_CURVE('',#2021,#2022,#2292,.T.);
#1588=EDGE_CURVE('',#2023,#2022,#2293,.T.);
#1589=EDGE_CURVE('',#2023,#2024,#2294,.T.);
#1590=EDGE_CURVE('',#2025,#2024,#2295,.T.);
#1591=EDGE_CURVE('',#2025,#2026,#2296,.T.);
#1592=EDGE_CURVE('',#2027,#2026,#2297,.T.);
#1593=EDGE_CURVE('',#2027,#2028,#2298,.T.);
#1594=EDGE_CURVE('',#2029,#2028,#2299,.T.);
#1595=EDGE_CURVE('',#2029,#2030,#2300,.T.);
#1596=EDGE_CURVE('',#2031,#2030,#2301,.T.);
#1597=EDGE_CURVE('',#2031,#2032,#2302,.T.);
#1598=EDGE_CURVE('',#2033,#2032,#2303,.T.);
#1599=EDGE_CURVE('',#2033,#2034,#2304,.T.);
#1600=EDGE_CURVE('',#2035,#2034,#2305,.T.);
#1601=EDGE_CURVE('',#2035,#2036,#2306,.T.);
#1602=EDGE_CURVE('',#2037,#2036,#2307,.T.);
#1603=EDGE_CURVE('',#2037,#2038,#2308,.T.);
#1604=EDGE_CURVE('',#2039,#2038,#2309,.T.);
#1605=EDGE_CURVE('',#2039,#2040,#2310,.T.);
#1606=EDGE_CURVE('',#2041,#2040,#2311,.T.);
#1607=EDGE_CURVE('',#2041,#2042,#2312,.T.);
#1608=EDGE_CURVE('',#2042,#2043,#155,.T.);
#1609=EDGE_CURVE('',#2043,#2044,#2313,.T.);
#1610=EDGE_CURVE('',#2010,#2044,#2314,.T.);
#1611=EDGE_CURVE('',#2045,#2045,#2315,.T.);
#1612=EDGE_CURVE('',#1942,#1982,#156,.T.);
#1613=EDGE_CURVE('',#1941,#1983,#157,.T.);
#1614=EDGE_CURVE('',#2046,#2046,#2316,.T.);
#1615=EDGE_CURVE('',#2047,#2047,#2317,.T.);
#1616=EDGE_CURVE('',#2042,#2048,#158,.T.);
#1617=EDGE_CURVE('',#2048,#2049,#159,.T.);
#1618=EDGE_CURVE('',#2043,#2049,#160,.T.);
#1619=EDGE_CURVE('',#2041,#2050,#161,.T.);
#1620=EDGE_CURVE('',#2050,#2048,#2318,.T.);
#1621=EDGE_CURVE('',#2051,#2040,#162,.F.);
#1622=EDGE_CURVE('',#2050,#2051,#2319,.T.);
#1623=EDGE_CURVE('',#2039,#2052,#163,.T.);
#1624=EDGE_CURVE('',#2052,#2051,#2320,.T.);
#1625=EDGE_CURVE('',#2053,#2038,#164,.F.);
#1626=EDGE_CURVE('',#2052,#2053,#2321,.T.);
#1627=EDGE_CURVE('',#2037,#2054,#165,.T.);
#1628=EDGE_CURVE('',#2054,#2053,#2322,.T.);
#1629=EDGE_CURVE('',#2055,#2036,#166,.F.);
#1630=EDGE_CURVE('',#2054,#2055,#2323,.T.);
#1631=EDGE_CURVE('',#2035,#2056,#167,.T.);
#1632=EDGE_CURVE('',#2056,#2055,#2324,.T.);
#1633=EDGE_CURVE('',#2057,#2034,#168,.F.);
#1634=EDGE_CURVE('',#2056,#2057,#2325,.T.);
#1635=EDGE_CURVE('',#2033,#2058,#169,.T.);
#1636=EDGE_CURVE('',#2058,#2057,#2326,.T.);
#1637=EDGE_CURVE('',#2059,#2032,#170,.F.);
#1638=EDGE_CURVE('',#2058,#2059,#2327,.T.);
#1639=EDGE_CURVE('',#2031,#2060,#171,.T.);
#1640=EDGE_CURVE('',#2060,#2059,#2328,.T.);
#1641=EDGE_CURVE('',#2061,#2030,#172,.F.);
#1642=EDGE_CURVE('',#2060,#2061,#2329,.T.);
#1643=EDGE_CURVE('',#2029,#2062,#173,.T.);
#1644=EDGE_CURVE('',#2062,#2061,#2330,.T.);
#1645=EDGE_CURVE('',#2063,#2028,#174,.F.);
#1646=EDGE_CURVE('',#2062,#2063,#2331,.T.);
#1647=EDGE_CURVE('',#2027,#2064,#175,.T.);
#1648=EDGE_CURVE('',#2064,#2063,#2332,.T.);
#1649=EDGE_CURVE('',#2026,#2065,#176,.T.);
#1650=EDGE_CURVE('',#2064,#2065,#2333,.T.);
#1651=EDGE_CURVE('',#2066,#2025,#177,.F.);
#1652=EDGE_CURVE('',#2066,#2065,#2334,.T.);
#1653=EDGE_CURVE('',#2024,#2067,#178,.T.);
#1654=EDGE_CURVE('',#2066,#2067,#2335,.T.);
#1655=EDGE_CURVE('',#2068,#2023,#179,.F.);
#1656=EDGE_CURVE('',#2068,#2067,#2336,.T.);
#1657=EDGE_CURVE('',#2022,#2069,#180,.T.);
#1658=EDGE_CURVE('',#2068,#2069,#2337,.T.);
#1659=EDGE_CURVE('',#2070,#2021,#181,.F.);
#1660=EDGE_CURVE('',#2070,#2069,#2338,.T.);
#1661=EDGE_CURVE('',#2020,#2071,#182,.T.);
#1662=EDGE_CURVE('',#2070,#2071,#2339,.T.);
#1663=EDGE_CURVE('',#2072,#2019,#183,.F.);
#1664=EDGE_CURVE('',#2072,#2071,#2340,.T.);
#1665=EDGE_CURVE('',#2018,#2073,#184,.T.);
#1666=EDGE_CURVE('',#2072,#2073,#2341,.T.);
#1667=EDGE_CURVE('',#2017,#2074,#185,.T.);
#1668=EDGE_CURVE('',#2074,#2073,#2342,.T.);
#1669=EDGE_CURVE('',#2016,#2075,#186,.T.);
#1670=EDGE_CURVE('',#2075,#2074,#187,.T.);
#1671=EDGE_CURVE('',#2012,#2076,#188,.T.);
#1672=EDGE_CURVE('',#2076,#2077,#2343,.F.);
#1673=EDGE_CURVE('',#2013,#2077,#189,.T.);
#1674=EDGE_CURVE('',#2011,#2078,#190,.T.);
#1675=EDGE_CURVE('',#2078,#2076,#2344,.F.);
#1676=EDGE_CURVE('',#2079,#2079,#2345,.T.);
#1677=EDGE_CURVE('',#2080,#2080,#2346,.T.);
#1678=EDGE_CURVE('',#2081,#2081,#2347,.T.);
#1679=EDGE_CURVE('',#2082,#2082,#2348,.T.);
#1680=EDGE_CURVE('',#2083,#2044,#191,.T.);
#1681=EDGE_CURVE('',#2083,#2084,#2349,.T.);
#1682=EDGE_CURVE('',#2084,#2010,#192,.T.);
#1683=EDGE_CURVE('',#2078,#2084,#2350,.T.);
#1684=EDGE_CURVE('',#2083,#2049,#2351,.T.);
#1685=EDGE_CURVE('',#2085,#2077,#2352,.T.);
#1686=EDGE_CURVE('',#2085,#2014,#193,.T.);
#1687=EDGE_CURVE('',#2085,#2086,#2353,.T.);
#1688=EDGE_CURVE('',#2086,#2015,#194,.T.);
#1689=EDGE_CURVE('',#2075,#2086,#2354,.T.);
#1690=EDGE_CURVE('',#2087,#2087,#2355,.T.);
#1691=EDGE_CURVE('',#1984,#1951,#195,.T.);
#1692=EDGE_CURVE('',#1986,#1958,#196,.T.);
#1693=EDGE_CURVE('',#1987,#1957,#197,.T.);
#1694=EDGE_CURVE('',#1988,#1956,#198,.T.);
#1695=EDGE_CURVE('',#1989,#1955,#199,.T.);
#1696=EDGE_CURVE('',#1990,#1954,#200,.T.);
#1697=EDGE_CURVE('',#1991,#1953,#201,.T.);
#1698=EDGE_CURVE('',#1985,#1952,#202,.T.);
#1699=EDGE_CURVE('',#1992,#1931,#203,.T.);
#1700=EDGE_CURVE('',#1994,#1930,#204,.T.);
#1701=EDGE_CURVE('',#1995,#1937,#205,.T.);
#1702=EDGE_CURVE('',#1996,#1936,#206,.T.);
#1703=EDGE_CURVE('',#1997,#1935,#207,.T.);
#1704=EDGE_CURVE('',#1998,#1934,#208,.T.);
#1705=EDGE_CURVE('',#1999,#1933,#209,.T.);
#1706=EDGE_CURVE('',#1993,#1932,#210,.T.);
#1707=EDGE_CURVE('',#2000,#1944,#211,.T.);
#1708=EDGE_CURVE('',#2002,#1929,#212,.T.);
#1709=EDGE_CURVE('',#2003,#1950,#213,.T.);
#1710=EDGE_CURVE('',#2004,#1949,#214,.T.);
#1711=EDGE_CURVE('',#2005,#1948,#215,.T.);
#1712=EDGE_CURVE('',#2006,#1947,#216,.T.);
#1713=EDGE_CURVE('',#2007,#1946,#217,.T.);
#1714=EDGE_CURVE('',#2001,#1945,#218,.T.);
#1715=EDGE_CURVE('',#2088,#1973,#219,.T.);
#1716=EDGE_CURVE('',#1939,#2089,#2356,.T.);
#1717=EDGE_CURVE('',#2089,#2088,#2357,.T.);
#1718=EDGE_CURVE('',#2090,#2091,#2358,.T.);
#1719=EDGE_CURVE('',#2090,#2091,#220,.T.);
#1720=EDGE_CURVE('',#2092,#2093,#2359,.T.);
#1721=EDGE_CURVE('',#2093,#2092,#221,.T.);
#1722=EDGE_CURVE('',#2094,#2089,#2360,.T.);
#1723=EDGE_CURVE('',#2089,#2094,#2361,.T.);
#1724=EDGE_CURVE('',#2095,#2096,#2362,.T.);
#1725=EDGE_CURVE('',#2096,#2095,#2363,.T.);
#1726=EDGE_CURVE('',#2097,#2098,#222,.T.);
#1727=EDGE_CURVE('',#2091,#2098,#223,.T.);
#1728=EDGE_CURVE('',#2099,#2090,#224,.T.);
#1729=EDGE_CURVE('',#2100,#2099,#225,.T.);
#1730=EDGE_CURVE('',#2100,#2101,#226,.T.);
#1731=EDGE_CURVE('',#2102,#2101,#227,.T.);
#1732=EDGE_CURVE('',#2102,#2103,#228,.T.);
#1733=EDGE_CURVE('',#2103,#2104,#229,.T.);
#1734=EDGE_CURVE('',#2104,#2097,#230,.T.);
#1735=EDGE_CURVE('',#2105,#2106,#231,.T.);
#1736=EDGE_CURVE('',#2098,#2106,#232,.T.);
#1737=EDGE_CURVE('',#2097,#2105,#233,.T.);
#1738=EDGE_CURVE('',#2107,#2108,#234,.T.);
#1739=EDGE_CURVE('',#2106,#2108,#235,.T.);
#1740=EDGE_CURVE('',#2105,#2107,#236,.T.);
#1741=EDGE_CURVE('',#2109,#2108,#237,.T.);
#1742=EDGE_CURVE('',#2110,#2107,#238,.T.);
#1743=EDGE_CURVE('',#2110,#2109,#239,.T.);
#1744=EDGE_CURVE('',#2111,#2093,#240,.T.);
#1745=EDGE_CURVE('',#2092,#2109,#241,.T.);
#1746=EDGE_CURVE('',#2112,#2110,#242,.T.);
#1747=EDGE_CURVE('',#2112,#2111,#243,.T.);
#1748=EDGE_CURVE('',#2113,#2114,#244,.T.);
#1749=EDGE_CURVE('',#2111,#2114,#245,.T.);
#1750=EDGE_CURVE('',#2112,#2113,#246,.T.);
#1751=EDGE_CURVE('',#2115,#2114,#247,.T.);
#1752=EDGE_CURVE('',#2116,#2113,#248,.T.);
#1753=EDGE_CURVE('',#2116,#2115,#249,.T.);
#1754=EDGE_CURVE('',#2099,#2115,#250,.T.);
#1755=EDGE_CURVE('',#2100,#2116,#251,.T.);
#1756=EDGE_CURVE('',#2117,#1966,#252,.T.);
#1757=EDGE_CURVE('',#2118,#2088,#253,.T.);
#1758=EDGE_CURVE('',#2118,#2117,#254,.T.);
#1759=EDGE_CURVE('',#2119,#1964,#255,.T.);
#1760=EDGE_CURVE('',#2117,#2119,#2364,.T.);
#1761=EDGE_CURVE('',#2120,#1962,#256,.T.);
#1762=EDGE_CURVE('',#2120,#2119,#257,.T.);
#1763=EDGE_CURVE('',#2121,#1960,#258,.T.);
#1764=EDGE_CURVE('',#2120,#2121,#2365,.T.);
#1765=EDGE_CURVE('',#2122,#2121,#259,.T.);
#1766=EDGE_CURVE('',#2122,#2123,#260,.T.);
#1767=EDGE_CURVE('',#2123,#2124,#261,.T.);
#1768=EDGE_CURVE('',#2125,#2124,#262,.T.);
#1769=EDGE_CURVE('',#2126,#2125,#263,.T.);
#1770=EDGE_CURVE('',#2126,#2127,#264,.T.);
#1771=EDGE_CURVE('',#2127,#1972,#265,.T.);
#1772=EDGE_CURVE('',#2127,#2095,#2366,.T.);
#1773=EDGE_CURVE('',#2126,#2128,#2367,.T.);
#1774=EDGE_CURVE('',#2128,#2129,#266,.T.);
#1775=EDGE_CURVE('',#2096,#2129,#2368,.T.);
#1776=EDGE_CURVE('',#2129,#2130,#267,.T.);
#1777=EDGE_CURVE('',#2128,#2131,#268,.T.);
#1778=EDGE_CURVE('',#2131,#2130,#269,.T.);
#1779=EDGE_CURVE('',#2130,#2094,#2369,.T.);
#1780=EDGE_CURVE('',#2131,#2118,#2370,.T.);
#1781=EDGE_CURVE('',#2104,#2122,#270,.T.);
#1782=EDGE_CURVE('',#2101,#2125,#271,.T.);
#1783=EDGE_CURVE('',#2103,#2123,#272,.T.);
#1784=EDGE_CURVE('',#2102,#2124,#273,.T.);
#1785=EDGE_CURVE('',#2095,#1938,#2371,.T.);
#1786=EDGE_CURVE('',#2094,#2096,#2372,.T.);
#1787=EDGE_CURVE('',#2132,#2132,#2373,.T.);
#1788=EDGE_CURVE('',#2133,#2133,#2374,.T.);
#1789=EDGE_CURVE('',#2091,#2134,#2375,.T.);
#1790=EDGE_CURVE('',#2135,#2092,#2376,.T.);
#1791=EDGE_CURVE('',#2136,#2135,#2377,.T.);
#1792=EDGE_CURVE('',#2137,#2136,#2378,.T.);
#1793=EDGE_CURVE('',#2138,#2137,#2379,.T.);
#1794=EDGE_CURVE('',#2139,#2138,#2380,.T.);
#1795=EDGE_CURVE('',#2134,#2139,#2381,.T.);
#1796=EDGE_CURVE('',#2140,#2140,#2382,.T.);
#1797=EDGE_CURVE('',#2141,#2141,#2383,.T.);
#1798=EDGE_CURVE('',#2142,#2142,#2384,.T.);
#1799=EDGE_CURVE('',#2143,#2143,#2385,.T.);
#1800=EDGE_CURVE('',#2144,#2144,#2386,.T.);
#1801=EDGE_CURVE('',#2145,#2145,#2387,.T.);
#1802=EDGE_CURVE('',#2146,#2146,#2388,.T.);
#1803=EDGE_CURVE('',#2147,#2147,#2389,.T.);
#1804=EDGE_CURVE('',#2148,#2148,#2390,.T.);
#1805=EDGE_CURVE('',#2149,#2149,#2391,.T.);
#1806=EDGE_CURVE('',#2150,#2150,#2392,.T.);
#1807=EDGE_CURVE('',#2151,#2151,#2393,.T.);
#1808=EDGE_CURVE('',#2152,#2152,#2394,.F.);
#1809=EDGE_CURVE('',#2153,#2153,#2395,.T.);
#1810=EDGE_CURVE('',#2154,#2154,#2396,.T.);
#1811=EDGE_CURVE('',#2155,#2155,#2397,.T.);
#1812=EDGE_CURVE('',#2156,#2156,#2398,.T.);
#1813=EDGE_CURVE('',#2157,#2157,#2399,.T.);
#1814=EDGE_CURVE('',#2158,#2158,#2400,.T.);
#1815=EDGE_CURVE('',#2159,#2090,#2401,.T.);
#1816=EDGE_CURVE('',#2160,#2159,#2402,.T.);
#1817=EDGE_CURVE('',#2161,#2160,#2403,.T.);
#1818=EDGE_CURVE('',#2162,#2161,#2404,.T.);
#1819=EDGE_CURVE('',#2163,#2162,#2405,.T.);
#1820=EDGE_CURVE('',#2164,#2163,#2406,.T.);
#1821=EDGE_CURVE('',#2093,#2164,#2407,.T.);
#1822=EDGE_CURVE('',#2165,#2165,#2408,.T.);
#1823=EDGE_CURVE('',#2166,#2166,#2409,.T.);
#1824=EDGE_CURVE('',#2167,#2167,#2410,.T.);
#1825=EDGE_CURVE('',#2168,#2168,#2411,.T.);
#1826=EDGE_CURVE('',#2169,#2169,#2412,.T.);
#1827=EDGE_CURVE('',#2170,#2137,#274,.T.);
#1828=EDGE_CURVE('',#2171,#2170,#2413,.T.);
#1829=EDGE_CURVE('',#2171,#2138,#275,.T.);
#1830=EDGE_CURVE('',#2172,#2135,#276,.T.);
#1831=EDGE_CURVE('',#2173,#2172,#2414,.T.);
#1832=EDGE_CURVE('',#2173,#2136,#277,.T.);
#1833=EDGE_CURVE('',#2174,#2163,#278,.T.);
#1834=EDGE_CURVE('',#2175,#2174,#2415,.T.);
#1835=EDGE_CURVE('',#2175,#2164,#279,.T.);
#1836=EDGE_CURVE('',#2176,#2161,#280,.T.);
#1837=EDGE_CURVE('',#2177,#2176,#2416,.T.);
#1838=EDGE_CURVE('',#2177,#2162,#281,.T.);
#1839=EDGE_CURVE('',#2178,#2159,#282,.T.);
#1840=EDGE_CURVE('',#2179,#2178,#2417,.T.);
#1841=EDGE_CURVE('',#2179,#2160,#283,.T.);
#1842=EDGE_CURVE('',#2180,#2139,#284,.T.);
#1843=EDGE_CURVE('',#2181,#2180,#2418,.T.);
#1844=EDGE_CURVE('',#2181,#2134,#285,.T.);
#1845=EDGE_CURVE('',#2182,#2182,#2419,.T.);
#1846=EDGE_CURVE('',#2171,#2180,#2420,.T.);
#1847=EDGE_CURVE('',#2173,#2170,#2421,.T.);
#1848=EDGE_CURVE('',#2175,#2172,#2422,.T.);
#1849=EDGE_CURVE('',#2177,#2174,#2423,.T.);
#1850=EDGE_CURVE('',#2179,#2176,#2424,.T.);
#1851=EDGE_CURVE('',#2181,#2178,#2425,.T.);
#1852=EDGE_CURVE('',#2183,#2184,#2426,.T.);
#1853=EDGE_CURVE('',#2183,#2185,#286,.F.);
#1854=EDGE_CURVE('',#2186,#2185,#2427,.F.);
#1855=EDGE_CURVE('',#2186,#2184,#287,.T.);
#1856=EDGE_CURVE('',#2183,#2184,#2428,.T.);
#1857=EDGE_CURVE('',#2187,#2188,#2429,.T.);
#1858=EDGE_CURVE('',#2187,#2189,#288,.F.);
#1859=EDGE_CURVE('',#2190,#2189,#2430,.F.);
#1860=EDGE_CURVE('',#2190,#2188,#289,.T.);
#1861=EDGE_CURVE('',#2187,#2188,#2431,.T.);
#1862=EDGE_CURVE('',#2191,#2192,#290,.F.);
#1863=EDGE_CURVE('',#2193,#2192,#2432,.F.);
#1864=EDGE_CURVE('',#2193,#2194,#291,.T.);
#1865=EDGE_CURVE('',#2191,#2194,#2433,.T.);
#1866=EDGE_CURVE('',#2191,#2194,#2434,.T.);
#1867=EDGE_CURVE('',#2195,#2196,#292,.F.);
#1868=EDGE_CURVE('',#2197,#2196,#2435,.F.);
#1869=EDGE_CURVE('',#2197,#2198,#293,.T.);
#1870=EDGE_CURVE('',#2195,#2198,#2436,.T.);
#1871=EDGE_CURVE('',#2195,#2198,#2437,.T.);
#1872=EDGE_CURVE('',#2196,#2197,#2438,.T.);
#1873=EDGE_CURVE('',#2192,#2193,#2439,.T.);
#1874=EDGE_CURVE('',#2189,#2190,#2440,.T.);
#1875=EDGE_CURVE('',#2185,#2186,#2441,.T.);
#1876=EDGE_CURVE('',#2199,#2199,#2442,.T.);
#1877=EDGE_CURVE('',#2200,#2200,#2443,.T.);
#1878=EDGE_CURVE('',#2201,#1921,#294,.T.);
#1879=EDGE_CURVE('',#2202,#1918,#295,.T.);
#1880=EDGE_CURVE('',#2202,#2201,#296,.T.);
#1881=EDGE_CURVE('',#2203,#1916,#297,.T.);
#1882=EDGE_CURVE('',#2202,#2203,#2444,.T.);
#1883=EDGE_CURVE('',#2204,#1913,#298,.T.);
#1884=EDGE_CURVE('',#2203,#2204,#299,.T.);
#1885=EDGE_CURVE('',#2205,#1911,#300,.T.);
#1886=EDGE_CURVE('',#2204,#2205,#2445,.T.);
#1887=EDGE_CURVE('',#2206,#1909,#301,.T.);
#1888=EDGE_CURVE('',#2207,#2206,#302,.T.);
#1889=EDGE_CURVE('',#2208,#2207,#303,.T.);
#1890=EDGE_CURVE('',#2209,#2208,#304,.T.);
#1891=EDGE_CURVE('',#2209,#2210,#305,.T.);
#1892=EDGE_CURVE('',#2205,#2210,#306,.T.);
#1893=EDGE_CURVE('',#2211,#1926,#307,.T.);
#1894=EDGE_CURVE('',#2206,#2211,#2446,.T.);
#1895=EDGE_CURVE('',#2212,#1923,#308,.T.);
#1896=EDGE_CURVE('',#2212,#2211,#309,.T.);
#1897=EDGE_CURVE('',#2212,#2201,#2447,.T.);
#1898=EDGE_CURVE('',#2213,#2210,#310,.T.);
#1899=EDGE_CURVE('',#2213,#2214,#311,.T.);
#1900=EDGE_CURVE('',#2214,#2207,#312,.T.);
#1901=EDGE_CURVE('',#2215,#2213,#313,.T.);
#1902=EDGE_CURVE('',#2215,#2216,#314,.T.);
#1903=EDGE_CURVE('',#2216,#2214,#315,.T.);
#1904=EDGE_CURVE('',#2215,#2209,#316,.T.);
#1905=EDGE_CURVE('',#2216,#2208,#317,.T.);
#1906=EDGE_CURVE('',#2217,#2217,#2448,.T.);
#1907=EDGE_CURVE('',#2218,#2218,#2449,.F.);
#1908=EDGE_CURVE('',#2219,#2219,#2450,.T.);
#1909=VERTEX_POINT('',#4699);
#1910=VERTEX_POINT('',#4700);
#1911=VERTEX_POINT('',#4702);
#1912=VERTEX_POINT('',#4704);
#1913=VERTEX_POINT('',#4708);
#1914=VERTEX_POINT('',#4710);
#1915=VERTEX_POINT('',#4715);
#1916=VERTEX_POINT('',#4719);
#1917=VERTEX_POINT('',#4721);
#1918=VERTEX_POINT('',#4725);
#1919=VERTEX_POINT('',#4727);
#1920=VERTEX_POINT('',#4729);
#1921=VERTEX_POINT('',#4736);
#1922=VERTEX_POINT('',#4738);
#1923=VERTEX_POINT('',#4742);
#1924=VERTEX_POINT('',#4744);
#1925=VERTEX_POINT('',#4749);
#1926=VERTEX_POINT('',#4753);
#1927=VERTEX_POINT('',#4755);
#1928=VERTEX_POINT('',#4757);
#1929=VERTEX_POINT('',#4762);
#1930=VERTEX_POINT('',#4769);
#1931=VERTEX_POINT('',#4770);
#1932=VERTEX_POINT('',#4772);
#1933=VERTEX_POINT('',#4774);
#1934=VERTEX_POINT('',#4776);
#1935=VERTEX_POINT('',#4778);
#1936=VERTEX_POINT('',#4780);
#1937=VERTEX_POINT('',#4782);
#1938=VERTEX_POINT('',#4785);
#1939=VERTEX_POINT('',#4786);
#1940=VERTEX_POINT('',#4788);
#1941=VERTEX_POINT('',#4790);
#1942=VERTEX_POINT('',#4792);
#1943=VERTEX_POINT('',#4794);
#1944=VERTEX_POINT('',#4797);
#1945=VERTEX_POINT('',#4799);
#1946=VERTEX_POINT('',#4801);
#1947=VERTEX_POINT('',#4803);
#1948=VERTEX_POINT('',#4805);
#1949=VERTEX_POINT('',#4807);
#1950=VERTEX_POINT('',#4809);
#1951=VERTEX_POINT('',#4812);
#1952=VERTEX_POINT('',#4814);
#1953=VERTEX_POINT('',#4816);
#1954=VERTEX_POINT('',#4818);
#1955=VERTEX_POINT('',#4820);
#1956=VERTEX_POINT('',#4822);
#1957=VERTEX_POINT('',#4824);
#1958=VERTEX_POINT('',#4826);
#1959=VERTEX_POINT('',#4830);
#1960=VERTEX_POINT('',#4831);
#1961=VERTEX_POINT('',#4833);
#1962=VERTEX_POINT('',#4835);
#1963=VERTEX_POINT('',#4839);
#1964=VERTEX_POINT('',#4841);
#1965=VERTEX_POINT('',#4845);
#1966=VERTEX_POINT('',#4847);
#1967=VERTEX_POINT('',#4851);
#1968=VERTEX_POINT('',#4853);
#1969=VERTEX_POINT('',#4857);
#1970=VERTEX_POINT('',#4859);
#1971=VERTEX_POINT('',#4863);
#1972=VERTEX_POINT('',#4865);
#1973=VERTEX_POINT('',#4869);
#1974=VERTEX_POINT('',#4871);
#1975=VERTEX_POINT('',#4875);
#1976=VERTEX_POINT('',#4877);
#1977=VERTEX_POINT('',#4879);
#1978=VERTEX_POINT('',#4883);
#1979=VERTEX_POINT('',#4884);
#1980=VERTEX_POINT('',#4887);
#1981=VERTEX_POINT('',#4891);
#1982=VERTEX_POINT('',#4895);
#1983=VERTEX_POINT('',#4897);
#1984=VERTEX_POINT('',#4900);
#1985=VERTEX_POINT('',#4901);
#1986=VERTEX_POINT('',#4903);
#1987=VERTEX_POINT('',#4905);
#1988=VERTEX_POINT('',#4907);
#1989=VERTEX_POINT('',#4909);
#1990=VERTEX_POINT('',#4911);
#1991=VERTEX_POINT('',#4913);
#1992=VERTEX_POINT('',#4916);
#1993=VERTEX_POINT('',#4917);
#1994=VERTEX_POINT('',#4919);
#1995=VERTEX_POINT('',#4921);
#1996=VERTEX_POINT('',#4923);
#1997=VERTEX_POINT('',#4925);
#1998=VERTEX_POINT('',#4927);
#1999=VERTEX_POINT('',#4929);
#2000=VERTEX_POINT('',#4932);
#2001=VERTEX_POINT('',#4933);
#2002=VERTEX_POINT('',#4935);
#2003=VERTEX_POINT('',#4937);
#2004=VERTEX_POINT('',#4939);
#2005=VERTEX_POINT('',#4941);
#2006=VERTEX_POINT('',#4943);
#2007=VERTEX_POINT('',#4945);
#2008=VERTEX_POINT('',#4953);
#2009=VERTEX_POINT('',#4955);
#2010=VERTEX_POINT('',#4958);
#2011=VERTEX_POINT('',#4959);
#2012=VERTEX_POINT('',#4961);
#2013=VERTEX_POINT('',#4963);
#2014=VERTEX_POINT('',#4965);
#2015=VERTEX_POINT('',#4967);
#2016=VERTEX_POINT('',#4969);
#2017=VERTEX_POINT('',#4971);
#2018=VERTEX_POINT('',#4973);
#2019=VERTEX_POINT('',#4975);
#2020=VERTEX_POINT('',#4977);
#2021=VERTEX_POINT('',#4979);
#2022=VERTEX_POINT('',#4981);
#2023=VERTEX_POINT('',#4983);
#2024=VERTEX_POINT('',#4985);
#2025=VERTEX_POINT('',#4987);
#2026=VERTEX_POINT('',#4989);
#2027=VERTEX_POINT('',#4991);
#2028=VERTEX_POINT('',#4993);
#2029=VERTEX_POINT('',#4995);
#2030=VERTEX_POINT('',#4997);
#2031=VERTEX_POINT('',#4999);
#2032=VERTEX_POINT('',#5001);
#2033=VERTEX_POINT('',#5003);
#2034=VERTEX_POINT('',#5005);
#2035=VERTEX_POINT('',#5007);
#2036=VERTEX_POINT('',#5009);
#2037=VERTEX_POINT('',#5011);
#2038=VERTEX_POINT('',#5013);
#2039=VERTEX_POINT('',#5015);
#2040=VERTEX_POINT('',#5017);
#2041=VERTEX_POINT('',#5019);
#2042=VERTEX_POINT('',#5021);
#2043=VERTEX_POINT('',#5023);
#2044=VERTEX_POINT('',#5025);
#2045=VERTEX_POINT('',#5028);
#2046=VERTEX_POINT('',#5033);
#2047=VERTEX_POINT('',#5035);
#2048=VERTEX_POINT('',#5038);
#2049=VERTEX_POINT('',#5040);
#2050=VERTEX_POINT('',#5044);
#2051=VERTEX_POINT('',#5048);
#2052=VERTEX_POINT('',#5052);
#2053=VERTEX_POINT('',#5056);
#2054=VERTEX_POINT('',#5060);
#2055=VERTEX_POINT('',#5064);
#2056=VERTEX_POINT('',#5068);
#2057=VERTEX_POINT('',#5072);
#2058=VERTEX_POINT('',#5076);
#2059=VERTEX_POINT('',#5080);
#2060=VERTEX_POINT('',#5084);
#2061=VERTEX_POINT('',#5088);
#2062=VERTEX_POINT('',#5092);
#2063=VERTEX_POINT('',#5096);
#2064=VERTEX_POINT('',#5100);
#2065=VERTEX_POINT('',#5104);
#2066=VERTEX_POINT('',#5108);
#2067=VERTEX_POINT('',#5112);
#2068=VERTEX_POINT('',#5116);
#2069=VERTEX_POINT('',#5120);
#2070=VERTEX_POINT('',#5124);
#2071=VERTEX_POINT('',#5128);
#2072=VERTEX_POINT('',#5132);
#2073=VERTEX_POINT('',#5136);
#2074=VERTEX_POINT('',#5140);
#2075=VERTEX_POINT('',#5144);
#2076=VERTEX_POINT('',#5148);
#2077=VERTEX_POINT('',#5150);
#2078=VERTEX_POINT('',#5154);
#2079=VERTEX_POINT('',#5158);
#2080=VERTEX_POINT('',#5160);
#2081=VERTEX_POINT('',#5164);
#2082=VERTEX_POINT('',#5166);
#2083=VERTEX_POINT('',#5170);
#2084=VERTEX_POINT('',#5172);
#2085=VERTEX_POINT('',#5180);
#2086=VERTEX_POINT('',#5184);
#2087=VERTEX_POINT('',#5191);
#2088=VERTEX_POINT('',#5246);
#2089=VERTEX_POINT('',#5248);
#2090=VERTEX_POINT('',#5252);
#2091=VERTEX_POINT('',#5253);
#2092=VERTEX_POINT('',#5257);
#2093=VERTEX_POINT('',#5258);
#2094=VERTEX_POINT('',#5262);
#2095=VERTEX_POINT('',#5266);
#2096=VERTEX_POINT('',#5267);
#2097=VERTEX_POINT('',#5271);
#2098=VERTEX_POINT('',#5272);
#2099=VERTEX_POINT('',#5275);
#2100=VERTEX_POINT('',#5277);
#2101=VERTEX_POINT('',#5279);
#2102=VERTEX_POINT('',#5281);
#2103=VERTEX_POINT('',#5283);
#2104=VERTEX_POINT('',#5285);
#2105=VERTEX_POINT('',#5289);
#2106=VERTEX_POINT('',#5290);
#2107=VERTEX_POINT('',#5295);
#2108=VERTEX_POINT('',#5296);
#2109=VERTEX_POINT('',#5301);
#2110=VERTEX_POINT('',#5303);
#2111=VERTEX_POINT('',#5307);
#2112=VERTEX_POINT('',#5310);
#2113=VERTEX_POINT('',#5314);
#2114=VERTEX_POINT('',#5315);
#2115=VERTEX_POINT('',#5320);
#2116=VERTEX_POINT('',#5322);
#2117=VERTEX_POINT('',#5329);
#2118=VERTEX_POINT('',#5331);
#2119=VERTEX_POINT('',#5335);
#2120=VERTEX_POINT('',#5339);
#2121=VERTEX_POINT('',#5343);
#2122=VERTEX_POINT('',#5347);
#2123=VERTEX_POINT('',#5349);
#2124=VERTEX_POINT('',#5351);
#2125=VERTEX_POINT('',#5353);
#2126=VERTEX_POINT('',#5355);
#2127=VERTEX_POINT('',#5357);
#2128=VERTEX_POINT('',#5362);
#2129=VERTEX_POINT('',#5364);
#2130=VERTEX_POINT('',#5368);
#2131=VERTEX_POINT('',#5370);
#2132=VERTEX_POINT('',#5389);
#2133=VERTEX_POINT('',#5391);
#2134=VERTEX_POINT('',#5393);
#2135=VERTEX_POINT('',#5395);
#2136=VERTEX_POINT('',#5397);
#2137=VERTEX_POINT('',#5399);
#2138=VERTEX_POINT('',#5401);
#2139=VERTEX_POINT('',#5403);
#2140=VERTEX_POINT('',#5407);
#2141=VERTEX_POINT('',#5409);
#2142=VERTEX_POINT('',#5412);
#2143=VERTEX_POINT('',#5414);
#2144=VERTEX_POINT('',#5417);
#2145=VERTEX_POINT('',#5419);
#2146=VERTEX_POINT('',#5422);
#2147=VERTEX_POINT('',#5424);
#2148=VERTEX_POINT('',#5427);
#2149=VERTEX_POINT('',#5429);
#2150=VERTEX_POINT('',#5432);
#2151=VERTEX_POINT('',#5434);
#2152=VERTEX_POINT('',#5437);
#2153=VERTEX_POINT('',#5440);
#2154=VERTEX_POINT('',#5443);
#2155=VERTEX_POINT('',#5446);
#2156=VERTEX_POINT('',#5448);
#2157=VERTEX_POINT('',#5451);
#2158=VERTEX_POINT('',#5453);
#2159=VERTEX_POINT('',#5456);
#2160=VERTEX_POINT('',#5458);
#2161=VERTEX_POINT('',#5460);
#2162=VERTEX_POINT('',#5462);
#2163=VERTEX_POINT('',#5464);
#2164=VERTEX_POINT('',#5466);
#2165=VERTEX_POINT('',#5470);
#2166=VERTEX_POINT('',#5472);
#2167=VERTEX_POINT('',#5474);
#2168=VERTEX_POINT('',#5476);
#2169=VERTEX_POINT('',#5478);
#2170=VERTEX_POINT('',#5481);
#2171=VERTEX_POINT('',#5483);
#2172=VERTEX_POINT('',#5487);
#2173=VERTEX_POINT('',#5489);
#2174=VERTEX_POINT('',#5493);
#2175=VERTEX_POINT('',#5495);
#2176=VERTEX_POINT('',#5499);
#2177=VERTEX_POINT('',#5501);
#2178=VERTEX_POINT('',#5505);
#2179=VERTEX_POINT('',#5507);
#2180=VERTEX_POINT('',#5511);
#2181=VERTEX_POINT('',#5513);
#2182=VERTEX_POINT('',#5517);
#2183=VERTEX_POINT('',#5527);
#2184=VERTEX_POINT('',#5528);
#2185=VERTEX_POINT('',#5530);
#2186=VERTEX_POINT('',#5532);
#2187=VERTEX_POINT('',#5538);
#2188=VERTEX_POINT('',#5539);
#2189=VERTEX_POINT('',#5541);
#2190=VERTEX_POINT('',#5543);
#2191=VERTEX_POINT('',#5549);
#2192=VERTEX_POINT('',#5550);
#2193=VERTEX_POINT('',#5552);
#2194=VERTEX_POINT('',#5554);
#2195=VERTEX_POINT('',#5560);
#2196=VERTEX_POINT('',#5561);
#2197=VERTEX_POINT('',#5563);
#2198=VERTEX_POINT('',#5565);
#2199=VERTEX_POINT('',#5583);
#2200=VERTEX_POINT('',#5587);
#2201=VERTEX_POINT('',#5591);
#2202=VERTEX_POINT('',#5593);
#2203=VERTEX_POINT('',#5597);
#2204=VERTEX_POINT('',#5601);
#2205=VERTEX_POINT('',#5605);
#2206=VERTEX_POINT('',#5609);
#2207=VERTEX_POINT('',#5611);
#2208=VERTEX_POINT('',#5613);
#2209=VERTEX_POINT('',#5615);
#2210=VERTEX_POINT('',#5617);
#2211=VERTEX_POINT('',#5621);
#2212=VERTEX_POINT('',#5625);
#2213=VERTEX_POINT('',#5631);
#2214=VERTEX_POINT('',#5633);
#2215=VERTEX_POINT('',#5637);
#2216=VERTEX_POINT('',#5639);
#2217=VERTEX_POINT('',#5648);
#2218=VERTEX_POINT('',#5650);
#2219=VERTEX_POINT('',#5653);
#2220=CIRCLE('',#3239,0.00106066017177982);
#2221=CIRCLE('',#3240,0.00106066017177981);
#2222=CIRCLE('',#3242,0.001);
#2223=CIRCLE('',#3243,0.00106066017177982);
#2224=CIRCLE('',#3244,0.00206066017177982);
#2225=CIRCLE('',#3246,0.00106066017177982);
#2226=CIRCLE('',#3248,0.002);
#2227=CIRCLE('',#3249,0.00106066017177982);
#2228=CIRCLE('',#3250,0.00306066017177983);
#2229=CIRCLE('',#3252,0.00106066017177982);
#2230=CIRCLE('',#3254,0.00200000000000003);
#2231=CIRCLE('',#3255,0.00106066017177981);
#2232=CIRCLE('',#3256,0.00306066017177985);
#2233=CIRCLE('',#3258,0.00106066017177982);
#2234=CIRCLE('',#3260,0.00100000000000002);
#2235=CIRCLE('',#3261,0.00206066017177983);
#2236=CIRCLE('',#3263,0.006);
#2237=CIRCLE('',#3264,0.006);
#2238=CIRCLE('',#3265,0.006);
#2239=CIRCLE('',#3266,0.006);
#2240=CIRCLE('',#3267,0.02675);
#2241=CIRCLE('',#3268,0.00212132034355956);
#2242=CIRCLE('',#3269,0.0285);
#2243=CIRCLE('',#3270,0.00212132034355964);
#2244=CIRCLE('',#3271,0.006);
#2245=CIRCLE('',#3272,0.006);
#2246=CIRCLE('',#3273,0.006);
#2247=CIRCLE('',#3274,0.006);
#2248=CIRCLE('',#3275,0.006);
#2249=CIRCLE('',#3276,0.006);
#2250=CIRCLE('',#3277,0.006);
#2251=CIRCLE('',#3278,0.006);
#2252=CIRCLE('',#3280,0.00353553390593273);
#2253=CIRCLE('',#3281,0.00453553390593275);
#2254=CIRCLE('',#3282,0.00353553390593273);
#2255=CIRCLE('',#3283,0.001);
#2256=CIRCLE('',#3285,0.00353553390593274);
#2257=CIRCLE('',#3287,0.00453553390593275);
#2258=CIRCLE('',#3288,0.00353553390593275);
#2259=CIRCLE('',#3289,0.001);
#2260=CIRCLE('',#3295,0.00353553390593273);
#2261=CIRCLE('',#3297,0.00353553390593275);
#2262=CIRCLE('',#3299,0.00212132034355956);
#2263=CIRCLE('',#3300,0.00212132034355956);
#2264=CIRCLE('',#3302,0.00212132034355964);
#2265=CIRCLE('',#3303,0.00212132034355964);
#2266=CIRCLE('',#3305,0.004);
#2267=CIRCLE('',#3306,0.0285);
#2268=CIRCLE('',#3307,0.006);
#2269=CIRCLE('',#3308,0.006);
#2270=CIRCLE('',#3309,0.006);
#2271=CIRCLE('',#3310,0.006);
#2272=CIRCLE('',#3311,0.006);
#2273=CIRCLE('',#3312,0.006);
#2274=CIRCLE('',#3313,0.006);
#2275=CIRCLE('',#3314,0.006);
#2276=CIRCLE('',#3315,0.006);
#2277=CIRCLE('',#3316,0.006);
#2278=CIRCLE('',#3317,0.006);
#2279=CIRCLE('',#3318,0.006);
#2280=CIRCLE('',#3322,0.0269);
#2281=CIRCLE('',#3323,0.0269);
#2282=CIRCLE('',#3325,0.002);
#2283=CIRCLE('',#3326,0.0023515559316457);
#2284=CIRCLE('',#3327,0.00236989094783605);
#2285=CIRCLE('',#3328,0.002);
#2286=CIRCLE('',#3329,0.0245);
#2287=CIRCLE('',#3330,0.002);
#2288=CIRCLE('',#3331,0.002);
#2289=CIRCLE('',#3332,0.0245);
#2290=CIRCLE('',#3333,0.002);
#2291=CIRCLE('',#3334,0.0245);
#2292=CIRCLE('',#3335,0.002);
#2293=CIRCLE('',#3336,0.0245);
#2294=CIRCLE('',#3337,0.002);
#2295=CIRCLE('',#3338,0.0245);
#2296=CIRCLE('',#3339,0.002);
#2297=CIRCLE('',#3340,0.0245);
#2298=CIRCLE('',#3341,0.002);
#2299=CIRCLE('',#3342,0.0245);
#2300=CIRCLE('',#3343,0.002);
#2301=CIRCLE('',#3344,0.0245);
#2302=CIRCLE('',#3345,0.002);
#2303=CIRCLE('',#3346,0.0245);
#2304=CIRCLE('',#3347,0.002);
#2305=CIRCLE('',#3348,0.0245);
#2306=CIRCLE('',#3349,0.002);
#2307=CIRCLE('',#3350,0.0245);
#2308=CIRCLE('',#3351,0.002);
#2309=CIRCLE('',#3352,0.0245);
#2310=CIRCLE('',#3353,0.002);
#2311=CIRCLE('',#3354,0.0245);
#2312=CIRCLE('',#3355,0.002);
#2313=CIRCLE('',#3356,0.002);
#2314=CIRCLE('',#3357,0.0245);
#2315=CIRCLE('',#3358,0.025);
#2316=CIRCLE('',#3360,0.0285);
#2317=CIRCLE('',#3361,0.0285);
#2318=CIRCLE('',#3364,0.002);
#2319=CIRCLE('',#3366,0.0245);
#2320=CIRCLE('',#3368,0.002);
#2321=CIRCLE('',#3370,0.0245);
#2322=CIRCLE('',#3372,0.002);
#2323=CIRCLE('',#3374,0.0245);
#2324=CIRCLE('',#3376,0.002);
#2325=CIRCLE('',#3378,0.0245);
#2326=CIRCLE('',#3380,0.002);
#2327=CIRCLE('',#3382,0.0245);
#2328=CIRCLE('',#3384,0.002);
#2329=CIRCLE('',#3386,0.0245);
#2330=CIRCLE('',#3388,0.002);
#2331=CIRCLE('',#3390,0.0245);
#2332=CIRCLE('',#3392,0.002);
#2333=CIRCLE('',#3394,0.0245);
#2334=CIRCLE('',#3396,0.002);
#2335=CIRCLE('',#3398,0.0245);
#2336=CIRCLE('',#3400,0.002);
#2337=CIRCLE('',#3402,0.0245);
#2338=CIRCLE('',#3404,0.002);
#2339=CIRCLE('',#3406,0.0245);
#2340=CIRCLE('',#3408,0.002);
#2341=CIRCLE('',#3410,0.0245);
#2342=CIRCLE('',#3412,0.002);
#2343=CIRCLE('',#3415,0.00236989094783605);
#2344=CIRCLE('',#3417,0.0023515559316457);
#2345=CIRCLE('',#3419,0.0269);
#2346=CIRCLE('',#3420,0.0269);
#2347=CIRCLE('',#3423,0.025);
#2348=CIRCLE('',#3424,0.025);
#2349=CIRCLE('',#3427,0.0245);
#2350=CIRCLE('',#3429,0.002);
#2351=CIRCLE('',#3431,0.002);
#2352=CIRCLE('',#3433,0.002);
#2353=CIRCLE('',#3435,0.0245);
#2354=CIRCLE('',#3437,0.002);
#2355=CIRCLE('',#3440,0.025);
#2356=CIRCLE('',#3470,0.02675);
#2357=CIRCLE('',#3471,0.00100000000000001);
#2358=CIRCLE('',#3473,0.003);
#2359=CIRCLE('',#3475,0.003);
#2360=CIRCLE('',#3477,0.00100000000000001);
#2361=CIRCLE('',#3478,0.02675);
#2362=CIRCLE('',#3480,0.001);
#2363=CIRCLE('',#3481,0.02675);
#2364=CIRCLE('',#3492,0.001);
#2365=CIRCLE('',#3495,0.001);
#2366=CIRCLE('',#3498,0.001);
#2367=CIRCLE('',#3499,0.001);
#2368=CIRCLE('',#3500,0.001);
#2369=CIRCLE('',#3503,0.00100000000000001);
#2370=CIRCLE('',#3504,0.00100000000000001);
#2371=CIRCLE('',#3510,0.02675);
#2372=CIRCLE('',#3512,0.02675);
#2373=CIRCLE('',#3514,0.00175);
#2374=CIRCLE('',#3515,0.00175);
#2375=CIRCLE('',#3516,0.003);
#2376=CIRCLE('',#3517,0.003);
#2377=CIRCLE('',#3518,0.01528);
#2378=CIRCLE('',#3519,0.003);
#2379=CIRCLE('',#3520,0.01528);
#2380=CIRCLE('',#3521,0.003);
#2381=CIRCLE('',#3522,0.01528);
#2382=CIRCLE('',#3524,0.0017);
#2383=CIRCLE('',#3525,0.0017);
#2384=CIRCLE('',#3527,0.0017);
#2385=CIRCLE('',#3528,0.0017);
#2386=CIRCLE('',#3530,0.0017);
#2387=CIRCLE('',#3531,0.0017);
#2388=CIRCLE('',#3533,0.0017);
#2389=CIRCLE('',#3534,0.0017);
#2390=CIRCLE('',#3536,0.0017);
#2391=CIRCLE('',#3537,0.0017);
#2392=CIRCLE('',#3539,0.0017);
#2393=CIRCLE('',#3540,0.0017);
#2394=CIRCLE('',#3542,0.02675);
#2395=CIRCLE('',#3544,0.00175);
#2396=CIRCLE('',#3546,0.00175);
#2397=CIRCLE('',#3548,0.00175);
#2398=CIRCLE('',#3549,0.00175);
#2399=CIRCLE('',#3551,0.00175);
#2400=CIRCLE('',#3552,0.00175);
#2401=CIRCLE('',#3554,0.003);
#2402=CIRCLE('',#3555,0.01528);
#2403=CIRCLE('',#3556,0.003);
#2404=CIRCLE('',#3557,0.01528);
#2405=CIRCLE('',#3558,0.003);
#2406=CIRCLE('',#3559,0.01528);
#2407=CIRCLE('',#3560,0.003);
#2408=CIRCLE('',#3562,0.003);
#2409=CIRCLE('',#3563,0.003);
#2410=CIRCLE('',#3564,0.003);
#2411=CIRCLE('',#3565,0.003);
#2412=CIRCLE('',#3566,0.0028);
#2413=CIRCLE('',#3568,0.01528);
#2414=CIRCLE('',#3570,0.01528);
#2415=CIRCLE('',#3572,0.01528);
#2416=CIRCLE('',#3574,0.01528);
#2417=CIRCLE('',#3576,0.01528);
#2418=CIRCLE('',#3578,0.01528);
#2419=CIRCLE('',#3580,0.0028);
#2420=CIRCLE('',#3581,0.003);
#2421=CIRCLE('',#3582,0.003);
#2422=CIRCLE('',#3583,0.003);
#2423=CIRCLE('',#3584,0.003);
#2424=CIRCLE('',#3585,0.003);
#2425=CIRCLE('',#3586,0.003);
#2426=CIRCLE('',#3589,0.003);
#2427=CIRCLE('',#3590,0.003);
#2428=CIRCLE('',#3592,0.003);
#2429=CIRCLE('',#3594,0.003);
#2430=CIRCLE('',#3595,0.003);
#2431=CIRCLE('',#3597,0.003);
#2432=CIRCLE('',#3599,0.003);
#2433=CIRCLE('',#3600,0.003);
#2434=CIRCLE('',#3602,0.003);
#2435=CIRCLE('',#3604,0.003);
#2436=CIRCLE('',#3605,0.003);
#2437=CIRCLE('',#3607,0.003);
#2438=CIRCLE('',#3609,0.003);
#2439=CIRCLE('',#3612,0.003);
#2440=CIRCLE('',#3615,0.003);
#2441=CIRCLE('',#3618,0.003);
#2442=CIRCLE('',#3621,0.003);
#2443=CIRCLE('',#3624,0.003);
#2444=CIRCLE('',#3628,0.002);
#2445=CIRCLE('',#3631,0.001);
#2446=CIRCLE('',#3634,0.00100000000000002);
#2447=CIRCLE('',#3637,0.00200000000000003);
#2448=CIRCLE('',#3644,0.003);
#2449=CIRCLE('',#3645,0.003);
#2450=CIRCLE('',#3647,0.004);
#2451=EDGE_LOOP('',(#538,#539,#540,#541));
#2452=EDGE_LOOP('',(#542,#543,#544,#545,#546));
#2453=EDGE_LOOP('',(#547,#548,#549,#550));
#2454=EDGE_LOOP('',(#551,#552,#553,#554,#555));
#2455=EDGE_LOOP('',(#556,#557,#558,#559));
#2456=EDGE_LOOP('',(#560,#561,#562,#563,#564));
#2457=EDGE_LOOP('',(#565,#566,#567,#568,#569,#570));
#2458=EDGE_LOOP('',(#571,#572,#573,#574));
#2459=EDGE_LOOP('',(#575,#576,#577,#578,#579,#580,#581,#582));
#2460=EDGE_LOOP('',(#583,#584,#585,#586,#587,#588));
#2461=EDGE_LOOP('',(#589,#590,#591,#592,#593,#594,#595,#596,#597,#598,#599,
#600,#601,#602,#603,#604,#605,#606,#607,#608,#609,#610,#611,#612));
#2462=EDGE_LOOP('',(#613,#614,#615,#616));
#2463=EDGE_LOOP('',(#617,#618,#619,#620));
#2464=EDGE_LOOP('',(#621,#622,#623,#624));
#2465=EDGE_LOOP('',(#625,#626,#627,#628));
#2466=EDGE_LOOP('',(#629,#630,#631,#632));
#2467=EDGE_LOOP('',(#633,#634,#635,#636));
#2468=EDGE_LOOP('',(#637,#638,#639,#640));
#2469=EDGE_LOOP('',(#641,#642,#643,#644,#645));
#2470=EDGE_LOOP('',(#646,#647,#648,#649,#650));
#2471=EDGE_LOOP('',(#651));
#2472=EDGE_LOOP('',(#652,#653,#654,#655,#656,#657,#658,#659,#660,#661,#662,
#663));
#2473=EDGE_LOOP('',(#664,#665,#666,#667,#668,#669,#670,#671));
#2474=EDGE_LOOP('',(#672,#673,#674,#675,#676,#677,#678,#679));
#2475=EDGE_LOOP('',(#680,#681,#682,#683,#684,#685,#686,#687));
#2476=EDGE_LOOP('',(#688,#689,#690,#691));
#2477=EDGE_LOOP('',(#692,#693,#694,#695));
#2478=EDGE_LOOP('',(#696));
#2479=EDGE_LOOP('',(#697));
#2480=EDGE_LOOP('',(#698,#699,#700,#701,#702,#703,#704,#705,#706,#707,#708,
#709,#710,#711,#712,#713,#714,#715,#716,#717,#718,#719,#720,#721,#722,#723,
#724,#725,#726,#727,#728,#729,#730,#731,#732));
#2481=EDGE_LOOP('',(#733));
#2482=EDGE_LOOP('',(#734,#735,#736,#737));
#2483=EDGE_LOOP('',(#738));
#2484=EDGE_LOOP('',(#739));
#2485=EDGE_LOOP('',(#740,#741,#742,#743));
#2486=EDGE_LOOP('',(#744,#745,#746,#747));
#2487=EDGE_LOOP('',(#748,#749,#750,#751));
#2488=EDGE_LOOP('',(#752,#753,#754,#755));
#2489=EDGE_LOOP('',(#756,#757,#758,#759));
#2490=EDGE_LOOP('',(#760,#761,#762,#763));
#2491=EDGE_LOOP('',(#764,#765,#766,#767));
#2492=EDGE_LOOP('',(#768,#769,#770,#771));
#2493=EDGE_LOOP('',(#772,#773,#774,#775));
#2494=EDGE_LOOP('',(#776,#777,#778,#779));
#2495=EDGE_LOOP('',(#780,#781,#782,#783));
#2496=EDGE_LOOP('',(#784,#785,#786,#787));
#2497=EDGE_LOOP('',(#788,#789,#790,#791));
#2498=EDGE_LOOP('',(#792,#793,#794,#795));
#2499=EDGE_LOOP('',(#796,#797,#798,#799));
#2500=EDGE_LOOP('',(#800,#801,#802,#803));
#2501=EDGE_LOOP('',(#804,#805,#806,#807));
#2502=EDGE_LOOP('',(#808,#809,#810,#811));
#2503=EDGE_LOOP('',(#812,#813,#814,#815));
#2504=EDGE_LOOP('',(#816,#817,#818,#819));
#2505=EDGE_LOOP('',(#820,#821,#822,#823));
#2506=EDGE_LOOP('',(#824,#825,#826,#827));
#2507=EDGE_LOOP('',(#828,#829,#830,#831));
#2508=EDGE_LOOP('',(#832,#833,#834,#835));
#2509=EDGE_LOOP('',(#836,#837,#838,#839));
#2510=EDGE_LOOP('',(#840,#841,#842,#843));
#2511=EDGE_LOOP('',(#844,#845,#846,#847));
#2512=EDGE_LOOP('',(#848,#849,#850,#851));
#2513=EDGE_LOOP('',(#852,#853,#854,#855));
#2514=EDGE_LOOP('',(#856));
#2515=EDGE_LOOP('',(#857));
#2516=EDGE_LOOP('',(#858));
#2517=EDGE_LOOP('',(#859));
#2518=EDGE_LOOP('',(#860));
#2519=EDGE_LOOP('',(#861));
#2520=EDGE_LOOP('',(#862));
#2521=EDGE_LOOP('',(#863));
#2522=EDGE_LOOP('',(#864,#865,#866,#867));
#2523=EDGE_LOOP('',(#868,#869,#870,#871));
#2524=EDGE_LOOP('',(#872,#873,#874,#875));
#2525=EDGE_LOOP('',(#876,#877,#878,#879));
#2526=EDGE_LOOP('',(#880,#881,#882,#883));
#2527=EDGE_LOOP('',(#884,#885,#886,#887));
#2528=EDGE_LOOP('',(#888,#889,#890,#891,#892,#893,#894,#895,#896,#897,#898,
#899,#900,#901,#902,#903,#904,#905,#906,#907,#908,#909,#910,#911,#912,#913,
#914,#915,#916,#917,#918,#919,#920,#921,#922));
#2529=EDGE_LOOP('',(#923));
#2530=EDGE_LOOP('',(#924));
#2531=EDGE_LOOP('',(#925));
#2532=EDGE_LOOP('',(#926));
#2533=EDGE_LOOP('',(#927));
#2534=EDGE_LOOP('',(#928));
#2535=EDGE_LOOP('',(#929));
#2536=EDGE_LOOP('',(#930,#931,#932,#933));
#2537=EDGE_LOOP('',(#934,#935,#936,#937));
#2538=EDGE_LOOP('',(#938,#939,#940,#941,#942,#943,#944,#945));
#2539=EDGE_LOOP('',(#946,#947,#948,#949));
#2540=EDGE_LOOP('',(#950,#951,#952,#953));
#2541=EDGE_LOOP('',(#954,#955,#956,#957));
#2542=EDGE_LOOP('',(#958,#959,#960,#961));
#2543=EDGE_LOOP('',(#962,#963,#964,#965));
#2544=EDGE_LOOP('',(#966,#967,#968,#969));
#2545=EDGE_LOOP('',(#970,#971,#972,#973));
#2546=EDGE_LOOP('',(#974,#975,#976,#977));
#2547=EDGE_LOOP('',(#978,#979,#980,#981));
#2548=EDGE_LOOP('',(#982,#983,#984,#985));
#2549=EDGE_LOOP('',(#986,#987,#988,#989));
#2550=EDGE_LOOP('',(#990,#991,#992,#993));
#2551=EDGE_LOOP('',(#994,#995,#996,#997));
#2552=EDGE_LOOP('',(#998,#999,#1000,#1001));
#2553=EDGE_LOOP('',(#1002,#1003,#1004,#1005));
#2554=EDGE_LOOP('',(#1006,#1007,#1008,#1009,#1010,#1011));
#2555=EDGE_LOOP('',(#1012,#1013,#1014,#1015,#1016));
#2556=EDGE_LOOP('',(#1017,#1018,#1019,#1020));
#2557=EDGE_LOOP('',(#1021,#1022,#1023,#1024));
#2558=EDGE_LOOP('',(#1025,#1026,#1027,#1028));
#2559=EDGE_LOOP('',(#1029,#1030,#1031,#1032));
#2560=EDGE_LOOP('',(#1033,#1034,#1035,#1036));
#2561=EDGE_LOOP('',(#1037,#1038,#1039,#1040));
#2562=EDGE_LOOP('',(#1041,#1042,#1043,#1044,#1045,#1046));
#2563=EDGE_LOOP('',(#1047,#1048));
#2564=EDGE_LOOP('',(#1049,#1050));
#2565=EDGE_LOOP('',(#1051,#1052));
#2566=EDGE_LOOP('',(#1053,#1054));
#2567=EDGE_LOOP('',(#1055,#1056,#1057,#1058,#1059,#1060,#1061,#1062,#1063,
#1064));
#2568=EDGE_LOOP('',(#1065,#1066,#1067,#1068));
#2569=EDGE_LOOP('',(#1069,#1070,#1071,#1072));
#2570=EDGE_LOOP('',(#1073,#1074,#1075,#1076));
#2571=EDGE_LOOP('',(#1077,#1078,#1079,#1080,#1081,#1082));
#2572=EDGE_LOOP('',(#1083,#1084,#1085,#1086));
#2573=EDGE_LOOP('',(#1087,#1088,#1089,#1090));
#2574=EDGE_LOOP('',(#1091,#1092,#1093,#1094));
#2575=EDGE_LOOP('',(#1095,#1096,#1097,#1098,#1099,#1100));
#2576=EDGE_LOOP('',(#1101,#1102,#1103,#1104));
#2577=EDGE_LOOP('',(#1105,#1106,#1107,#1108));
#2578=EDGE_LOOP('',(#1109,#1110,#1111,#1112));
#2579=EDGE_LOOP('',(#1113,#1114,#1115,#1116,#1117,#1118,#1119,#1120,#1121,
#1122));
#2580=EDGE_LOOP('',(#1123,#1124,#1125,#1126,#1127,#1128));
#2581=EDGE_LOOP('',(#1129,#1130,#1131,#1132));
#2582=EDGE_LOOP('',(#1133,#1134,#1135,#1136,#1137,#1138));
#2583=EDGE_LOOP('',(#1139,#1140,#1141,#1142,#1143,#1144,#1145,#1146,#1147,
#1148,#1149,#1150,#1151,#1152,#1153,#1154,#1155,#1156,#1157,#1158));
#2584=EDGE_LOOP('',(#1159,#1160,#1161,#1162));
#2585=EDGE_LOOP('',(#1163,#1164,#1165,#1166));
#2586=EDGE_LOOP('',(#1167,#1168,#1169,#1170));
#2587=EDGE_LOOP('',(#1171,#1172,#1173,#1174,#1175,#1176));
#2588=EDGE_LOOP('',(#1177,#1178,#1179,#1180));
#2589=EDGE_LOOP('',(#1181));
#2590=EDGE_LOOP('',(#1182));
#2591=EDGE_LOOP('',(#1183,#1184,#1185,#1186,#1187,#1188,#1189,#1190,#1191,
#1192,#1193,#1194));
#2592=EDGE_LOOP('',(#1195));
#2593=EDGE_LOOP('',(#1196));
#2594=EDGE_LOOP('',(#1197));
#2595=EDGE_LOOP('',(#1198));
#2596=EDGE_LOOP('',(#1199));
#2597=EDGE_LOOP('',(#1200));
#2598=EDGE_LOOP('',(#1201));
#2599=EDGE_LOOP('',(#1202));
#2600=EDGE_LOOP('',(#1203));
#2601=EDGE_LOOP('',(#1204));
#2602=EDGE_LOOP('',(#1205));
#2603=EDGE_LOOP('',(#1206));
#2604=EDGE_LOOP('',(#1207,#1208,#1209,#1210,#1211,#1212));
#2605=EDGE_LOOP('',(#1213));
#2606=EDGE_LOOP('',(#1214));
#2607=EDGE_LOOP('',(#1215));
#2608=EDGE_LOOP('',(#1216));
#2609=EDGE_LOOP('',(#1217));
#2610=EDGE_LOOP('',(#1218));
#2611=EDGE_LOOP('',(#1219));
#2612=EDGE_LOOP('',(#1220));
#2613=EDGE_LOOP('',(#1221));
#2614=EDGE_LOOP('',(#1222,#1223,#1224,#1225,#1226,#1227,#1228,#1229,#1230,
#1231,#1232,#1233));
#2615=EDGE_LOOP('',(#1234));
#2616=EDGE_LOOP('',(#1235));
#2617=EDGE_LOOP('',(#1236));
#2618=EDGE_LOOP('',(#1237));
#2619=EDGE_LOOP('',(#1238));
#2620=EDGE_LOOP('',(#1239));
#2621=EDGE_LOOP('',(#1240));
#2622=EDGE_LOOP('',(#1241));
#2623=EDGE_LOOP('',(#1242));
#2624=EDGE_LOOP('',(#1243));
#2625=EDGE_LOOP('',(#1244));
#2626=EDGE_LOOP('',(#1245));
#2627=EDGE_LOOP('',(#1246));
#2628=EDGE_LOOP('',(#1247));
#2629=EDGE_LOOP('',(#1248,#1249,#1250,#1251));
#2630=EDGE_LOOP('',(#1252,#1253,#1254,#1255));
#2631=EDGE_LOOP('',(#1256,#1257,#1258,#1259));
#2632=EDGE_LOOP('',(#1260,#1261,#1262,#1263));
#2633=EDGE_LOOP('',(#1264,#1265,#1266,#1267));
#2634=EDGE_LOOP('',(#1268,#1269,#1270,#1271));
#2635=EDGE_LOOP('',(#1272));
#2636=EDGE_LOOP('',(#1273,#1274,#1275,#1276,#1277,#1278,#1279,#1280,#1281,
#1282,#1283,#1284));
#2637=EDGE_LOOP('',(#1285));
#2638=EDGE_LOOP('',(#1286));
#2639=EDGE_LOOP('',(#1287,#1288,#1289,#1290));
#2640=EDGE_LOOP('',(#1291));
#2641=EDGE_LOOP('',(#1292,#1293));
#2642=EDGE_LOOP('',(#1294));
#2643=EDGE_LOOP('',(#1295,#1296,#1297,#1298));
#2644=EDGE_LOOP('',(#1299));
#2645=EDGE_LOOP('',(#1300,#1301));
#2646=EDGE_LOOP('',(#1302));
#2647=EDGE_LOOP('',(#1303,#1304,#1305,#1306));
#2648=EDGE_LOOP('',(#1307));
#2649=EDGE_LOOP('',(#1308,#1309));
#2650=EDGE_LOOP('',(#1310));
#2651=EDGE_LOOP('',(#1311,#1312,#1313,#1314));
#2652=EDGE_LOOP('',(#1315));
#2653=EDGE_LOOP('',(#1316,#1317));
#2654=EDGE_LOOP('',(#1318));
#2655=EDGE_LOOP('',(#1319));
#2656=EDGE_LOOP('',(#1320,#1321));
#2657=EDGE_LOOP('',(#1322,#1323,#1324,#1325));
#2658=EDGE_LOOP('',(#1326,#1327,#1328,#1329));
#2659=EDGE_LOOP('',(#1330));
#2660=EDGE_LOOP('',(#1331,#1332));
#2661=EDGE_LOOP('',(#1333,#1334,#1335,#1336));
#2662=EDGE_LOOP('',(#1337,#1338,#1339,#1340));
#2663=EDGE_LOOP('',(#1341));
#2664=EDGE_LOOP('',(#1342,#1343));
#2665=EDGE_LOOP('',(#1344,#1345,#1346,#1347));
#2666=EDGE_LOOP('',(#1348,#1349,#1350,#1351));
#2667=EDGE_LOOP('',(#1352));
#2668=EDGE_LOOP('',(#1353,#1354));
#2669=EDGE_LOOP('',(#1355,#1356,#1357,#1358));
#2670=EDGE_LOOP('',(#1359,#1360,#1361,#1362));
#2671=EDGE_LOOP('',(#1363));
#2672=EDGE_LOOP('',(#1364,#1365,#1366,#1367,#1368,#1369));
#2673=EDGE_LOOP('',(#1370));
#2674=EDGE_LOOP('',(#1371));
#2675=EDGE_LOOP('',(#1372));
#2676=EDGE_LOOP('',(#1373,#1374,#1375,#1376,#1377,#1378));
#2677=EDGE_LOOP('',(#1379));
#2678=EDGE_LOOP('',(#1380));
#2679=EDGE_LOOP('',(#1381,#1382,#1383,#1384));
#2680=EDGE_LOOP('',(#1385,#1386,#1387,#1388));
#2681=EDGE_LOOP('',(#1389,#1390,#1391,#1392));
#2682=EDGE_LOOP('',(#1393,#1394,#1395,#1396));
#2683=EDGE_LOOP('',(#1397,#1398,#1399,#1400,#1401,#1402,#1403,#1404));
#2684=EDGE_LOOP('',(#1405,#1406,#1407,#1408));
#2685=EDGE_LOOP('',(#1409,#1410,#1411,#1412));
#2686=EDGE_LOOP('',(#1413,#1414,#1415,#1416));
#2687=EDGE_LOOP('',(#1417,#1418,#1419,#1420,#1421,#1422,#1423,#1424,#1425,
#1426,#1427,#1428));
#2688=EDGE_LOOP('',(#1429,#1430,#1431,#1432));
#2689=EDGE_LOOP('',(#1433,#1434,#1435,#1436));
#2690=EDGE_LOOP('',(#1437,#1438,#1439,#1440));
#2691=EDGE_LOOP('',(#1441,#1442,#1443,#1444));
#2692=EDGE_LOOP('',(#1445));
#2693=EDGE_LOOP('',(#1446));
#2694=EDGE_LOOP('',(#1447));
#2695=EDGE_LOOP('',(#1448));
#2696=EDGE_LOOP('',(#1449));
#2697=EDGE_LOOP('',(#1450));
#2698=EDGE_LOOP('',(#1451));
#2699=FACE_BOUND('',#2451,.T.);
#2700=FACE_BOUND('',#2452,.T.);
#2701=FACE_BOUND('',#2453,.T.);
#2702=FACE_BOUND('',#2454,.T.);
#2703=FACE_BOUND('',#2455,.T.);
#2704=FACE_BOUND('',#2456,.T.);
#2705=FACE_BOUND('',#2457,.T.);
#2706=FACE_BOUND('',#2458,.T.);
#2707=FACE_BOUND('',#2459,.T.);
#2708=FACE_BOUND('',#2460,.T.);
#2709=FACE_BOUND('',#2461,.T.);
#2710=FACE_BOUND('',#2462,.T.);
#2711=FACE_BOUND('',#2463,.T.);
#2712=FACE_BOUND('',#2464,.T.);
#2713=FACE_BOUND('',#2465,.T.);
#2714=FACE_BOUND('',#2466,.T.);
#2715=FACE_BOUND('',#2467,.T.);
#2716=FACE_BOUND('',#2468,.T.);
#2717=FACE_BOUND('',#2469,.T.);
#2718=FACE_BOUND('',#2470,.T.);
#2719=FACE_BOUND('',#2471,.T.);
#2720=FACE_BOUND('',#2472,.T.);
#2721=FACE_BOUND('',#2473,.T.);
#2722=FACE_BOUND('',#2474,.T.);
#2723=FACE_BOUND('',#2475,.T.);
#2724=FACE_BOUND('',#2476,.T.);
#2725=FACE_BOUND('',#2477,.T.);
#2726=FACE_BOUND('',#2478,.T.);
#2727=FACE_BOUND('',#2479,.T.);
#2728=FACE_BOUND('',#2480,.T.);
#2729=FACE_BOUND('',#2481,.T.);
#2730=FACE_BOUND('',#2482,.T.);
#2731=FACE_BOUND('',#2483,.T.);
#2732=FACE_BOUND('',#2484,.T.);
#2733=FACE_BOUND('',#2485,.T.);
#2734=FACE_BOUND('',#2486,.T.);
#2735=FACE_BOUND('',#2487,.T.);
#2736=FACE_BOUND('',#2488,.T.);
#2737=FACE_BOUND('',#2489,.T.);
#2738=FACE_BOUND('',#2490,.T.);
#2739=FACE_BOUND('',#2491,.T.);
#2740=FACE_BOUND('',#2492,.T.);
#2741=FACE_BOUND('',#2493,.T.);
#2742=FACE_BOUND('',#2494,.T.);
#2743=FACE_BOUND('',#2495,.T.);
#2744=FACE_BOUND('',#2496,.T.);
#2745=FACE_BOUND('',#2497,.T.);
#2746=FACE_BOUND('',#2498,.T.);
#2747=FACE_BOUND('',#2499,.T.);
#2748=FACE_BOUND('',#2500,.T.);
#2749=FACE_BOUND('',#2501,.T.);
#2750=FACE_BOUND('',#2502,.T.);
#2751=FACE_BOUND('',#2503,.T.);
#2752=FACE_BOUND('',#2504,.T.);
#2753=FACE_BOUND('',#2505,.T.);
#2754=FACE_BOUND('',#2506,.T.);
#2755=FACE_BOUND('',#2507,.T.);
#2756=FACE_BOUND('',#2508,.T.);
#2757=FACE_BOUND('',#2509,.T.);
#2758=FACE_BOUND('',#2510,.T.);
#2759=FACE_BOUND('',#2511,.T.);
#2760=FACE_BOUND('',#2512,.T.);
#2761=FACE_BOUND('',#2513,.T.);
#2762=FACE_BOUND('',#2514,.T.);
#2763=FACE_BOUND('',#2515,.T.);
#2764=FACE_BOUND('',#2516,.T.);
#2765=FACE_BOUND('',#2517,.T.);
#2766=FACE_BOUND('',#2518,.T.);
#2767=FACE_BOUND('',#2519,.T.);
#2768=FACE_BOUND('',#2520,.T.);
#2769=FACE_BOUND('',#2521,.T.);
#2770=FACE_BOUND('',#2522,.T.);
#2771=FACE_BOUND('',#2523,.T.);
#2772=FACE_BOUND('',#2524,.T.);
#2773=FACE_BOUND('',#2525,.T.);
#2774=FACE_BOUND('',#2526,.T.);
#2775=FACE_BOUND('',#2527,.T.);
#2776=FACE_BOUND('',#2528,.T.);
#2777=FACE_BOUND('',#2529,.T.);
#2778=FACE_BOUND('',#2530,.T.);
#2779=FACE_BOUND('',#2531,.T.);
#2780=FACE_BOUND('',#2532,.T.);
#2781=FACE_BOUND('',#2533,.T.);
#2782=FACE_BOUND('',#2534,.T.);
#2783=FACE_BOUND('',#2535,.T.);
#2784=FACE_BOUND('',#2536,.T.);
#2785=FACE_BOUND('',#2537,.T.);
#2786=FACE_BOUND('',#2538,.T.);
#2787=FACE_BOUND('',#2539,.T.);
#2788=FACE_BOUND('',#2540,.T.);
#2789=FACE_BOUND('',#2541,.T.);
#2790=FACE_BOUND('',#2542,.T.);
#2791=FACE_BOUND('',#2543,.T.);
#2792=FACE_BOUND('',#2544,.T.);
#2793=FACE_BOUND('',#2545,.T.);
#2794=FACE_BOUND('',#2546,.T.);
#2795=FACE_BOUND('',#2547,.T.);
#2796=FACE_BOUND('',#2548,.T.);
#2797=FACE_BOUND('',#2549,.T.);
#2798=FACE_BOUND('',#2550,.T.);
#2799=FACE_BOUND('',#2551,.T.);
#2800=FACE_BOUND('',#2552,.T.);
#2801=FACE_BOUND('',#2553,.T.);
#2802=FACE_BOUND('',#2554,.T.);
#2803=FACE_BOUND('',#2555,.T.);
#2804=FACE_BOUND('',#2556,.T.);
#2805=FACE_BOUND('',#2557,.T.);
#2806=FACE_BOUND('',#2558,.T.);
#2807=FACE_BOUND('',#2559,.T.);
#2808=FACE_BOUND('',#2560,.T.);
#2809=FACE_BOUND('',#2561,.T.);
#2810=FACE_BOUND('',#2562,.T.);
#2811=FACE_BOUND('',#2563,.T.);
#2812=FACE_BOUND('',#2564,.T.);
#2813=FACE_BOUND('',#2565,.T.);
#2814=FACE_BOUND('',#2566,.T.);
#2815=FACE_BOUND('',#2567,.T.);
#2816=FACE_BOUND('',#2568,.T.);
#2817=FACE_BOUND('',#2569,.T.);
#2818=FACE_BOUND('',#2570,.T.);
#2819=FACE_BOUND('',#2571,.T.);
#2820=FACE_BOUND('',#2572,.T.);
#2821=FACE_BOUND('',#2573,.T.);
#2822=FACE_BOUND('',#2574,.T.);
#2823=FACE_BOUND('',#2575,.T.);
#2824=FACE_BOUND('',#2576,.T.);
#2825=FACE_BOUND('',#2577,.T.);
#2826=FACE_BOUND('',#2578,.T.);
#2827=FACE_BOUND('',#2579,.T.);
#2828=FACE_BOUND('',#2580,.T.);
#2829=FACE_BOUND('',#2581,.T.);
#2830=FACE_BOUND('',#2582,.T.);
#2831=FACE_BOUND('',#2583,.T.);
#2832=FACE_BOUND('',#2584,.T.);
#2833=FACE_BOUND('',#2585,.T.);
#2834=FACE_BOUND('',#2586,.T.);
#2835=FACE_BOUND('',#2587,.T.);
#2836=FACE_BOUND('',#2588,.T.);
#2837=FACE_BOUND('',#2589,.T.);
#2838=FACE_BOUND('',#2590,.T.);
#2839=FACE_BOUND('',#2591,.T.);
#2840=FACE_BOUND('',#2592,.T.);
#2841=FACE_BOUND('',#2593,.T.);
#2842=FACE_BOUND('',#2594,.T.);
#2843=FACE_BOUND('',#2595,.T.);
#2844=FACE_BOUND('',#2596,.T.);
#2845=FACE_BOUND('',#2597,.T.);
#2846=FACE_BOUND('',#2598,.T.);
#2847=FACE_BOUND('',#2599,.T.);
#2848=FACE_BOUND('',#2600,.T.);
#2849=FACE_BOUND('',#2601,.T.);
#2850=FACE_BOUND('',#2602,.T.);
#2851=FACE_BOUND('',#2603,.T.);
#2852=FACE_BOUND('',#2604,.T.);
#2853=FACE_BOUND('',#2605,.T.);
#2854=FACE_BOUND('',#2606,.T.);
#2855=FACE_BOUND('',#2607,.T.);
#2856=FACE_BOUND('',#2608,.T.);
#2857=FACE_BOUND('',#2609,.T.);
#2858=FACE_BOUND('',#2610,.T.);
#2859=FACE_BOUND('',#2611,.T.);
#2860=FACE_BOUND('',#2612,.T.);
#2861=FACE_BOUND('',#2613,.T.);
#2862=FACE_BOUND('',#2614,.T.);
#2863=FACE_BOUND('',#2615,.T.);
#2864=FACE_BOUND('',#2616,.T.);
#2865=FACE_BOUND('',#2617,.T.);
#2866=FACE_BOUND('',#2618,.T.);
#2867=FACE_BOUND('',#2619,.T.);
#2868=FACE_BOUND('',#2620,.T.);
#2869=FACE_BOUND('',#2621,.T.);
#2870=FACE_BOUND('',#2622,.T.);
#2871=FACE_BOUND('',#2623,.T.);
#2872=FACE_BOUND('',#2624,.T.);
#2873=FACE_BOUND('',#2625,.T.);
#2874=FACE_BOUND('',#2626,.T.);
#2875=FACE_BOUND('',#2627,.T.);
#2876=FACE_BOUND('',#2628,.T.);
#2877=FACE_BOUND('',#2629,.T.);
#2878=FACE_BOUND('',#2630,.T.);
#2879=FACE_BOUND('',#2631,.T.);
#2880=FACE_BOUND('',#2632,.T.);
#2881=FACE_BOUND('',#2633,.T.);
#2882=FACE_BOUND('',#2634,.T.);
#2883=FACE_BOUND('',#2635,.T.);
#2884=FACE_BOUND('',#2636,.T.);
#2885=FACE_BOUND('',#2637,.T.);
#2886=FACE_BOUND('',#2638,.T.);
#2887=FACE_BOUND('',#2639,.T.);
#2888=FACE_BOUND('',#2640,.T.);
#2889=FACE_BOUND('',#2641,.T.);
#2890=FACE_BOUND('',#2642,.T.);
#2891=FACE_BOUND('',#2643,.T.);
#2892=FACE_BOUND('',#2644,.T.);
#2893=FACE_BOUND('',#2645,.T.);
#2894=FACE_BOUND('',#2646,.T.);
#2895=FACE_BOUND('',#2647,.T.);
#2896=FACE_BOUND('',#2648,.T.);
#2897=FACE_BOUND('',#2649,.T.);
#2898=FACE_BOUND('',#2650,.T.);
#2899=FACE_BOUND('',#2651,.T.);
#2900=FACE_BOUND('',#2652,.T.);
#2901=FACE_BOUND('',#2653,.T.);
#2902=FACE_BOUND('',#2654,.T.);
#2903=FACE_BOUND('',#2655,.T.);
#2904=FACE_BOUND('',#2656,.T.);
#2905=FACE_BOUND('',#2657,.T.);
#2906=FACE_BOUND('',#2658,.T.);
#2907=FACE_BOUND('',#2659,.T.);
#2908=FACE_BOUND('',#2660,.T.);
#2909=FACE_BOUND('',#2661,.T.);
#2910=FACE_BOUND('',#2662,.T.);
#2911=FACE_BOUND('',#2663,.T.);
#2912=FACE_BOUND('',#2664,.T.);
#2913=FACE_BOUND('',#2665,.T.);
#2914=FACE_BOUND('',#2666,.T.);
#2915=FACE_BOUND('',#2667,.T.);
#2916=FACE_BOUND('',#2668,.T.);
#2917=FACE_BOUND('',#2669,.T.);
#2918=FACE_BOUND('',#2670,.T.);
#2919=FACE_BOUND('',#2671,.T.);
#2920=FACE_BOUND('',#2672,.T.);
#2921=FACE_BOUND('',#2673,.T.);
#2922=FACE_BOUND('',#2674,.T.);
#2923=FACE_BOUND('',#2675,.T.);
#2924=FACE_BOUND('',#2676,.T.);
#2925=FACE_BOUND('',#2677,.T.);
#2926=FACE_BOUND('',#2678,.T.);
#2927=FACE_BOUND('',#2679,.T.);
#2928=FACE_BOUND('',#2680,.T.);
#2929=FACE_BOUND('',#2681,.T.);
#2930=FACE_BOUND('',#2682,.T.);
#2931=FACE_BOUND('',#2683,.T.);
#2932=FACE_BOUND('',#2684,.T.);
#2933=FACE_BOUND('',#2685,.T.);
#2934=FACE_BOUND('',#2686,.T.);
#2935=FACE_BOUND('',#2687,.T.);
#2936=FACE_BOUND('',#2688,.T.);
#2937=FACE_BOUND('',#2689,.T.);
#2938=FACE_BOUND('',#2690,.T.);
#2939=FACE_BOUND('',#2691,.T.);
#2940=FACE_BOUND('',#2692,.T.);
#2941=FACE_BOUND('',#2693,.T.);
#2942=FACE_BOUND('',#2694,.T.);
#2943=FACE_BOUND('',#2695,.T.);
#2944=FACE_BOUND('',#2696,.T.);
#2945=FACE_BOUND('',#2697,.T.);
#2946=FACE_BOUND('',#2698,.T.);
#2947=CYLINDRICAL_SURFACE('',#3238,0.00106066017177982);
#2948=CYLINDRICAL_SURFACE('',#3245,0.00106066017177982);
#2949=CYLINDRICAL_SURFACE('',#3251,0.00106066017177982);
#2950=CYLINDRICAL_SURFACE('',#3257,0.00106066017177981);
#2951=CYLINDRICAL_SURFACE('',#3284,0.00353553390593273);
#2952=CYLINDRICAL_SURFACE('',#3290,0.00353553390593275);
#2953=CYLINDRICAL_SURFACE('',#3292,0.00353553390593274);
#2954=CYLINDRICAL_SURFACE('',#3294,0.00353553390593273);
#2955=CYLINDRICAL_SURFACE('',#3296,0.00353553390593275);
#2956=CYLINDRICAL_SURFACE('',#3298,0.00212132034355956);
#2957=CYLINDRICAL_SURFACE('',#3301,0.00212132034355964);
#2958=CYLINDRICAL_SURFACE('',#3321,0.0269);
#2959=CYLINDRICAL_SURFACE('',#3359,0.0285);
#2960=CYLINDRICAL_SURFACE('',#3363,0.002);
#2961=CYLINDRICAL_SURFACE('',#3365,0.0245);
#2962=CYLINDRICAL_SURFACE('',#3367,0.002);
#2963=CYLINDRICAL_SURFACE('',#3369,0.0245);
#2964=CYLINDRICAL_SURFACE('',#3371,0.002);
#2965=CYLINDRICAL_SURFACE('',#3373,0.0245);
#2966=CYLINDRICAL_SURFACE('',#3375,0.002);
#2967=CYLINDRICAL_SURFACE('',#3377,0.0245);
#2968=CYLINDRICAL_SURFACE('',#3379,0.002);
#2969=CYLINDRICAL_SURFACE('',#3381,0.0245);
#2970=CYLINDRICAL_SURFACE('',#3383,0.002);
#2971=CYLINDRICAL_SURFACE('',#3385,0.0245);
#2972=CYLINDRICAL_SURFACE('',#3387,0.002);
#2973=CYLINDRICAL_SURFACE('',#3389,0.0245);
#2974=CYLINDRICAL_SURFACE('',#3391,0.002);
#2975=CYLINDRICAL_SURFACE('',#3393,0.0245);
#2976=CYLINDRICAL_SURFACE('',#3395,0.002);
#2977=CYLINDRICAL_SURFACE('',#3397,0.0245);
#2978=CYLINDRICAL_SURFACE('',#3399,0.002);
#2979=CYLINDRICAL_SURFACE('',#3401,0.0245);
#2980=CYLINDRICAL_SURFACE('',#3403,0.002);
#2981=CYLINDRICAL_SURFACE('',#3405,0.0245);
#2982=CYLINDRICAL_SURFACE('',#3407,0.002);
#2983=CYLINDRICAL_SURFACE('',#3409,0.0245);
#2984=CYLINDRICAL_SURFACE('',#3411,0.002);
#2985=CYLINDRICAL_SURFACE('',#3414,0.00236989094783605);
#2986=CYLINDRICAL_SURFACE('',#3416,0.0023515559316457);
#2987=CYLINDRICAL_SURFACE('',#3418,0.0269);
#2988=CYLINDRICAL_SURFACE('',#3422,0.025);
#2989=CYLINDRICAL_SURFACE('',#3426,0.0245);
#2990=CYLINDRICAL_SURFACE('',#3428,0.002);
#2991=CYLINDRICAL_SURFACE('',#3430,0.002);
#2992=CYLINDRICAL_SURFACE('',#3432,0.002);
#2993=CYLINDRICAL_SURFACE('',#3434,0.0245);
#2994=CYLINDRICAL_SURFACE('',#3436,0.002);
#2995=CYLINDRICAL_SURFACE('',#3439,0.025);
#2996=CYLINDRICAL_SURFACE('',#3446,0.006);
#2997=CYLINDRICAL_SURFACE('',#3448,0.006);
#2998=CYLINDRICAL_SURFACE('',#3450,0.006);
#2999=CYLINDRICAL_SURFACE('',#3452,0.006);
#3000=CYLINDRICAL_SURFACE('',#3454,0.006);
#3001=CYLINDRICAL_SURFACE('',#3456,0.006);
#3002=CYLINDRICAL_SURFACE('',#3458,0.006);
#3003=CYLINDRICAL_SURFACE('',#3460,0.006);
#3004=CYLINDRICAL_SURFACE('',#3462,0.006);
#3005=CYLINDRICAL_SURFACE('',#3464,0.006);
#3006=CYLINDRICAL_SURFACE('',#3466,0.006);
#3007=CYLINDRICAL_SURFACE('',#3468,0.006);
#3008=CYLINDRICAL_SURFACE('',#3491,0.001);
#3009=CYLINDRICAL_SURFACE('',#3494,0.001);
#3010=CYLINDRICAL_SURFACE('',#3497,0.001);
#3011=CYLINDRICAL_SURFACE('',#3502,0.00100000000000001);
#3012=CYLINDRICAL_SURFACE('',#3523,0.0017);
#3013=CYLINDRICAL_SURFACE('',#3526,0.0017);
#3014=CYLINDRICAL_SURFACE('',#3529,0.0017);
#3015=CYLINDRICAL_SURFACE('',#3532,0.0017);
#3016=CYLINDRICAL_SURFACE('',#3535,0.0017);
#3017=CYLINDRICAL_SURFACE('',#3538,0.0017);
#3018=CYLINDRICAL_SURFACE('',#3541,0.02675);
#3019=CYLINDRICAL_SURFACE('',#3543,0.00175);
#3020=CYLINDRICAL_SURFACE('',#3545,0.00175);
#3021=CYLINDRICAL_SURFACE('',#3547,0.00175);
#3022=CYLINDRICAL_SURFACE('',#3550,0.00175);
#3023=CYLINDRICAL_SURFACE('',#3567,0.01528);
#3024=CYLINDRICAL_SURFACE('',#3569,0.01528);
#3025=CYLINDRICAL_SURFACE('',#3571,0.01528);
#3026=CYLINDRICAL_SURFACE('',#3573,0.01528);
#3027=CYLINDRICAL_SURFACE('',#3575,0.01528);
#3028=CYLINDRICAL_SURFACE('',#3577,0.01528);
#3029=CYLINDRICAL_SURFACE('',#3587,0.0028);
#3030=CYLINDRICAL_SURFACE('',#3588,0.003);
#3031=CYLINDRICAL_SURFACE('',#3593,0.003);
#3032=CYLINDRICAL_SURFACE('',#3598,0.003);
#3033=CYLINDRICAL_SURFACE('',#3603,0.003);
#3034=CYLINDRICAL_SURFACE('',#3610,0.003);
#3035=CYLINDRICAL_SURFACE('',#3613,0.003);
#3036=CYLINDRICAL_SURFACE('',#3616,0.003);
#3037=CYLINDRICAL_SURFACE('',#3619,0.003);
#3038=CYLINDRICAL_SURFACE('',#3620,0.003);
#3039=CYLINDRICAL_SURFACE('',#3623,0.003);
#3040=CYLINDRICAL_SURFACE('',#3627,0.002);
#3041=CYLINDRICAL_SURFACE('',#3630,0.001);
#3042=CYLINDRICAL_SURFACE('',#3633,0.00100000000000002);
#3043=CYLINDRICAL_SURFACE('',#3636,0.00200000000000003);
#3044=CYLINDRICAL_SURFACE('',#3643,0.003);
#3045=CYLINDRICAL_SURFACE('',#3646,0.004);
#3046=ADVANCED_FACE('',(#2699),#2947,.F.);
#3047=ADVANCED_FACE('',(#2700),#92,.F.);
#3048=ADVANCED_FACE('',(#2701),#2948,.F.);
#3049=ADVANCED_FACE('',(#2702),#93,.F.);
#3050=ADVANCED_FACE('',(#2703),#2949,.F.);
#3051=ADVANCED_FACE('',(#2704),#94,.F.);
#3052=ADVANCED_FACE('',(#2705),#2950,.F.);
#3053=ADVANCED_FACE('',(#2706),#95,.F.);
#3054=ADVANCED_FACE('',(#2707,#2708,#2709),#14,.F.);
#3055=ADVANCED_FACE('',(#2710),#96,.F.);
#3056=ADVANCED_FACE('',(#2711),#2951,.F.);
#3057=ADVANCED_FACE('',(#2712),#97,.F.);
#3058=ADVANCED_FACE('',(#2713),#2952,.F.);
#3059=ADVANCED_FACE('',(#2714),#2953,.F.);
#3060=ADVANCED_FACE('',(#2715),#2954,.F.);
#3061=ADVANCED_FACE('',(#2716),#2955,.F.);
#3062=ADVANCED_FACE('',(#2717),#2956,.T.);
#3063=ADVANCED_FACE('',(#2718),#2957,.T.);
#3064=ADVANCED_FACE('',(#2719,#2720,#2721,#2722,#2723),#15,.T.);
#3065=ADVANCED_FACE('',(#2724),#16,.T.);
#3066=ADVANCED_FACE('',(#2725),#17,.T.);
#3067=ADVANCED_FACE('',(#2726,#2727),#2958,.F.);
#3068=ADVANCED_FACE('',(#2728,#2729),#18,.F.);
#3069=ADVANCED_FACE('',(#2730,#2731,#2732),#2959,.T.);
#3070=ADVANCED_FACE('',(#2733),#19,.F.);
#3071=ADVANCED_FACE('',(#2734),#2960,.T.);
#3072=ADVANCED_FACE('',(#2735),#2961,.F.);
#3073=ADVANCED_FACE('',(#2736),#2962,.T.);
#3074=ADVANCED_FACE('',(#2737),#2963,.F.);
#3075=ADVANCED_FACE('',(#2738),#2964,.T.);
#3076=ADVANCED_FACE('',(#2739),#2965,.F.);
#3077=ADVANCED_FACE('',(#2740),#2966,.T.);
#3078=ADVANCED_FACE('',(#2741),#2967,.F.);
#3079=ADVANCED_FACE('',(#2742),#2968,.T.);
#3080=ADVANCED_FACE('',(#2743),#2969,.F.);
#3081=ADVANCED_FACE('',(#2744),#2970,.T.);
#3082=ADVANCED_FACE('',(#2745),#2971,.F.);
#3083=ADVANCED_FACE('',(#2746),#2972,.T.);
#3084=ADVANCED_FACE('',(#2747),#2973,.F.);
#3085=ADVANCED_FACE('',(#2748),#2974,.T.);
#3086=ADVANCED_FACE('',(#2749),#2975,.F.);
#3087=ADVANCED_FACE('',(#2750),#2976,.T.);
#3088=ADVANCED_FACE('',(#2751),#2977,.F.);
#3089=ADVANCED_FACE('',(#2752),#2978,.T.);
#3090=ADVANCED_FACE('',(#2753),#2979,.F.);
#3091=ADVANCED_FACE('',(#2754),#2980,.T.);
#3092=ADVANCED_FACE('',(#2755),#2981,.F.);
#3093=ADVANCED_FACE('',(#2756),#2982,.T.);
#3094=ADVANCED_FACE('',(#2757),#2983,.F.);
#3095=ADVANCED_FACE('',(#2758),#2984,.T.);
#3096=ADVANCED_FACE('',(#2759),#20,.F.);
#3097=ADVANCED_FACE('',(#2760),#2985,.T.);
#3098=ADVANCED_FACE('',(#2761),#2986,.T.);
#3099=ADVANCED_FACE('',(#2762,#2763),#2987,.F.);
#3100=ADVANCED_FACE('',(#2764,#2765),#21,.F.);
#3101=ADVANCED_FACE('',(#2766,#2767),#2988,.F.);
#3102=ADVANCED_FACE('',(#2768,#2769),#22,.T.);
#3103=ADVANCED_FACE('',(#2770),#2989,.F.);
#3104=ADVANCED_FACE('',(#2771),#2990,.T.);
#3105=ADVANCED_FACE('',(#2772),#2991,.T.);
#3106=ADVANCED_FACE('',(#2773),#2992,.T.);
#3107=ADVANCED_FACE('',(#2774),#2993,.F.);
#3108=ADVANCED_FACE('',(#2775),#2994,.T.);
#3109=ADVANCED_FACE('',(#2776,#2777),#23,.T.);
#3110=ADVANCED_FACE('',(#2778,#2779),#2995,.F.);
#3111=ADVANCED_FACE('',(#2780,#2781),#24,.F.);
#3112=ADVANCED_FACE('',(#2782,#2783),#25,.T.);
#3113=ADVANCED_FACE('',(#2784),#26,.T.);
#3114=ADVANCED_FACE('',(#2785),#27,.F.);
#3115=ADVANCED_FACE('',(#2786),#28,.T.);
#3116=ADVANCED_FACE('',(#2787),#2996,.F.);
#3117=ADVANCED_FACE('',(#2788),#29,.T.);
#3118=ADVANCED_FACE('',(#2789),#2997,.F.);
#3119=ADVANCED_FACE('',(#2790),#30,.T.);
#3120=ADVANCED_FACE('',(#2791),#2998,.F.);
#3121=ADVANCED_FACE('',(#2792),#31,.T.);
#3122=ADVANCED_FACE('',(#2793),#2999,.F.);
#3123=ADVANCED_FACE('',(#2794),#32,.T.);
#3124=ADVANCED_FACE('',(#2795),#3000,.F.);
#3125=ADVANCED_FACE('',(#2796),#33,.T.);
#3126=ADVANCED_FACE('',(#2797),#3001,.F.);
#3127=ADVANCED_FACE('',(#2798),#34,.T.);
#3128=ADVANCED_FACE('',(#2799),#3002,.F.);
#3129=ADVANCED_FACE('',(#2800),#35,.T.);
#3130=ADVANCED_FACE('',(#2801),#3003,.F.);
#3131=ADVANCED_FACE('',(#2802),#36,.T.);
#3132=ADVANCED_FACE('',(#2803),#3004,.F.);
#3133=ADVANCED_FACE('',(#2804),#37,.T.);
#3134=ADVANCED_FACE('',(#2805),#3005,.F.);
#3135=ADVANCED_FACE('',(#2806),#38,.T.);
#3136=ADVANCED_FACE('',(#2807),#3006,.F.);
#3137=ADVANCED_FACE('',(#2808),#39,.T.);
#3138=ADVANCED_FACE('',(#2809),#3007,.F.);
#3139=ADVANCED_FACE('',(#2810),#40,.T.);
#3140=ADVANCED_FACE('',(#2811),#41,.T.);
#3141=ADVANCED_FACE('',(#2812),#42,.T.);
#3142=ADVANCED_FACE('',(#2813),#43,.T.);
#3143=ADVANCED_FACE('',(#2814),#44,.T.);
#3144=ADVANCED_FACE('',(#2815),#45,.T.);
#3145=ADVANCED_FACE('',(#2816),#46,.T.);
#3146=ADVANCED_FACE('',(#2817),#47,.T.);
#3147=ADVANCED_FACE('',(#2818),#48,.F.);
#3148=ADVANCED_FACE('',(#2819),#49,.F.);
#3149=ADVANCED_FACE('',(#2820),#50,.T.);
#3150=ADVANCED_FACE('',(#2821),#51,.F.);
#3151=ADVANCED_FACE('',(#2822),#52,.F.);
#3152=ADVANCED_FACE('',(#2823),#53,.T.);
#3153=ADVANCED_FACE('',(#2824),#3008,.T.);
#3154=ADVANCED_FACE('',(#2825),#54,.F.);
#3155=ADVANCED_FACE('',(#2826),#3009,.T.);
#3156=ADVANCED_FACE('',(#2827),#55,.F.);
#3157=ADVANCED_FACE('',(#2828),#3010,.T.);
#3158=ADVANCED_FACE('',(#2829),#56,.T.);
#3159=ADVANCED_FACE('',(#2830),#3011,.T.);
#3160=ADVANCED_FACE('',(#2831),#57,.F.);
#3161=ADVANCED_FACE('',(#2832),#58,.T.);
#3162=ADVANCED_FACE('',(#2833),#59,.F.);
#3163=ADVANCED_FACE('',(#2834),#60,.T.);
#3164=ADVANCED_FACE('',(#2835),#61,.T.);
#3165=ADVANCED_FACE('',(#2836),#62,.T.);
#3166=ADVANCED_FACE('',(#2837,#2838,#2839),#63,.T.);
#3167=ADVANCED_FACE('',(#2840,#2841),#3012,.F.);
#3168=ADVANCED_FACE('',(#2842,#2843),#3013,.F.);
#3169=ADVANCED_FACE('',(#2844,#2845),#3014,.F.);
#3170=ADVANCED_FACE('',(#2846,#2847),#3015,.F.);
#3171=ADVANCED_FACE('',(#2848,#2849),#3016,.F.);
#3172=ADVANCED_FACE('',(#2850,#2851),#3017,.F.);
#3173=ADVANCED_FACE('',(#2852,#2853),#3018,.T.);
#3174=ADVANCED_FACE('',(#2854,#2855),#3019,.F.);
#3175=ADVANCED_FACE('',(#2856,#2857),#3020,.F.);
#3176=ADVANCED_FACE('',(#2858,#2859),#3021,.F.);
#3177=ADVANCED_FACE('',(#2860,#2861),#3022,.F.);
#3178=ADVANCED_FACE('',(#2862,#2863,#2864),#64,.T.);
#3179=ADVANCED_FACE('',(#2865,#2866,#2867,#2868,#2869,#2870,#2871,#2872,
#2873,#2874,#2875,#2876),#65,.F.);
#3180=ADVANCED_FACE('',(#2877),#3023,.F.);
#3181=ADVANCED_FACE('',(#2878),#3024,.F.);
#3182=ADVANCED_FACE('',(#2879),#3025,.F.);
#3183=ADVANCED_FACE('',(#2880),#3026,.F.);
#3184=ADVANCED_FACE('',(#2881),#3027,.F.);
#3185=ADVANCED_FACE('',(#2882),#3028,.F.);
#3186=ADVANCED_FACE('',(#2883,#2884),#66,.T.);
#3187=ADVANCED_FACE('',(#2885,#2886),#3029,.F.);
#3188=ADVANCED_FACE('',(#2887,#2888),#3030,.F.);
#3189=ADVANCED_FACE('',(#2889,#2890),#67,.T.);
#3190=ADVANCED_FACE('',(#2891,#2892),#3031,.F.);
#3191=ADVANCED_FACE('',(#2893,#2894),#68,.T.);
#3192=ADVANCED_FACE('',(#2895,#2896),#3032,.F.);
#3193=ADVANCED_FACE('',(#2897,#2898),#69,.T.);
#3194=ADVANCED_FACE('',(#2899,#2900),#3033,.F.);
#3195=ADVANCED_FACE('',(#2901,#2902),#70,.T.);
#3196=ADVANCED_FACE('',(#2903,#2904),#71,.T.);
#3197=ADVANCED_FACE('',(#2905,#2906),#3034,.F.);
#3198=ADVANCED_FACE('',(#2907,#2908),#72,.T.);
#3199=ADVANCED_FACE('',(#2909,#2910),#3035,.F.);
#3200=ADVANCED_FACE('',(#2911,#2912),#73,.T.);
#3201=ADVANCED_FACE('',(#2913,#2914),#3036,.F.);
#3202=ADVANCED_FACE('',(#2915,#2916),#74,.T.);
#3203=ADVANCED_FACE('',(#2917,#2918),#3037,.F.);
#3204=ADVANCED_FACE('',(#2919,#2920),#3038,.F.);
#3205=ADVANCED_FACE('',(#2921,#2922),#75,.T.);
#3206=ADVANCED_FACE('',(#2923,#2924),#3039,.F.);
#3207=ADVANCED_FACE('',(#2925,#2926),#76,.T.);
#3208=ADVANCED_FACE('',(#2927),#77,.T.);
#3209=ADVANCED_FACE('',(#2928),#3040,.T.);
#3210=ADVANCED_FACE('',(#2929),#78,.F.);
#3211=ADVANCED_FACE('',(#2930),#3041,.T.);
#3212=ADVANCED_FACE('',(#2931),#79,.F.);
#3213=ADVANCED_FACE('',(#2932),#3042,.T.);
#3214=ADVANCED_FACE('',(#2933),#80,.T.);
#3215=ADVANCED_FACE('',(#2934),#3043,.T.);
#3216=ADVANCED_FACE('',(#2935),#81,.T.);
#3217=ADVANCED_FACE('',(#2936),#82,.T.);
#3218=ADVANCED_FACE('',(#2937),#83,.F.);
#3219=ADVANCED_FACE('',(#2938),#84,.T.);
#3220=ADVANCED_FACE('',(#2939),#85,.T.);
#3221=ADVANCED_FACE('',(#2940,#2941),#3044,.F.);
#3222=ADVANCED_FACE('',(#2942,#2943),#3045,.T.);
#3223=ADVANCED_FACE('',(#2944,#2945),#86,.T.);
#3224=ADVANCED_FACE('',(#2946),#87,.T.);
#3225=CLOSED_SHELL('',(#3046,#3047,#3048,#3049,#3050,#3051,#3052,#3053,
#3054,#3055,#3056,#3057,#3058,#3059,#3060,#3061,#3062,#3063,#3064,#3065,
#3066,#3067,#3068,#3069,#3070,#3071,#3072,#3073,#3074,#3075,#3076,#3077,
#3078,#3079,#3080,#3081,#3082,#3083,#3084,#3085,#3086,#3087,#3088,#3089,
#3090,#3091,#3092,#3093,#3094,#3095,#3096,#3097,#3098,#3099,#3100,#3101,
#3102,#3103,#3104,#3105,#3106,#3107,#3108,#3109,#3110,#3111,#3112,#3113,
#3114,#3115,#3116,#3117,#3118,#3119,#3120,#3121,#3122,#3123,#3124,#3125,
#3126,#3127,#3128,#3129,#3130,#3131,#3132,#3133,#3134,#3135,#3136,#3137,
#3138,#3139,#3140,#3141,#3142,#3143,#3144,#3145,#3146,#3147,#3148,#3149,
#3150,#3151,#3152,#3153,#3154,#3155,#3156,#3157,#3158,#3159,#3160,#3161,
#3162,#3163,#3164,#3165,#3166,#3167,#3168,#3169,#3170,#3171,#3172,#3173,
#3174,#3175,#3176,#3177,#3178,#3179,#3180,#3181,#3182,#3183,#3184,#3185,
#3186,#3187,#3188,#3189,#3190,#3191,#3192,#3193,#3194,#3195,#3196,#3197,
#3198,#3199,#3200,#3201,#3202,#3203,#3204,#3205,#3206,#3207,#3208,#3209,
#3210,#3211,#3212,#3213,#3214,#3215,#3216,#3217,#3218,#3219,#3220,#3221,
#3222,#3223,#3224));
#3226=STYLED_ITEM('',(#3227),#3234);
#3227=PRESENTATION_STYLE_ASSIGNMENT((#3228));
#3228=SURFACE_STYLE_USAGE(.BOTH.,#3229);
#3229=SURFACE_SIDE_STYLE('',(#3230));
#3230=SURFACE_STYLE_FILL_AREA(#3231);
#3231=FILL_AREA_STYLE('',(#3232));
#3232=FILL_AREA_STYLE_COLOUR('',#3233);
#3233=COLOUR_RGB('',0.129411764705882,0.125490196078431,0.125490196078431);
#3234=MANIFOLD_SOLID_BREP('output shell + arm',#3225);
#3235=SHAPE_DEFINITION_REPRESENTATION(#5662,#3236);
#3236=SHAPE_REPRESENTATION('output shell + arm',(#3237),#5657);
#3237=AXIS2_PLACEMENT_3D('',#4696,#3650,#3651);
#3238=AXIS2_PLACEMENT_3D('',#4697,#3652,#3653);
#3239=AXIS2_PLACEMENT_3D('',#4698,#3654,#3655);
#3240=AXIS2_PLACEMENT_3D('',#4703,#3657,#3658);
#3241=AXIS2_PLACEMENT_3D('',#4706,#3660,#3661);
#3242=AXIS2_PLACEMENT_3D('',#4707,#3662,#3663);
#3243=AXIS2_PLACEMENT_3D('',#4709,#3664,#3665);
#3244=AXIS2_PLACEMENT_3D('',#4716,#3666,#3667);
#3245=AXIS2_PLACEMENT_3D('',#4717,#3668,#3669);
#3246=AXIS2_PLACEMENT_3D('',#4720,#3671,#3672);
#3247=AXIS2_PLACEMENT_3D('',#4723,#3674,#3675);
#3248=AXIS2_PLACEMENT_3D('',#4724,#3676,#3677);
#3249=AXIS2_PLACEMENT_3D('',#4726,#3678,#3679);
#3250=AXIS2_PLACEMENT_3D('',#4728,#3680,#3681);
#3251=AXIS2_PLACEMENT_3D('',#4734,#3682,#3683);
#3252=AXIS2_PLACEMENT_3D('',#4737,#3685,#3686);
#3253=AXIS2_PLACEMENT_3D('',#4740,#3688,#3689);
#3254=AXIS2_PLACEMENT_3D('',#4741,#3690,#3691);
#3255=AXIS2_PLACEMENT_3D('',#4743,#3692,#3693);
#3256=AXIS2_PLACEMENT_3D('',#4750,#3694,#3695);
#3257=AXIS2_PLACEMENT_3D('',#4751,#3696,#3697);
#3258=AXIS2_PLACEMENT_3D('',#4754,#3699,#3700);
#3259=AXIS2_PLACEMENT_3D('',#4764,#3703,#3704);
#3260=AXIS2_PLACEMENT_3D('',#4765,#3705,#3706);
#3261=AXIS2_PLACEMENT_3D('',#4766,#3707,#3708);
#3262=AXIS2_PLACEMENT_3D('',#4767,#3709,#3710);
#3263=AXIS2_PLACEMENT_3D('',#4771,#3712,#3713);
#3264=AXIS2_PLACEMENT_3D('',#4775,#3715,#3716);
#3265=AXIS2_PLACEMENT_3D('',#4779,#3718,#3719);
#3266=AXIS2_PLACEMENT_3D('',#4783,#3721,#3722);
#3267=AXIS2_PLACEMENT_3D('',#4784,#3723,#3724);
#3268=AXIS2_PLACEMENT_3D('',#4787,#3725,#3726);
#3269=AXIS2_PLACEMENT_3D('',#4791,#3728,#3729);
#3270=AXIS2_PLACEMENT_3D('',#4795,#3731,#3732);
#3271=AXIS2_PLACEMENT_3D('',#4798,#3734,#3735);
#3272=AXIS2_PLACEMENT_3D('',#4802,#3737,#3738);
#3273=AXIS2_PLACEMENT_3D('',#4806,#3740,#3741);
#3274=AXIS2_PLACEMENT_3D('',#4810,#3743,#3744);
#3275=AXIS2_PLACEMENT_3D('',#4813,#3746,#3747);
#3276=AXIS2_PLACEMENT_3D('',#4817,#3749,#3750);
#3277=AXIS2_PLACEMENT_3D('',#4821,#3752,#3753);
#3278=AXIS2_PLACEMENT_3D('',#4825,#3755,#3756);
#3279=AXIS2_PLACEMENT_3D('',#4828,#3758,#3759);
#3280=AXIS2_PLACEMENT_3D('',#4829,#3760,#3761);
#3281=AXIS2_PLACEMENT_3D('',#4832,#3762,#3763);
#3282=AXIS2_PLACEMENT_3D('',#4834,#3764,#3765);
#3283=AXIS2_PLACEMENT_3D('',#4836,#3766,#3767);
#3284=AXIS2_PLACEMENT_3D('',#4837,#3768,#3769);
#3285=AXIS2_PLACEMENT_3D('',#4840,#3771,#3772);
#3286=AXIS2_PLACEMENT_3D('',#4843,#3774,#3775);
#3287=AXIS2_PLACEMENT_3D('',#4844,#3776,#3777);
#3288=AXIS2_PLACEMENT_3D('',#4846,#3778,#3779);
#3289=AXIS2_PLACEMENT_3D('',#4848,#3780,#3781);
#3290=AXIS2_PLACEMENT_3D('',#4849,#3782,#3783);
#3291=AXIS2_PLACEMENT_3D('',#4852,#3785,#3786);
#3292=AXIS2_PLACEMENT_3D('',#4855,#3788,#3789);
#3293=AXIS2_PLACEMENT_3D('',#4860,#3792,#3793);
#3294=AXIS2_PLACEMENT_3D('',#4861,#3794,#3795);
#3295=AXIS2_PLACEMENT_3D('',#4866,#3798,#3799);
#3296=AXIS2_PLACEMENT_3D('',#4867,#3800,#3801);
#3297=AXIS2_PLACEMENT_3D('',#4872,#3804,#3805);
#3298=AXIS2_PLACEMENT_3D('',#4873,#3806,#3807);
#3299=AXIS2_PLACEMENT_3D('',#4876,#3809,#3810);
#3300=AXIS2_PLACEMENT_3D('',#4880,#3812,#3813);
#3301=AXIS2_PLACEMENT_3D('',#4881,#3814,#3815);
#3302=AXIS2_PLACEMENT_3D('',#4885,#3817,#3818);
#3303=AXIS2_PLACEMENT_3D('',#4888,#3820,#3821);
#3304=AXIS2_PLACEMENT_3D('',#4889,#3822,#3823);
#3305=AXIS2_PLACEMENT_3D('',#4890,#3824,#3825);
#3306=AXIS2_PLACEMENT_3D('',#4896,#3829,#3830);
#3307=AXIS2_PLACEMENT_3D('',#4899,#3832,#3833);
#3308=AXIS2_PLACEMENT_3D('',#4904,#3835,#3836);
#3309=AXIS2_PLACEMENT_3D('',#4908,#3838,#3839);
#3310=AXIS2_PLACEMENT_3D('',#4912,#3841,#3842);
#3311=AXIS2_PLACEMENT_3D('',#4915,#3844,#3845);
#3312=AXIS2_PLACEMENT_3D('',#4920,#3847,#3848);
#3313=AXIS2_PLACEMENT_3D('',#4924,#3850,#3851);
#3314=AXIS2_PLACEMENT_3D('',#4928,#3853,#3854);
#3315=AXIS2_PLACEMENT_3D('',#4931,#3856,#3857);
#3316=AXIS2_PLACEMENT_3D('',#4936,#3859,#3860);
#3317=AXIS2_PLACEMENT_3D('',#4940,#3862,#3863);
#3318=AXIS2_PLACEMENT_3D('',#4944,#3865,#3866);
#3319=AXIS2_PLACEMENT_3D('',#4947,#3868,#3869);
#3320=AXIS2_PLACEMENT_3D('',#4949,#3871,#3872);
#3321=AXIS2_PLACEMENT_3D('',#4951,#3874,#3875);
#3322=AXIS2_PLACEMENT_3D('',#4952,#3876,#3877);
#3323=AXIS2_PLACEMENT_3D('',#4954,#3878,#3879);
#3324=AXIS2_PLACEMENT_3D('',#4956,#3880,#3881);
#3325=AXIS2_PLACEMENT_3D('',#4957,#3882,#3883);
#3326=AXIS2_PLACEMENT_3D('',#4960,#3884,#3885);
#3327=AXIS2_PLACEMENT_3D('',#4962,#3886,#3887);
#3328=AXIS2_PLACEMENT_3D('',#4964,#3888,#3889);
#3329=AXIS2_PLACEMENT_3D('',#4966,#3890,#3891);
#3330=AXIS2_PLACEMENT_3D('',#4968,#3892,#3893);
#3331=AXIS2_PLACEMENT_3D('',#4972,#3895,#3896);
#3332=AXIS2_PLACEMENT_3D('',#4974,#3897,#3898);
#3333=AXIS2_PLACEMENT_3D('',#4976,#3899,#3900);
#3334=AXIS2_PLACEMENT_3D('',#4978,#3901,#3902);
#3335=AXIS2_PLACEMENT_3D('',#4980,#3903,#3904);
#3336=AXIS2_PLACEMENT_3D('',#4982,#3905,#3906);
#3337=AXIS2_PLACEMENT_3D('',#4984,#3907,#3908);
#3338=AXIS2_PLACEMENT_3D('',#4986,#3909,#3910);
#3339=AXIS2_PLACEMENT_3D('',#4988,#3911,#3912);
#3340=AXIS2_PLACEMENT_3D('',#4990,#3913,#3914);
#3341=AXIS2_PLACEMENT_3D('',#4992,#3915,#3916);
#3342=AXIS2_PLACEMENT_3D('',#4994,#3917,#3918);
#3343=AXIS2_PLACEMENT_3D('',#4996,#3919,#3920);
#3344=AXIS2_PLACEMENT_3D('',#4998,#3921,#3922);
#3345=AXIS2_PLACEMENT_3D('',#5000,#3923,#3924);
#3346=AXIS2_PLACEMENT_3D('',#5002,#3925,#3926);
#3347=AXIS2_PLACEMENT_3D('',#5004,#3927,#3928);
#3348=AXIS2_PLACEMENT_3D('',#5006,#3929,#3930);
#3349=AXIS2_PLACEMENT_3D('',#5008,#3931,#3932);
#3350=AXIS2_PLACEMENT_3D('',#5010,#3933,#3934);
#3351=AXIS2_PLACEMENT_3D('',#5012,#3935,#3936);
#3352=AXIS2_PLACEMENT_3D('',#5014,#3937,#3938);
#3353=AXIS2_PLACEMENT_3D('',#5016,#3939,#3940);
#3354=AXIS2_PLACEMENT_3D('',#5018,#3941,#3942);
#3355=AXIS2_PLACEMENT_3D('',#5020,#3943,#3944);
#3356=AXIS2_PLACEMENT_3D('',#5024,#3946,#3947);
#3357=AXIS2_PLACEMENT_3D('',#5026,#3948,#3949);
#3358=AXIS2_PLACEMENT_3D('',#5027,#3950,#3951);
#3359=AXIS2_PLACEMENT_3D('',#5029,#3952,#3953);
#3360=AXIS2_PLACEMENT_3D('',#5032,#3956,#3957);
#3361=AXIS2_PLACEMENT_3D('',#5034,#3958,#3959);
#3362=AXIS2_PLACEMENT_3D('',#5036,#3960,#3961);
#3363=AXIS2_PLACEMENT_3D('',#5042,#3965,#3966);
#3364=AXIS2_PLACEMENT_3D('',#5045,#3968,#3969);
#3365=AXIS2_PLACEMENT_3D('',#5046,#3970,#3971);
#3366=AXIS2_PLACEMENT_3D('',#5049,#3973,#3974);
#3367=AXIS2_PLACEMENT_3D('',#5050,#3975,#3976);
#3368=AXIS2_PLACEMENT_3D('',#5053,#3978,#3979);
#3369=AXIS2_PLACEMENT_3D('',#5054,#3980,#3981);
#3370=AXIS2_PLACEMENT_3D('',#5057,#3983,#3984);
#3371=AXIS2_PLACEMENT_3D('',#5058,#3985,#3986);
#3372=AXIS2_PLACEMENT_3D('',#5061,#3988,#3989);
#3373=AXIS2_PLACEMENT_3D('',#5062,#3990,#3991);
#3374=AXIS2_PLACEMENT_3D('',#5065,#3993,#3994);
#3375=AXIS2_PLACEMENT_3D('',#5066,#3995,#3996);
#3376=AXIS2_PLACEMENT_3D('',#5069,#3998,#3999);
#3377=AXIS2_PLACEMENT_3D('',#5070,#4000,#4001);
#3378=AXIS2_PLACEMENT_3D('',#5073,#4003,#4004);
#3379=AXIS2_PLACEMENT_3D('',#5074,#4005,#4006);
#3380=AXIS2_PLACEMENT_3D('',#5077,#4008,#4009);
#3381=AXIS2_PLACEMENT_3D('',#5078,#4010,#4011);
#3382=AXIS2_PLACEMENT_3D('',#5081,#4013,#4014);
#3383=AXIS2_PLACEMENT_3D('',#5082,#4015,#4016);
#3384=AXIS2_PLACEMENT_3D('',#5085,#4018,#4019);
#3385=AXIS2_PLACEMENT_3D('',#5086,#4020,#4021);
#3386=AXIS2_PLACEMENT_3D('',#5089,#4023,#4024);
#3387=AXIS2_PLACEMENT_3D('',#5090,#4025,#4026);
#3388=AXIS2_PLACEMENT_3D('',#5093,#4028,#4029);
#3389=AXIS2_PLACEMENT_3D('',#5094,#4030,#4031);
#3390=AXIS2_PLACEMENT_3D('',#5097,#4033,#4034);
#3391=AXIS2_PLACEMENT_3D('',#5098,#4035,#4036);
#3392=AXIS2_PLACEMENT_3D('',#5101,#4038,#4039);
#3393=AXIS2_PLACEMENT_3D('',#5102,#4040,#4041);
#3394=AXIS2_PLACEMENT_3D('',#5105,#4043,#4044);
#3395=AXIS2_PLACEMENT_3D('',#5106,#4045,#4046);
#3396=AXIS2_PLACEMENT_3D('',#5109,#4048,#4049);
#3397=AXIS2_PLACEMENT_3D('',#5110,#4050,#4051);
#3398=AXIS2_PLACEMENT_3D('',#5113,#4053,#4054);
#3399=AXIS2_PLACEMENT_3D('',#5114,#4055,#4056);
#3400=AXIS2_PLACEMENT_3D('',#5117,#4058,#4059);
#3401=AXIS2_PLACEMENT_3D('',#5118,#4060,#4061);
#3402=AXIS2_PLACEMENT_3D('',#5121,#4063,#4064);
#3403=AXIS2_PLACEMENT_3D('',#5122,#4065,#4066);
#3404=AXIS2_PLACEMENT_3D('',#5125,#4068,#4069);
#3405=AXIS2_PLACEMENT_3D('',#5126,#4070,#4071);
#3406=AXIS2_PLACEMENT_3D('',#5129,#4073,#4074);
#3407=AXIS2_PLACEMENT_3D('',#5130,#4075,#4076);
#3408=AXIS2_PLACEMENT_3D('',#5133,#4078,#4079);
#3409=AXIS2_PLACEMENT_3D('',#5134,#4080,#4081);
#3410=AXIS2_PLACEMENT_3D('',#5137,#4083,#4084);
#3411=AXIS2_PLACEMENT_3D('',#5138,#4085,#4086);
#3412=AXIS2_PLACEMENT_3D('',#5141,#4088,#4089);
#3413=AXIS2_PLACEMENT_3D('',#5142,#4090,#4091);
#3414=AXIS2_PLACEMENT_3D('',#5146,#4094,#4095);
#3415=AXIS2_PLACEMENT_3D('',#5149,#4097,#4098);
#3416=AXIS2_PLACEMENT_3D('',#5152,#4100,#4101);
#3417=AXIS2_PLACEMENT_3D('',#5155,#4103,#4104);
#3418=AXIS2_PLACEMENT_3D('',#5156,#4105,#4106);
#3419=AXIS2_PLACEMENT_3D('',#5157,#4107,#4108);
#3420=AXIS2_PLACEMENT_3D('',#5159,#4109,#4110);
#3421=AXIS2_PLACEMENT_3D('',#5161,#4111,#4112);
#3422=AXIS2_PLACEMENT_3D('',#5162,#4113,#4114);
#3423=AXIS2_PLACEMENT_3D('',#5163,#4115,#4116);
#3424=AXIS2_PLACEMENT_3D('',#5165,#4117,#4118);
#3425=AXIS2_PLACEMENT_3D('',#5167,#4119,#4120);
#3426=AXIS2_PLACEMENT_3D('',#5168,#4121,#4122);
#3427=AXIS2_PLACEMENT_3D('',#5171,#4124,#4125);
#3428=AXIS2_PLACEMENT_3D('',#5174,#4127,#4128);
#3429=AXIS2_PLACEMENT_3D('',#5175,#4129,#4130);
#3430=AXIS2_PLACEMENT_3D('',#5176,#4131,#4132);
#3431=AXIS2_PLACEMENT_3D('',#5177,#4133,#4134);
#3432=AXIS2_PLACEMENT_3D('',#5178,#4135,#4136);
#3433=AXIS2_PLACEMENT_3D('',#5179,#4137,#4138);
#3434=AXIS2_PLACEMENT_3D('',#5182,#4140,#4141);
#3435=AXIS2_PLACEMENT_3D('',#5183,#4142,#4143);
#3436=AXIS2_PLACEMENT_3D('',#5186,#4145,#4146);
#3437=AXIS2_PLACEMENT_3D('',#5187,#4147,#4148);
#3438=AXIS2_PLACEMENT_3D('',#5188,#4149,#4150);
#3439=AXIS2_PLACEMENT_3D('',#5189,#4151,#4152);
#3440=AXIS2_PLACEMENT_3D('',#5190,#4153,#4154);
#3441=AXIS2_PLACEMENT_3D('',#5192,#4155,#4156);
#3442=AXIS2_PLACEMENT_3D('',#5193,#4157,#4158);
#3443=AXIS2_PLACEMENT_3D('',#5194,#4159,#4160);
#3444=AXIS2_PLACEMENT_3D('',#5195,#4161,#4162);
#3445=AXIS2_PLACEMENT_3D('',#5196,#4163,#4164);
#3446=AXIS2_PLACEMENT_3D('',#5199,#4167,#4168);
#3447=AXIS2_PLACEMENT_3D('',#5201,#4170,#4171);
#3448=AXIS2_PLACEMENT_3D('',#5203,#4173,#4174);
#3449=AXIS2_PLACEMENT_3D('',#5205,#4176,#4177);
#3450=AXIS2_PLACEMENT_3D('',#5207,#4179,#4180);
#3451=AXIS2_PLACEMENT_3D('',#5209,#4182,#4183);
#3452=AXIS2_PLACEMENT_3D('',#5211,#4185,#4186);
#3453=AXIS2_PLACEMENT_3D('',#5212,#4187,#4188);
#3454=AXIS2_PLACEMENT_3D('',#5215,#4191,#4192);
#3455=AXIS2_PLACEMENT_3D('',#5217,#4194,#4195);
#3456=AXIS2_PLACEMENT_3D('',#5219,#4197,#4198);
#3457=AXIS2_PLACEMENT_3D('',#5221,#4200,#4201);
#3458=AXIS2_PLACEMENT_3D('',#5223,#4203,#4204);
#3459=AXIS2_PLACEMENT_3D('',#5225,#4206,#4207);
#3460=AXIS2_PLACEMENT_3D('',#5227,#4209,#4210);
#3461=AXIS2_PLACEMENT_3D('',#5228,#4211,#4212);
#3462=AXIS2_PLACEMENT_3D('',#5231,#4215,#4216);
#3463=AXIS2_PLACEMENT_3D('',#5233,#4218,#4219);
#3464=AXIS2_PLACEMENT_3D('',#5235,#4221,#4222);
#3465=AXIS2_PLACEMENT_3D('',#5237,#4224,#4225);
#3466=AXIS2_PLACEMENT_3D('',#5239,#4227,#4228);
#3467=AXIS2_PLACEMENT_3D('',#5241,#4230,#4231);
#3468=AXIS2_PLACEMENT_3D('',#5243,#4233,#4234);
#3469=AXIS2_PLACEMENT_3D('',#5244,#4235,#4236);
#3470=AXIS2_PLACEMENT_3D('',#5247,#4238,#4239);
#3471=AXIS2_PLACEMENT_3D('',#5249,#4240,#4241);
#3472=AXIS2_PLACEMENT_3D('',#5250,#4242,#4243);
#3473=AXIS2_PLACEMENT_3D('',#5251,#4244,#4245);
#3474=AXIS2_PLACEMENT_3D('',#5255,#4247,#4248);
#3475=AXIS2_PLACEMENT_3D('',#5256,#4249,#4250);
#3476=AXIS2_PLACEMENT_3D('',#5260,#4252,#4253);
#3477=AXIS2_PLACEMENT_3D('',#5261,#4254,#4255);
#3478=AXIS2_PLACEMENT_3D('',#5263,#4256,#4257);
#3479=AXIS2_PLACEMENT_3D('',#5264,#4258,#4259);
#3480=AXIS2_PLACEMENT_3D('',#5265,#4260,#4261);
#3481=AXIS2_PLACEMENT_3D('',#5268,#4262,#4263);
#3482=AXIS2_PLACEMENT_3D('',#5269,#4264,#4265);
#3483=AXIS2_PLACEMENT_3D('',#5287,#4275,#4276);
#3484=AXIS2_PLACEMENT_3D('',#5293,#4280,#4281);
#3485=AXIS2_PLACEMENT_3D('',#5299,#4285,#4286);
#3486=AXIS2_PLACEMENT_3D('',#5305,#4290,#4291);
#3487=AXIS2_PLACEMENT_3D('',#5312,#4296,#4297);
#3488=AXIS2_PLACEMENT_3D('',#5318,#4301,#4302);
#3489=AXIS2_PLACEMENT_3D('',#5324,#4306,#4307);
#3490=AXIS2_PLACEMENT_3D('',#5327,#4310,#4311);
#3491=AXIS2_PLACEMENT_3D('',#5333,#4315,#4316);
#3492=AXIS2_PLACEMENT_3D('',#5336,#4318,#4319);
#3493=AXIS2_PLACEMENT_3D('',#5337,#4320,#4321);
#3494=AXIS2_PLACEMENT_3D('',#5341,#4324,#4325);
#3495=AXIS2_PLACEMENT_3D('',#5344,#4327,#4328);
#3496=AXIS2_PLACEMENT_3D('',#5345,#4329,#4330);
#3497=AXIS2_PLACEMENT_3D('',#5359,#4338,#4339);
#3498=AXIS2_PLACEMENT_3D('',#5360,#4340,#4341);
#3499=AXIS2_PLACEMENT_3D('',#5361,#4342,#4343);
#3500=AXIS2_PLACEMENT_3D('',#5365,#4345,#4346);
#3501=AXIS2_PLACEMENT_3D('',#5366,#4347,#4348);
#3502=AXIS2_PLACEMENT_3D('',#5372,#4352,#4353);
#3503=AXIS2_PLACEMENT_3D('',#5373,#4354,#4355);
#3504=AXIS2_PLACEMENT_3D('',#5374,#4356,#4357);
#3505=AXIS2_PLACEMENT_3D('',#5375,#4358,#4359);
#3506=AXIS2_PLACEMENT_3D('',#5378,#4362,#4363);
#3507=AXIS2_PLACEMENT_3D('',#5380,#4365,#4366);
#3508=AXIS2_PLACEMENT_3D('',#5382,#4368,#4369);
#3509=AXIS2_PLACEMENT_3D('',#5383,#4370,#4371);
#3510=AXIS2_PLACEMENT_3D('',#5384,#4372,#4373);
#3511=AXIS2_PLACEMENT_3D('',#5385,#4374,#4375);
#3512=AXIS2_PLACEMENT_3D('',#5386,#4376,#4377);
#3513=AXIS2_PLACEMENT_3D('',#5387,#4378,#4379);
#3514=AXIS2_PLACEMENT_3D('',#5388,#4380,#4381);
#3515=AXIS2_PLACEMENT_3D('',#5390,#4382,#4383);
#3516=AXIS2_PLACEMENT_3D('',#5392,#4384,#4385);
#3517=AXIS2_PLACEMENT_3D('',#5394,#4386,#4387);
#3518=AXIS2_PLACEMENT_3D('',#5396,#4388,#4389);
#3519=AXIS2_PLACEMENT_3D('',#5398,#4390,#4391);
#3520=AXIS2_PLACEMENT_3D('',#5400,#4392,#4393);
#3521=AXIS2_PLACEMENT_3D('',#5402,#4394,#4395);
#3522=AXIS2_PLACEMENT_3D('',#5404,#4396,#4397);
#3523=AXIS2_PLACEMENT_3D('',#5405,#4398,#4399);
#3524=AXIS2_PLACEMENT_3D('',#5406,#4400,#4401);
#3525=AXIS2_PLACEMENT_3D('',#5408,#4402,#4403);
#3526=AXIS2_PLACEMENT_3D('',#5410,#4404,#4405);
#3527=AXIS2_PLACEMENT_3D('',#5411,#4406,#4407);
#3528=AXIS2_PLACEMENT_3D('',#5413,#4408,#4409);
#3529=AXIS2_PLACEMENT_3D('',#5415,#4410,#4411);
#3530=AXIS2_PLACEMENT_3D('',#5416,#4412,#4413);
#3531=AXIS2_PLACEMENT_3D('',#5418,#4414,#4415);
#3532=AXIS2_PLACEMENT_3D('',#5420,#4416,#4417);
#3533=AXIS2_PLACEMENT_3D('',#5421,#4418,#4419);
#3534=AXIS2_PLACEMENT_3D('',#5423,#4420,#4421);
#3535=AXIS2_PLACEMENT_3D('',#5425,#4422,#4423);
#3536=AXIS2_PLACEMENT_3D('',#5426,#4424,#4425);
#3537=AXIS2_PLACEMENT_3D('',#5428,#4426,#4427);
#3538=AXIS2_PLACEMENT_3D('',#5430,#4428,#4429);
#3539=AXIS2_PLACEMENT_3D('',#5431,#4430,#4431);
#3540=AXIS2_PLACEMENT_3D('',#5433,#4432,#4433);
#3541=AXIS2_PLACEMENT_3D('',#5435,#4434,#4435);
#3542=AXIS2_PLACEMENT_3D('',#5436,#4436,#4437);
#3543=AXIS2_PLACEMENT_3D('',#5438,#4438,#4439);
#3544=AXIS2_PLACEMENT_3D('',#5439,#4440,#4441);
#3545=AXIS2_PLACEMENT_3D('',#5441,#4442,#4443);
#3546=AXIS2_PLACEMENT_3D('',#5442,#4444,#4445);
#3547=AXIS2_PLACEMENT_3D('',#5444,#4446,#4447);
#3548=AXIS2_PLACEMENT_3D('',#5445,#4448,#4449);
#3549=AXIS2_PLACEMENT_3D('',#5447,#4450,#4451);
#3550=AXIS2_PLACEMENT_3D('',#5449,#4452,#4453);
#3551=AXIS2_PLACEMENT_3D('',#5450,#4454,#4455);
#3552=AXIS2_PLACEMENT_3D('',#5452,#4456,#4457);
#3553=AXIS2_PLACEMENT_3D('',#5454,#4458,#4459);
#3554=AXIS2_PLACEMENT_3D('',#5455,#4460,#4461);
#3555=AXIS2_PLACEMENT_3D('',#5457,#4462,#4463);
#3556=AXIS2_PLACEMENT_3D('',#5459,#4464,#4465);
#3557=AXIS2_PLACEMENT_3D('',#5461,#4466,#4467);
#3558=AXIS2_PLACEMENT_3D('',#5463,#4468,#4469);
#3559=AXIS2_PLACEMENT_3D('',#5465,#4470,#4471);
#3560=AXIS2_PLACEMENT_3D('',#5467,#4472,#4473);
#3561=AXIS2_PLACEMENT_3D('',#5468,#4474,#4475);
#3562=AXIS2_PLACEMENT_3D('',#5469,#4476,#4477);
#3563=AXIS2_PLACEMENT_3D('',#5471,#4478,#4479);
#3564=AXIS2_PLACEMENT_3D('',#5473,#4480,#4481);
#3565=AXIS2_PLACEMENT_3D('',#5475,#4482,#4483);
#3566=AXIS2_PLACEMENT_3D('',#5477,#4484,#4485);
#3567=AXIS2_PLACEMENT_3D('',#5479,#4486,#4487);
#3568=AXIS2_PLACEMENT_3D('',#5482,#4489,#4490);
#3569=AXIS2_PLACEMENT_3D('',#5485,#4492,#4493);
#3570=AXIS2_PLACEMENT_3D('',#5488,#4495,#4496);
#3571=AXIS2_PLACEMENT_3D('',#5491,#4498,#4499);
#3572=AXIS2_PLACEMENT_3D('',#5494,#4501,#4502);
#3573=AXIS2_PLACEMENT_3D('',#5497,#4504,#4505);
#3574=AXIS2_PLACEMENT_3D('',#5500,#4507,#4508);
#3575=AXIS2_PLACEMENT_3D('',#5503,#4510,#4511);
#3576=AXIS2_PLACEMENT_3D('',#5506,#4513,#4514);
#3577=AXIS2_PLACEMENT_3D('',#5509,#4516,#4517);
#3578=AXIS2_PLACEMENT_3D('',#5512,#4519,#4520);
#3579=AXIS2_PLACEMENT_3D('',#5515,#4522,#4523);
#3580=AXIS2_PLACEMENT_3D('',#5516,#4524,#4525);
#3581=AXIS2_PLACEMENT_3D('',#5518,#4526,#4527);
#3582=AXIS2_PLACEMENT_3D('',#5519,#4528,#4529);
#3583=AXIS2_PLACEMENT_3D('',#5520,#4530,#4531);
#3584=AXIS2_PLACEMENT_3D('',#5521,#4532,#4533);
#3585=AXIS2_PLACEMENT_3D('',#5522,#4534,#4535);
#3586=AXIS2_PLACEMENT_3D('',#5523,#4536,#4537);
#3587=AXIS2_PLACEMENT_3D('',#5524,#4538,#4539);
#3588=AXIS2_PLACEMENT_3D('',#5525,#4540,#4541);
#3589=AXIS2_PLACEMENT_3D('',#5526,#4542,#4543);
#3590=AXIS2_PLACEMENT_3D('',#5531,#4545,#4546);
#3591=AXIS2_PLACEMENT_3D('',#5534,#4548,#4549);
#3592=AXIS2_PLACEMENT_3D('',#5535,#4550,#4551);
#3593=AXIS2_PLACEMENT_3D('',#5536,#4552,#4553);
#3594=AXIS2_PLACEMENT_3D('',#5537,#4554,#4555);
#3595=AXIS2_PLACEMENT_3D('',#5542,#4557,#4558);
#3596=AXIS2_PLACEMENT_3D('',#5545,#4560,#4561);
#3597=AXIS2_PLACEMENT_3D('',#5546,#4562,#4563);
#3598=AXIS2_PLACEMENT_3D('',#5547,#4564,#4565);
#3599=AXIS2_PLACEMENT_3D('',#5551,#4567,#4568);
#3600=AXIS2_PLACEMENT_3D('',#5555,#4570,#4571);
#3601=AXIS2_PLACEMENT_3D('',#5556,#4572,#4573);
#3602=AXIS2_PLACEMENT_3D('',#5557,#4574,#4575);
#3603=AXIS2_PLACEMENT_3D('',#5558,#4576,#4577);
#3604=AXIS2_PLACEMENT_3D('',#5562,#4579,#4580);
#3605=AXIS2_PLACEMENT_3D('',#5566,#4582,#4583);
#3606=AXIS2_PLACEMENT_3D('',#5567,#4584,#4585);
#3607=AXIS2_PLACEMENT_3D('',#5568,#4586,#4587);
#3608=AXIS2_PLACEMENT_3D('',#5569,#4588,#4589);
#3609=AXIS2_PLACEMENT_3D('',#5570,#4590,#4591);
#3610=AXIS2_PLACEMENT_3D('',#5571,#4592,#4593);
#3611=AXIS2_PLACEMENT_3D('',#5572,#4594,#4595);
#3612=AXIS2_PLACEMENT_3D('',#5573,#4596,#4597);
#3613=AXIS2_PLACEMENT_3D('',#5574,#4598,#4599);
#3614=AXIS2_PLACEMENT_3D('',#5575,#4600,#4601);
#3615=AXIS2_PLACEMENT_3D('',#5576,#4602,#4603);
#3616=AXIS2_PLACEMENT_3D('',#5577,#4604,#4605);
#3617=AXIS2_PLACEMENT_3D('',#5578,#4606,#4607);
#3618=AXIS2_PLACEMENT_3D('',#5579,#4608,#4609);
#3619=AXIS2_PLACEMENT_3D('',#5580,#4610,#4611);
#3620=AXIS2_PLACEMENT_3D('',#5581,#4612,#4613);
#3621=AXIS2_PLACEMENT_3D('',#5582,#4614,#4615);
#3622=AXIS2_PLACEMENT_3D('',#5584,#4616,#4617);
#3623=AXIS2_PLACEMENT_3D('',#5585,#4618,#4619);
#3624=AXIS2_PLACEMENT_3D('',#5586,#4620,#4621);
#3625=AXIS2_PLACEMENT_3D('',#5588,#4622,#4623);
#3626=AXIS2_PLACEMENT_3D('',#5589,#4624,#4625);
#3627=AXIS2_PLACEMENT_3D('',#5595,#4629,#4630);
#3628=AXIS2_PLACEMENT_3D('',#5598,#4632,#4633);
#3629=AXIS2_PLACEMENT_3D('',#5599,#4634,#4635);
#3630=AXIS2_PLACEMENT_3D('',#5603,#4638,#4639);
#3631=AXIS2_PLACEMENT_3D('',#5606,#4641,#4642);
#3632=AXIS2_PLACEMENT_3D('',#5607,#4643,#4644);
#3633=AXIS2_PLACEMENT_3D('',#5619,#4651,#4652);
#3634=AXIS2_PLACEMENT_3D('',#5622,#4654,#4655);
#3635=AXIS2_PLACEMENT_3D('',#5623,#4656,#4657);
#3636=AXIS2_PLACEMENT_3D('',#5627,#4660,#4661);
#3637=AXIS2_PLACEMENT_3D('',#5628,#4662,#4663);
#3638=AXIS2_PLACEMENT_3D('',#5629,#4664,#4665);
#3639=AXIS2_PLACEMENT_3D('',#5635,#4669,#4670);
#3640=AXIS2_PLACEMENT_3D('',#5641,#4674,#4675);
#3641=AXIS2_PLACEMENT_3D('',#5643,#4677,#4678);
#3642=AXIS2_PLACEMENT_3D('',#5645,#4680,#4681);
#3643=AXIS2_PLACEMENT_3D('',#5646,#4682,#4683);
#3644=AXIS2_PLACEMENT_3D('',#5647,#4684,#4685);
#3645=AXIS2_PLACEMENT_3D('',#5649,#4686,#4687);
#3646=AXIS2_PLACEMENT_3D('',#5651,#4688,#4689);
#3647=AXIS2_PLACEMENT_3D('',#5652,#4690,#4691);
#3648=AXIS2_PLACEMENT_3D('',#5654,#4692,#4693);
#3649=AXIS2_PLACEMENT_3D('',#5655,#4694,#4695);
#3650=DIRECTION('',(0.,0.,1.));
#3651=DIRECTION('',(1.,0.,0.));
#3652=DIRECTION('',(0.,0.866025403784438,-0.5));
#3653=DIRECTION('',(0.,0.5,0.866025403784438));
#3654=DIRECTION('',(0.,0.866025403784438,-0.5));
#3655=DIRECTION('',(0.,0.5,0.866025403784438));
#3656=DIRECTION('',(-3.38963670212154E-32,-0.866025403784439,0.5));
#3657=DIRECTION('',(-4.37899634662851E-17,0.866025403784439,-0.5));
#3658=DIRECTION('',(0.,0.5,0.866025403784439));
#3659=DIRECTION('',(4.37899634662852E-17,-0.866025403784438,0.5));
#3660=DIRECTION('',(-1.,-1.52117864326303E-17,6.12323399573677E-17));
#3661=DIRECTION('',(6.12323399573677E-17,0.,1.));
#3662=DIRECTION('',(-1.,-1.52117864326303E-17,6.12323399573677E-17));
#3663=DIRECTION('',(6.12323399573677E-17,0.,1.));
#3664=DIRECTION('',(-2.47817639425258E-16,-0.5,-0.866025403784439));
#3665=DIRECTION('',(0.,0.866025403784439,-0.5));
#3666=DIRECTION('',(-1.,-1.52117864326303E-17,6.12323399573677E-17));
#3667=DIRECTION('',(6.12323399573677E-17,0.,1.));
#3668=DIRECTION('',(-2.47817639425258E-16,-0.5,-0.866025403784439));
#3669=DIRECTION('',(0.,0.866025403784439,-0.5));
#3670=DIRECTION('',(2.47817639425258E-16,0.5,0.866025403784439));
#3671=DIRECTION('',(-4.54228687199299E-17,-0.500000000000006,-0.866025403784435));
#3672=DIRECTION('',(0.,0.866025403784435,-0.500000000000006));
#3673=DIRECTION('',(-2.47817639425258E-16,-0.5,-0.866025403784439));
#3674=DIRECTION('',(-1.,-1.52117864326303E-17,6.12323399573677E-17));
#3675=DIRECTION('',(6.12323399573677E-17,0.,1.));
#3676=DIRECTION('',(-1.,-1.52117864326303E-17,6.12323399573677E-17));
#3677=DIRECTION('',(6.12323399573677E-17,0.,1.));
#3678=DIRECTION('',(5.78241158658939E-16,-0.866025403784439,0.5));
#3679=DIRECTION('',(0.,-0.5,-0.866025403784439));
#3680=DIRECTION('',(-1.,-1.52117864326303E-17,6.12323399573677E-17));
#3681=DIRECTION('',(6.12323399573677E-17,0.,1.));
#3682=DIRECTION('',(5.78241158658939E-16,-0.866025403784439,0.5));
#3683=DIRECTION('',(0.,-0.5,-0.866025403784439));
#3684=DIRECTION('',(5.78241158658939E-16,-0.866025403784438,0.5));
#3685=DIRECTION('',(4.37899634662855E-17,-0.866025403784434,0.500000000000007));
#3686=DIRECTION('',(0.,-0.500000000000007,-0.866025403784434));
#3687=DIRECTION('',(4.37899634662852E-17,-0.866025403784439,0.5));
#3688=DIRECTION('',(-1.,-1.52117864326303E-17,6.12323399573677E-17));
#3689=DIRECTION('',(6.12323399573677E-17,0.,1.));
#3690=DIRECTION('',(-1.,-1.52117864326303E-17,6.12323399573677E-17));
#3691=DIRECTION('',(6.12323399573677E-17,0.,1.));
#3692=DIRECTION('',(2.47817639425258E-16,0.5,0.866025403784439));
#3693=DIRECTION('',(0.,-0.866025403784439,0.5));
#3694=DIRECTION('',(-1.,-1.52117864326303E-17,6.12323399573677E-17));
#3695=DIRECTION('',(6.12323399573677E-17,0.,1.));
#3696=DIRECTION('',(2.47817639425258E-16,0.5,0.866025403784439));
#3697=DIRECTION('',(0.,-0.866025403784439,0.5));
#3698=DIRECTION('',(2.47817639425258E-16,0.5,0.866025403784438));
#3699=DIRECTION('',(4.54228687199293E-17,0.500000000000018,0.866025403784428));
#3700=DIRECTION('',(0.,-0.866025403784429,0.500000000000018));
#3701=DIRECTION('',(4.54228687199302E-17,0.5,0.866025403784439));
#3702=DIRECTION('',(2.47817639425258E-16,0.5,0.866025403784439));
#3703=DIRECTION('',(-1.,-1.52117864326303E-17,6.12323399573677E-17));
#3704=DIRECTION('',(6.12323399573677E-17,0.,1.));
#3705=DIRECTION('',(-1.,-1.52117864326303E-17,6.12323399573677E-17));
#3706=DIRECTION('',(6.12323399573677E-17,0.,1.));
#3707=DIRECTION('',(-1.,-1.52117864326303E-17,6.12323399573677E-17));
#3708=DIRECTION('',(6.12323399573677E-17,0.,1.));
#3709=DIRECTION('',(-1.,-1.52117864326303E-17,6.12323399573677E-17));
#3710=DIRECTION('',(1.52117864326303E-17,-1.,-9.31453278201692E-34));
#3711=DIRECTION('',(4.54228687199302E-17,0.5,0.866025403784439));
#3712=DIRECTION('',(1.,1.52117864326303E-17,-6.12323399573677E-17));
#3713=DIRECTION('',(-6.12323399573677E-17,0.,-1.));
#3714=DIRECTION('',(-4.37899634662852E-17,0.866025403784438,-0.5));
#3715=DIRECTION('',(1.,1.52117864326303E-17,-6.12323399573677E-17));
#3716=DIRECTION('',(-6.12323399573677E-17,0.,-1.));
#3717=DIRECTION('',(-4.54228687199302E-17,-0.5,-0.866025403784438));
#3718=DIRECTION('',(1.,1.52117864326303E-17,-6.12323399573677E-17));
#3719=DIRECTION('',(-6.12323399573677E-17,0.,-1.));
#3720=DIRECTION('',(4.37899634662852E-17,-0.866025403784439,0.5));
#3721=DIRECTION('',(1.,1.52117864326303E-17,-6.12323399573677E-17));
#3722=DIRECTION('',(-6.12323399573677E-17,0.,-1.));
#3723=DIRECTION('',(-1.,-1.52117864326303E-17,6.12323399573677E-17));
#3724=DIRECTION('',(6.12323399573677E-17,1.37676466347366E-16,1.));
#3725=DIRECTION('',(-1.,-1.52117864326303E-17,6.12323399573677E-17));
#3726=DIRECTION('',(6.12323399573677E-17,0.,1.));
#3727=DIRECTION('',(-1.52117864326303E-17,1.,8.67361737988404E-17));
#3728=DIRECTION('',(-1.,-1.52117864326303E-17,6.12323399573677E-17));
#3729=DIRECTION('',(6.12323399573677E-17,0.,1.));
#3730=DIRECTION('',(-1.52117864326303E-17,1.,1.3010426069826E-16));
#3731=DIRECTION('',(-1.,-1.52117864326303E-17,6.12323399573677E-17));
#3732=DIRECTION('',(6.12323399573677E-17,0.,1.));
#3733=DIRECTION('',(4.54228687199302E-17,0.5,0.866025403784439));
#3734=DIRECTION('',(1.,1.52117864326303E-17,-6.12323399573677E-17));
#3735=DIRECTION('',(-6.12323399573677E-17,0.,-1.));
#3736=DIRECTION('',(-4.37899634662852E-17,0.866025403784438,-0.5));
#3737=DIRECTION('',(1.,1.52117864326303E-17,-6.12323399573677E-17));
#3738=DIRECTION('',(-6.12323399573677E-17,0.,-1.));
#3739=DIRECTION('',(-4.54228687199302E-17,-0.5,-0.866025403784438));
#3740=DIRECTION('',(1.,1.52117864326303E-17,-6.12323399573677E-17));
#3741=DIRECTION('',(-6.12323399573677E-17,0.,-1.));
#3742=DIRECTION('',(4.37899634662852E-17,-0.866025403784439,0.5));
#3743=DIRECTION('',(1.,1.52117864326303E-17,-6.12323399573677E-17));
#3744=DIRECTION('',(-6.12323399573677E-17,0.,-1.));
#3745=DIRECTION('',(-4.54228687199302E-17,-0.5,-0.866025403784439));
#3746=DIRECTION('',(1.,1.52117864326303E-17,-6.12323399573677E-17));
#3747=DIRECTION('',(-6.12323399573677E-17,0.,-1.));
#3748=DIRECTION('',(4.37899634662852E-17,-0.866025403784439,0.5));
#3749=DIRECTION('',(1.,1.52117864326303E-17,-6.12323399573677E-17));
#3750=DIRECTION('',(-6.12323399573677E-17,0.,-1.));
#3751=DIRECTION('',(4.54228687199302E-17,0.5,0.866025403784439));
#3752=DIRECTION('',(1.,1.52117864326303E-17,-6.12323399573677E-17));
#3753=DIRECTION('',(-6.12323399573677E-17,0.,-1.));
#3754=DIRECTION('',(-4.37899634662852E-17,0.866025403784439,-0.5));
#3755=DIRECTION('',(1.,1.52117864326303E-17,-6.12323399573677E-17));
#3756=DIRECTION('',(-6.12323399573677E-17,0.,-1.));
#3757=DIRECTION('',(-4.54228687199302E-17,-0.5,-0.866025403784439));
#3758=DIRECTION('',(-1.,-1.52117864326303E-17,6.12323399573677E-17));
#3759=DIRECTION('',(6.12323399573677E-17,0.,1.));
#3760=DIRECTION('',(-1.52117864326321E-17,1.,-3.05196907997396E-14));
#3761=DIRECTION('',(0.,3.05196907997396E-14,1.));
#3762=DIRECTION('',(-1.,-1.52117864326303E-17,6.12323399573677E-17));
#3763=DIRECTION('',(6.12323399573677E-17,0.,1.));
#3764=DIRECTION('',(-9.50533411494141E-17,0.,-1.));
#3765=DIRECTION('',(-1.,0.,9.50533411494141E-17));
#3766=DIRECTION('',(-1.,-1.52117864326303E-17,6.12323399573677E-17));
#3767=DIRECTION('',(6.12323399573677E-17,0.,1.));
#3768=DIRECTION('',(-9.50533411494141E-17,0.,-1.));
#3769=DIRECTION('',(-1.,0.,9.50533411494141E-17));
#3770=DIRECTION('',(-6.12323399573677E-17,5.14477847071145E-34,-1.));
#3771=DIRECTION('',(-6.12323399573677E-17,-1.59265981952815E-15,-1.));
#3772=DIRECTION('',(0.,1.,-1.59265981952815E-15));
#3773=DIRECTION('',(-9.50533411494141E-17,9.50533411494141E-17,-1.));
#3774=DIRECTION('',(-1.,-1.52117864326303E-17,6.12323399573677E-17));
#3775=DIRECTION('',(6.12323399573677E-17,0.,1.));
#3776=DIRECTION('',(-1.,-1.52117864326303E-17,6.12323399573677E-17));
#3777=DIRECTION('',(6.12323399573677E-17,0.,1.));
#3778=DIRECTION('',(6.17846717471188E-16,-1.,-3.80213364597654E-16));
#3779=DIRECTION('',(1.,6.17846717471188E-16,0.));
#3780=DIRECTION('',(-1.,-1.52117864326303E-17,6.12323399573677E-17));
#3781=DIRECTION('',(6.12323399573677E-17,0.,1.));
#3782=DIRECTION('',(6.17846717471188E-16,-1.,-3.80213364597654E-16));
#3783=DIRECTION('',(1.,6.17846717471188E-16,0.));
#3784=DIRECTION('',(-1.52117864326303E-17,1.,3.80213364597654E-16));
#3785=DIRECTION('',(0.707106781186547,0.707106781186548,7.56806242556681E-17));
#3786=DIRECTION('',(0.707106781186548,-0.707106781186547,-4.62022272553841E-16));
#3787=DIRECTION('',(-6.17846717471188E-16,1.,7.38014939350756E-32));
#3788=DIRECTION('',(4.75266705747068E-17,1.,7.12900058620602E-17));
#3789=DIRECTION('',(0.,-7.12900058620602E-17,1.));
#3790=DIRECTION('',(-1.52117864326303E-17,1.,7.12900058620602E-17));
#3791=DIRECTION('',(4.75266705747068E-17,1.,-7.68324505574792E-33));
#3792=DIRECTION('',(0.707106781186548,0.707106781186548,-1.38303389323601E-16));
#3793=DIRECTION('',(0.707106781186548,-0.707106781186548,-2.39122682475384E-16));
#3794=DIRECTION('',(1.,0.,-2.66880534765662E-16));
#3795=DIRECTION('',(-2.66880534765662E-16,0.,-1.));
#3796=DIRECTION('',(1.,1.52117864326302E-17,-2.66880534765662E-16));
#3797=DIRECTION('',(1.,2.69033242850392E-49,-1.22464679914735E-16));
#3798=DIRECTION('',(-1.,-1.52117864326303E-17,6.12323399573677E-17));
#3799=DIRECTION('',(6.12323399573677E-17,0.,1.));
#3800=DIRECTION('',(1.,0.,-2.73184799366426E-16));
#3801=DIRECTION('',(-2.73184799366426E-16,0.,-1.));
#3802=DIRECTION('',(-1.,-2.80777498708456E-49,1.22464679914735E-16));
#3803=DIRECTION('',(-1.,-1.52117864326302E-17,2.73184799366426E-16));
#3804=DIRECTION('',(-1.,-1.52117864326303E-17,6.12323399573677E-17));
#3805=DIRECTION('',(6.12323399573677E-17,0.,1.));
#3806=DIRECTION('',(-1.,2.1350442781253E-15,2.1350442781253E-15));
#3807=DIRECTION('',(2.1350442781253E-15,0.,1.));
#3808=DIRECTION('',(-1.,2.1350442781253E-15,6.12323399573679E-17));
#3809=DIRECTION('',(-1.,-1.52117864326303E-17,6.12323399573677E-17));
#3810=DIRECTION('',(6.12323399573677E-17,0.,1.));
#3811=DIRECTION('',(-1.,-1.52117864326293E-17,2.1350442781253E-15));
#3812=DIRECTION('',(-1.,-1.52117864326303E-17,6.12323399573677E-17));
#3813=DIRECTION('',(6.12323399573677E-17,0.,1.));
#3814=DIRECTION('',(-1.,0.,0.));
#3815=DIRECTION('',(0.,0.,1.));
#3816=DIRECTION('',(1.,1.52117864326303E-17,-7.40722611543279E-33));
#3817=DIRECTION('',(-1.,-1.52117864326303E-17,6.12323399573677E-17));
#3818=DIRECTION('',(6.12323399573677E-17,0.,1.));
#3819=DIRECTION('',(1.,7.96658832097788E-33,-6.12323399573677E-17));
#3820=DIRECTION('',(-1.,-1.52117864326303E-17,6.12323399573677E-17));
#3821=DIRECTION('',(6.12323399573677E-17,0.,1.));
#3822=DIRECTION('',(-1.,-1.52117864326303E-17,6.12323399573677E-17));
#3823=DIRECTION('',(1.52117864326303E-17,-1.,-9.31453278201692E-34));
#3824=DIRECTION('',(-1.,-1.52117864326303E-17,6.12323399573677E-17));
#3825=DIRECTION('',(6.12323399573677E-17,0.,1.));
#3826=DIRECTION('',(-6.12323399573677E-17,-4.86939923081209E-16,-1.));
#3827=DIRECTION('',(-6.12323399573677E-17,-4.86939923081209E-16,-1.));
#3828=DIRECTION('',(-1.52117864326303E-17,1.,1.3010426069826E-16));
#3829=DIRECTION('',(-1.,-1.52117864326303E-17,6.12323399573677E-17));
#3830=DIRECTION('',(6.12323399573677E-17,0.,1.));
#3831=DIRECTION('',(-1.52117864326303E-17,1.,8.67361737988404E-17));
#3832=DIRECTION('',(-1.,-1.52117864326303E-17,6.12323399573677E-17));
#3833=DIRECTION('',(6.12323399573677E-17,0.,1.));
#3834=DIRECTION('',(4.54228687199302E-17,0.5,0.866025403784439));
#3835=DIRECTION('',(-1.,-1.52117864326303E-17,6.12323399573677E-17));
#3836=DIRECTION('',(6.12323399573677E-17,0.,1.));
#3837=DIRECTION('',(4.37899634662852E-17,-0.866025403784439,0.5));
#3838=DIRECTION('',(-1.,-1.52117864326303E-17,6.12323399573677E-17));
#3839=DIRECTION('',(6.12323399573677E-17,0.,1.));
#3840=DIRECTION('',(-4.54228687199302E-17,-0.5,-0.866025403784439));
#3841=DIRECTION('',(-1.,-1.52117864326303E-17,6.12323399573677E-17));
#3842=DIRECTION('',(6.12323399573677E-17,0.,1.));
#3843=DIRECTION('',(-4.37899634662852E-17,0.866025403784439,-0.5));
#3844=DIRECTION('',(-1.,-1.52117864326303E-17,6.12323399573677E-17));
#3845=DIRECTION('',(6.12323399573677E-17,0.,1.));
#3846=DIRECTION('',(-4.54228687199302E-17,-0.5,-0.866025403784439));
#3847=DIRECTION('',(-1.,-1.52117864326303E-17,6.12323399573677E-17));
#3848=DIRECTION('',(6.12323399573677E-17,0.,1.));
#3849=DIRECTION('',(-4.37899634662852E-17,0.866025403784439,-0.5));
#3850=DIRECTION('',(-1.,-1.52117864326303E-17,6.12323399573677E-17));
#3851=DIRECTION('',(6.12323399573677E-17,0.,1.));
#3852=DIRECTION('',(4.54228687199302E-17,0.5,0.866025403784438));
#3853=DIRECTION('',(-1.,-1.52117864326303E-17,6.12323399573677E-17));
#3854=DIRECTION('',(6.12323399573677E-17,0.,1.));
#3855=DIRECTION('',(4.37899634662852E-17,-0.866025403784438,0.5));
#3856=DIRECTION('',(-1.,-1.52117864326303E-17,6.12323399573677E-17));
#3857=DIRECTION('',(6.12323399573677E-17,0.,1.));
#3858=DIRECTION('',(-4.54228687199302E-17,-0.5,-0.866025403784439));
#3859=DIRECTION('',(-1.,-1.52117864326303E-17,6.12323399573677E-17));
#3860=DIRECTION('',(6.12323399573677E-17,0.,1.));
#3861=DIRECTION('',(-4.37899634662852E-17,0.866025403784439,-0.5));
#3862=DIRECTION('',(-1.,-1.52117864326303E-17,6.12323399573677E-17));
#3863=DIRECTION('',(6.12323399573677E-17,0.,1.));
#3864=DIRECTION('',(4.54228687199302E-17,0.5,0.866025403784438));
#3865=DIRECTION('',(-1.,-1.52117864326303E-17,6.12323399573677E-17));
#3866=DIRECTION('',(6.12323399573677E-17,0.,1.));
#3867=DIRECTION('',(4.37899634662852E-17,-0.866025403784438,0.5));
#3868=DIRECTION('',(-1.52117864326303E-17,1.,-4.86939923081209E-16));
#3869=DIRECTION('',(0.,4.86939923081209E-16,1.));
#3870=DIRECTION('',(-6.12323399573677E-17,-4.86939923081209E-16,-1.));
#3871=DIRECTION('',(-1.52117864326303E-17,1.,-4.86939923081209E-16));
#3872=DIRECTION('',(0.,4.86939923081209E-16,1.));
#3873=DIRECTION('',(-6.12323399573677E-17,-4.86939923081209E-16,-1.));
#3874=DIRECTION('',(-1.,-1.52117864326303E-17,6.12323399573677E-17));
#3875=DIRECTION('',(1.52117864326303E-17,-1.,-9.31453278201692E-34));
#3876=DIRECTION('',(1.,1.52117864326303E-17,-6.12323399573677E-17));
#3877=DIRECTION('',(-1.52117864326303E-17,1.,9.31453278201692E-34));
#3878=DIRECTION('',(1.,1.52117864326303E-17,-6.12323399573677E-17));
#3879=DIRECTION('',(-1.52117864326303E-17,1.,9.31453278201692E-34));
#3880=DIRECTION('',(-1.,-1.52117864326303E-17,6.12323399573677E-17));
#3881=DIRECTION('',(-1.52117864326303E-17,1.,9.31453278201692E-34));
#3882=DIRECTION('',(1.,1.52117864326303E-17,-6.12323399573677E-17));
#3883=DIRECTION('',(-1.52117864326303E-17,1.,9.31453278201692E-34));
#3884=DIRECTION('',(-1.,-1.52117864326303E-17,6.12323399573677E-17));
#3885=DIRECTION('',(6.12323399573677E-17,0.,1.));
#3886=DIRECTION('',(-1.,-1.52117864326303E-17,6.12323399573677E-17));
#3887=DIRECTION('',(6.12323399573677E-17,0.,1.));
#3888=DIRECTION('',(1.,1.52117864326303E-17,-6.12323399573677E-17));
#3889=DIRECTION('',(-1.52117864326303E-17,1.,9.31453278201692E-34));
#3890=DIRECTION('',(1.,1.52117864326303E-17,-6.12323399573677E-17));
#3891=DIRECTION('',(-1.52117864326303E-17,1.,9.31453278201692E-34));
#3892=DIRECTION('',(1.,1.52117864326303E-17,-6.12323399573677E-17));
#3893=DIRECTION('',(-1.52117864326303E-17,1.,9.31453278201692E-34));
#3894=DIRECTION('',(0.,-0.981601618186721,-0.190940470234077));
#3895=DIRECTION('',(1.,1.52117864326303E-17,-6.12323399573677E-17));
#3896=DIRECTION('',(-1.52117864326303E-17,1.,9.31453278201692E-34));
#3897=DIRECTION('',(1.,1.52117864326303E-17,-6.12323399573677E-17));
#3898=DIRECTION('',(-1.52117864326303E-17,1.,9.31453278201692E-34));
#3899=DIRECTION('',(1.,1.52117864326303E-17,-6.12323399573677E-17));
#3900=DIRECTION('',(-1.52117864326303E-17,1.,9.31453278201692E-34));
#3901=DIRECTION('',(1.,1.52117864326303E-17,-6.12323399573677E-17));
#3902=DIRECTION('',(-1.52117864326303E-17,1.,9.31453278201692E-34));
#3903=DIRECTION('',(1.,1.52117864326303E-17,-6.12323399573677E-17));
#3904=DIRECTION('',(-1.52117864326303E-17,1.,9.31453278201692E-34));
#3905=DIRECTION('',(1.,1.52117864326303E-17,-6.12323399573677E-17));
#3906=DIRECTION('',(-1.52117864326303E-17,1.,9.31453278201692E-34));
#3907=DIRECTION('',(1.,1.52117864326303E-17,-6.12323399573677E-17));
#3908=DIRECTION('',(-1.52117864326303E-17,1.,9.31453278201692E-34));
#3909=DIRECTION('',(1.,1.52117864326303E-17,-6.12323399573677E-17));
#3910=DIRECTION('',(-1.52117864326303E-17,1.,9.31453278201692E-34));
#3911=DIRECTION('',(1.,1.52117864326303E-17,-6.12323399573677E-17));
#3912=DIRECTION('',(-1.52117864326303E-17,1.,9.31453278201692E-34));
#3913=DIRECTION('',(1.,1.52117864326303E-17,-6.12323399573677E-17));
#3914=DIRECTION('',(-1.52117864326303E-17,1.,9.31453278201692E-34));
#3915=DIRECTION('',(1.,1.52117864326303E-17,-6.12323399573677E-17));
#3916=DIRECTION('',(-1.52117864326303E-17,1.,9.31453278201692E-34));
#3917=DIRECTION('',(1.,1.52117864326303E-17,-6.12323399573677E-17));
#3918=DIRECTION('',(-1.52117864326303E-17,1.,9.31453278201692E-34));
#3919=DIRECTION('',(1.,1.52117864326303E-17,-6.12323399573677E-17));
#3920=DIRECTION('',(-1.52117864326303E-17,1.,9.31453278201692E-34));
#3921=DIRECTION('',(1.,1.52117864326303E-17,-6.12323399573677E-17));
#3922=DIRECTION('',(-1.52117864326303E-17,1.,9.31453278201692E-34));
#3923=DIRECTION('',(1.,1.52117864326303E-17,-6.12323399573677E-17));
#3924=DIRECTION('',(-1.52117864326303E-17,1.,9.31453278201692E-34));
#3925=DIRECTION('',(1.,1.52117864326303E-17,-6.12323399573677E-17));
#3926=DIRECTION('',(-1.52117864326303E-17,1.,9.31453278201692E-34));
#3927=DIRECTION('',(1.,1.52117864326303E-17,-6.12323399573677E-17));
#3928=DIRECTION('',(-1.52117864326303E-17,1.,9.31453278201692E-34));
#3929=DIRECTION('',(1.,1.52117864326303E-17,-6.12323399573677E-17));
#3930=DIRECTION('',(-1.52117864326303E-17,1.,9.31453278201692E-34));
#3931=DIRECTION('',(1.,1.52117864326303E-17,-6.12323399573677E-17));
#3932=DIRECTION('',(-1.52117864326303E-17,1.,9.31453278201692E-34));
#3933=DIRECTION('',(1.,1.52117864326303E-17,-6.12323399573677E-17));
#3934=DIRECTION('',(-1.52117864326303E-17,1.,9.31453278201692E-34));
#3935=DIRECTION('',(1.,1.52117864326303E-17,-6.12323399573677E-17));
#3936=DIRECTION('',(-1.52117864326303E-17,1.,9.31453278201692E-34));
#3937=DIRECTION('',(1.,1.52117864326303E-17,-6.12323399573677E-17));
#3938=DIRECTION('',(-1.52117864326303E-17,1.,9.31453278201692E-34));
#3939=DIRECTION('',(1.,1.52117864326303E-17,-6.12323399573677E-17));
#3940=DIRECTION('',(-1.52117864326303E-17,1.,9.31453278201692E-34));
#3941=DIRECTION('',(1.,1.52117864326303E-17,-6.12323399573677E-17));
#3942=DIRECTION('',(-1.52117864326303E-17,1.,9.31453278201692E-34));
#3943=DIRECTION('',(1.,1.52117864326303E-17,-6.12323399573677E-17));
#3944=DIRECTION('',(-1.52117864326303E-17,1.,9.31453278201692E-34));
#3945=DIRECTION('',(0.,0.981601602544218,-0.190940550650257));
#3946=DIRECTION('',(1.,1.52117864326303E-17,-6.12323399573677E-17));
#3947=DIRECTION('',(-1.52117864326303E-17,1.,9.31453278201692E-34));
#3948=DIRECTION('',(1.,1.52117864326303E-17,-6.12323399573677E-17));
#3949=DIRECTION('',(-1.52117864326303E-17,1.,9.31453278201692E-34));
#3950=DIRECTION('',(-1.,-1.52117864326303E-17,6.12323399573677E-17));
#3951=DIRECTION('',(1.52117864326303E-17,-1.,-9.31453278201692E-34));
#3952=DIRECTION('',(1.,1.52117864326303E-17,-6.12323399573677E-17));
#3953=DIRECTION('',(-1.52117864326303E-17,1.,9.31453278201692E-34));
#3954=DIRECTION('',(-1.,-1.52117864326303E-17,6.12323399573677E-17));
#3955=DIRECTION('',(-1.,-1.52117864326303E-17,6.12323399573677E-17));
#3956=DIRECTION('',(1.,1.52117864326303E-17,-6.12323399573677E-17));
#3957=DIRECTION('',(-1.52117864326303E-17,1.,9.31453278201692E-34));
#3958=DIRECTION('',(1.,1.52117864326303E-17,-6.12323399573677E-17));
#3959=DIRECTION('',(-1.52117864326303E-17,1.,9.31453278201692E-34));
#3960=DIRECTION('',(5.72012161518197E-17,0.190940550651887,0.981601602543901));
#3961=DIRECTION('',(2.66236506489888E-17,-0.981601602543901,0.190940550651887));
#3962=DIRECTION('',(-1.,-1.52117864326303E-17,6.12323399573677E-17));
#3963=DIRECTION('',(0.,0.981601602544218,-0.190940550650257));
#3964=DIRECTION('',(-1.,-1.52117864326303E-17,6.12323399573677E-17));
#3965=DIRECTION('',(-1.,-1.52117864326303E-17,6.12323399573677E-17));
#3966=DIRECTION('',(1.52117864326303E-17,-1.,-9.31453278201692E-34));
#3967=DIRECTION('',(-1.,-1.52117864326303E-17,6.12323399573677E-17));
#3968=DIRECTION('',(1.,1.52117864326303E-17,-6.12323399573677E-17));
#3969=DIRECTION('',(-1.52117864326303E-17,1.,9.31453278201692E-34));
#3970=DIRECTION('',(-1.,-1.52117864326303E-17,6.12323399573677E-17));
#3971=DIRECTION('',(1.52117864326303E-17,-1.,-9.31453278201692E-34));
#3972=DIRECTION('',(-1.,-1.52117864326303E-17,6.12323399573677E-17));
#3973=DIRECTION('',(1.,1.52117864326303E-17,-6.12323399573677E-17));
#3974=DIRECTION('',(-1.52117864326303E-17,1.,9.31453278201692E-34));
#3975=DIRECTION('',(-1.,-1.52117864326303E-17,6.12323399573677E-17));
#3976=DIRECTION('',(1.52117864326303E-17,-1.,-9.31453278201692E-34));
#3977=DIRECTION('',(-1.,-1.52117864326303E-17,6.12323399573677E-17));
#3978=DIRECTION('',(1.,1.52117864326303E-17,-6.12323399573677E-17));
#3979=DIRECTION('',(-1.52117864326303E-17,1.,9.31453278201692E-34));
#3980=DIRECTION('',(-1.,-1.52117864326303E-17,6.12323399573677E-17));
#3981=DIRECTION('',(1.52117864326303E-17,-1.,-9.31453278201692E-34));
#3982=DIRECTION('',(-1.,-1.52117864326303E-17,6.12323399573677E-17));
#3983=DIRECTION('',(1.,1.52117864326303E-17,-6.12323399573677E-17));
#3984=DIRECTION('',(-1.52117864326303E-17,1.,9.31453278201692E-34));
#3985=DIRECTION('',(-1.,-1.52117864326303E-17,6.12323399573677E-17));
#3986=DIRECTION('',(1.52117864326303E-17,-1.,-9.31453278201692E-34));
#3987=DIRECTION('',(-1.,-1.52117864326303E-17,6.12323399573677E-17));
#3988=DIRECTION('',(1.,1.52117864326303E-17,-6.12323399573677E-17));
#3989=DIRECTION('',(-1.52117864326303E-17,1.,9.31453278201692E-34));
#3990=DIRECTION('',(-1.,-1.52117864326303E-17,6.12323399573677E-17));
#3991=DIRECTION('',(1.52117864326303E-17,-1.,-9.31453278201692E-34));
#3992=DIRECTION('',(-1.,-1.52117864326303E-17,6.12323399573677E-17));
#3993=DIRECTION('',(1.,1.52117864326303E-17,-6.12323399573677E-17));
#3994=DIRECTION('',(-1.52117864326303E-17,1.,9.31453278201692E-34));
#3995=DIRECTION('',(-1.,-1.52117864326303E-17,6.12323399573677E-17));
#3996=DIRECTION('',(1.52117864326303E-17,-1.,-9.31453278201692E-34));
#3997=DIRECTION('',(-1.,-1.52117864326303E-17,6.12323399573677E-17));
#3998=DIRECTION('',(1.,1.52117864326303E-17,-6.12323399573677E-17));
#3999=DIRECTION('',(-1.52117864326303E-17,1.,9.31453278201692E-34));
#4000=DIRECTION('',(-1.,-1.52117864326303E-17,6.12323399573677E-17));
#4001=DIRECTION('',(1.52117864326303E-17,-1.,-9.31453278201692E-34));
#4002=DIRECTION('',(-1.,-1.52117864326303E-17,6.12323399573677E-17));
#4003=DIRECTION('',(1.,1.52117864326303E-17,-6.12323399573677E-17));
#4004=DIRECTION('',(-1.52117864326303E-17,1.,9.31453278201692E-34));
#4005=DIRECTION('',(-1.,-1.52117864326303E-17,6.12323399573677E-17));
#4006=DIRECTION('',(1.52117864326303E-17,-1.,-9.31453278201692E-34));
#4007=DIRECTION('',(-1.,-1.52117864326303E-17,6.12323399573677E-17));
#4008=DIRECTION('',(1.,1.52117864326303E-17,-6.12323399573677E-17));
#4009=DIRECTION('',(-1.52117864326303E-17,1.,9.31453278201692E-34));
#4010=DIRECTION('',(-1.,-1.52117864326303E-17,6.12323399573677E-17));
#4011=DIRECTION('',(1.52117864326303E-17,-1.,-9.31453278201692E-34));
#4012=DIRECTION('',(-1.,-1.52117864326303E-17,6.12323399573677E-17));
#4013=DIRECTION('',(1.,1.52117864326303E-17,-6.12323399573677E-17));
#4014=DIRECTION('',(-1.52117864326303E-17,1.,9.31453278201692E-34));
#4015=DIRECTION('',(-1.,-1.52117864326303E-17,6.12323399573677E-17));
#4016=DIRECTION('',(1.52117864326303E-17,-1.,-9.31453278201692E-34));
#4017=DIRECTION('',(-1.,-1.52117864326303E-17,6.12323399573677E-17));
#4018=DIRECTION('',(1.,1.52117864326303E-17,-6.12323399573677E-17));
#4019=DIRECTION('',(-1.52117864326303E-17,1.,9.31453278201692E-34));
#4020=DIRECTION('',(-1.,-1.52117864326303E-17,6.12323399573677E-17));
#4021=DIRECTION('',(1.52117864326303E-17,-1.,-9.31453278201692E-34));
#4022=DIRECTION('',(-1.,-1.52117864326303E-17,6.12323399573677E-17));
#4023=DIRECTION('',(1.,1.52117864326303E-17,-6.12323399573677E-17));
#4024=DIRECTION('',(-1.52117864326303E-17,1.,9.31453278201692E-34));
#4025=DIRECTION('',(-1.,-1.52117864326303E-17,6.12323399573677E-17));
#4026=DIRECTION('',(1.52117864326303E-17,-1.,-9.31453278201692E-34));
#4027=DIRECTION('',(-1.,-1.52117864326303E-17,6.12323399573677E-17));
#4028=DIRECTION('',(1.,1.52117864326303E-17,-6.12323399573677E-17));
#4029=DIRECTION('',(-1.52117864326303E-17,1.,9.31453278201692E-34));
#4030=DIRECTION('',(-1.,-1.52117864326303E-17,6.12323399573677E-17));
#4031=DIRECTION('',(1.52117864326303E-17,-1.,-9.31453278201692E-34));
#4032=DIRECTION('',(-1.,-1.52117864326303E-17,6.12323399573677E-17));
#4033=DIRECTION('',(1.,1.52117864326303E-17,-6.12323399573677E-17));
#4034=DIRECTION('',(-1.52117864326303E-17,1.,9.31453278201692E-34));
#4035=DIRECTION('',(-1.,-1.52117864326303E-17,6.12323399573677E-17));
#4036=DIRECTION('',(1.52117864326303E-17,-1.,-9.31453278201692E-34));
#4037=DIRECTION('',(-1.,-1.52117864326303E-17,6.12323399573677E-17));
#4038=DIRECTION('',(1.,1.52117864326303E-17,-6.12323399573677E-17));
#4039=DIRECTION('',(-1.52117864326303E-17,1.,9.31453278201692E-34));
#4040=DIRECTION('',(-1.,-1.52117864326303E-17,6.12323399573677E-17));
#4041=DIRECTION('',(1.52117864326303E-17,-1.,-9.31453278201692E-34));
#4042=DIRECTION('',(-1.,-1.52117864326303E-17,6.12323399573677E-17));
#4043=DIRECTION('',(1.,1.52117864326303E-17,-6.12323399573677E-17));
#4044=DIRECTION('',(-1.52117864326303E-17,1.,9.31453278201692E-34));
#4045=DIRECTION('',(-1.,-1.52117864326303E-17,6.12323399573677E-17));
#4046=DIRECTION('',(1.52117864326303E-17,-1.,-9.31453278201692E-34));
#4047=DIRECTION('',(-1.,-1.52117864326303E-17,6.12323399573677E-17));
#4048=DIRECTION('',(1.,1.52117864326303E-17,-6.12323399573677E-17));
#4049=DIRECTION('',(-1.52117864326303E-17,1.,9.31453278201692E-34));
#4050=DIRECTION('',(-1.,-1.52117864326303E-17,6.12323399573677E-17));
#4051=DIRECTION('',(1.52117864326303E-17,-1.,-9.31453278201692E-34));
#4052=DIRECTION('',(-1.,-1.52117864326303E-17,6.12323399573677E-17));
#4053=DIRECTION('',(1.,1.52117864326303E-17,-6.12323399573677E-17));
#4054=DIRECTION('',(-1.52117864326303E-17,1.,9.31453278201692E-34));
#4055=DIRECTION('',(-1.,-1.52117864326303E-17,6.12323399573677E-17));
#4056=DIRECTION('',(1.52117864326303E-17,-1.,-9.31453278201692E-34));
#4057=DIRECTION('',(-1.,-1.52117864326303E-17,6.12323399573677E-17));
#4058=DIRECTION('',(1.,1.52117864326303E-17,-6.12323399573677E-17));
#4059=DIRECTION('',(-1.52117864326303E-17,1.,9.31453278201692E-34));
#4060=DIRECTION('',(-1.,-1.52117864326303E-17,6.12323399573677E-17));
#4061=DIRECTION('',(1.52117864326303E-17,-1.,-9.31453278201692E-34));
#4062=DIRECTION('',(-1.,-1.52117864326303E-17,6.12323399573677E-17));
#4063=DIRECTION('',(1.,1.52117864326303E-17,-6.12323399573677E-17));
#4064=DIRECTION('',(-1.52117864326303E-17,1.,9.31453278201692E-34));
#4065=DIRECTION('',(-1.,-1.52117864326303E-17,6.12323399573677E-17));
#4066=DIRECTION('',(1.52117864326303E-17,-1.,-9.31453278201692E-34));
#4067=DIRECTION('',(-1.,-1.52117864326303E-17,6.12323399573677E-17));
#4068=DIRECTION('',(1.,1.52117864326303E-17,-6.12323399573677E-17));
#4069=DIRECTION('',(-1.52117864326303E-17,1.,9.31453278201692E-34));
#4070=DIRECTION('',(-1.,-1.52117864326303E-17,6.12323399573677E-17));
#4071=DIRECTION('',(1.52117864326303E-17,-1.,-9.31453278201692E-34));
#4072=DIRECTION('',(-1.,-1.52117864326303E-17,6.12323399573677E-17));
#4073=DIRECTION('',(1.,1.52117864326303E-17,-6.12323399573677E-17));
#4074=DIRECTION('',(-1.52117864326303E-17,1.,9.31453278201692E-34));
#4075=DIRECTION('',(-1.,-1.52117864326303E-17,6.12323399573677E-17));
#4076=DIRECTION('',(1.52117864326303E-17,-1.,-9.31453278201692E-34));
#4077=DIRECTION('',(-1.,-1.52117864326303E-17,6.12323399573677E-17));
#4078=DIRECTION('',(1.,1.52117864326303E-17,-6.12323399573677E-17));
#4079=DIRECTION('',(-1.52117864326303E-17,1.,9.31453278201692E-34));
#4080=DIRECTION('',(-1.,-1.52117864326303E-17,6.12323399573677E-17));
#4081=DIRECTION('',(1.52117864326303E-17,-1.,-9.31453278201692E-34));
#4082=DIRECTION('',(-1.,-1.52117864326303E-17,6.12323399573677E-17));
#4083=DIRECTION('',(1.,1.52117864326303E-17,-6.12323399573677E-17));
#4084=DIRECTION('',(-1.52117864326303E-17,1.,9.31453278201692E-34));
#4085=DIRECTION('',(-1.,-1.52117864326303E-17,6.12323399573677E-17));
#4086=DIRECTION('',(1.52117864326303E-17,-1.,-9.31453278201692E-34));
#4087=DIRECTION('',(-1.,-1.52117864326303E-17,6.12323399573677E-17));
#4088=DIRECTION('',(1.,1.52117864326303E-17,-6.12323399573677E-17));
#4089=DIRECTION('',(-1.52117864326303E-17,1.,9.31453278201692E-34));
#4090=DIRECTION('',(-6.30103096420303E-17,0.190940470225591,-0.981601618188372));
#4091=DIRECTION('',(-3.24018239333277E-18,0.981601618188372,0.190940470225591));
#4092=DIRECTION('',(-1.,-1.52117864326303E-17,6.12323399573677E-17));
#4093=DIRECTION('',(0.,-0.981601618186721,-0.190940470234077));
#4094=DIRECTION('',(-1.,-1.52117864326303E-17,6.12323399573677E-17));
#4095=DIRECTION('',(0.,-0.994810125656138,-0.10174877833183));
#4096=DIRECTION('',(-1.,-1.52117864326303E-17,6.12323399573677E-17));
#4097=DIRECTION('',(-1.,-1.52117864326303E-17,6.12323399573677E-17));
#4098=DIRECTION('',(6.12323399573677E-17,0.,1.));
#4099=DIRECTION('',(-1.,-1.52117864326303E-17,6.12323399573677E-17));
#4100=DIRECTION('',(-1.,-1.52117864326303E-17,6.12323399573677E-17));
#4101=DIRECTION('',(0.,-0.996307029826994,0.0858621122341744));
#4102=DIRECTION('',(-1.,-1.52117864326303E-17,6.12323399573677E-17));
#4103=DIRECTION('',(-1.,-1.52117864326303E-17,6.12323399573677E-17));
#4104=DIRECTION('',(6.12323399573677E-17,0.,1.));
#4105=DIRECTION('',(1.,1.52117864326303E-17,-6.12323399573677E-17));
#4106=DIRECTION('',(-1.52117864326303E-17,1.,9.31453278201692E-34));
#4107=DIRECTION('',(1.,1.52117864326303E-17,-6.12323399573677E-17));
#4108=DIRECTION('',(-1.52117864326303E-17,1.,9.31453278201692E-34));
#4109=DIRECTION('',(1.,1.52117864326303E-17,-6.12323399573677E-17));
#4110=DIRECTION('',(-1.52117864326303E-17,1.,9.31453278201692E-34));
#4111=DIRECTION('',(1.,1.52117864326303E-17,-6.12323399573677E-17));
#4112=DIRECTION('',(-1.52117864326303E-17,1.,9.31453278201692E-34));
#4113=DIRECTION('',(1.,1.52117864326303E-17,-6.12323399573677E-17));
#4114=DIRECTION('',(-1.52117864326303E-17,1.,9.31453278201692E-34));
#4115=DIRECTION('',(-1.,-1.52117864326303E-17,6.12323399573677E-17));
#4116=DIRECTION('',(1.52117864326303E-17,-1.,-9.31453278201692E-34));
#4117=DIRECTION('',(-1.,-1.52117864326303E-17,6.12323399573677E-17));
#4118=DIRECTION('',(1.52117864326303E-17,-1.,-9.31453278201692E-34));
#4119=DIRECTION('',(-1.,-1.52117864326303E-17,6.12323399573677E-17));
#4120=DIRECTION('',(-1.52117864326303E-17,1.,9.31453278201692E-34));
#4121=DIRECTION('',(1.,1.52117864326303E-17,-6.12323399573677E-17));
#4122=DIRECTION('',(-1.52117864326303E-17,1.,9.31453278201692E-34));
#4123=DIRECTION('',(1.,1.52117864326303E-17,-6.12323399573677E-17));
#4124=DIRECTION('',(-1.,-1.52117864326303E-17,6.12323399573677E-17));
#4125=DIRECTION('',(1.52117864326303E-17,-1.,-9.31453278201692E-34));
#4126=DIRECTION('',(1.,1.52117864326303E-17,-6.12323399573677E-17));
#4127=DIRECTION('',(1.,1.52117864326303E-17,-6.12323399573677E-17));
#4128=DIRECTION('',(-1.52117864326303E-17,1.,9.31453278201692E-34));
#4129=DIRECTION('',(-1.,-1.52117864326303E-17,6.12323399573677E-17));
#4130=DIRECTION('',(1.52117864326303E-17,-1.,-9.31453278201692E-34));
#4131=DIRECTION('',(1.,1.52117864326303E-17,-6.12323399573677E-17));
#4132=DIRECTION('',(-1.52117864326303E-17,1.,9.31453278201692E-34));
#4133=DIRECTION('',(-1.,-1.52117864326303E-17,6.12323399573677E-17));
#4134=DIRECTION('',(1.52117864326303E-17,-1.,-9.31453278201692E-34));
#4135=DIRECTION('',(1.,1.52117864326303E-17,-6.12323399573677E-17));
#4136=DIRECTION('',(-1.52117864326303E-17,1.,9.31453278201692E-34));
#4137=DIRECTION('',(-1.,-1.52117864326303E-17,6.12323399573677E-17));
#4138=DIRECTION('',(1.52117864326303E-17,-1.,-9.31453278201692E-34));
#4139=DIRECTION('',(1.,1.52117864326303E-17,-6.12323399573677E-17));
#4140=DIRECTION('',(1.,1.52117864326303E-17,-6.12323399573677E-17));
#4141=DIRECTION('',(-1.52117864326303E-17,1.,9.31453278201692E-34));
#4142=DIRECTION('',(-1.,-1.52117864326303E-17,6.12323399573677E-17));
#4143=DIRECTION('',(1.52117864326303E-17,-1.,-9.31453278201692E-34));
#4144=DIRECTION('',(1.,1.52117864326303E-17,-6.12323399573677E-17));
#4145=DIRECTION('',(1.,1.52117864326303E-17,-6.12323399573677E-17));
#4146=DIRECTION('',(-1.52117864326303E-17,1.,9.31453278201692E-34));
#4147=DIRECTION('',(-1.,-1.52117864326303E-17,6.12323399573677E-17));
#4148=DIRECTION('',(1.52117864326303E-17,-1.,-9.31453278201692E-34));
#4149=DIRECTION('',(-1.,-1.52117864326303E-17,6.12323399573677E-17));
#4150=DIRECTION('',(-1.52117864326303E-17,1.,9.31453278201692E-34));
#4151=DIRECTION('',(-1.,-1.52117864326303E-17,6.12323399573677E-17));
#4152=DIRECTION('',(1.52117864326303E-17,-1.,-9.31453278201692E-34));
#4153=DIRECTION('',(-1.,-1.52117864326303E-17,6.12323399573677E-17));
#4154=DIRECTION('',(1.52117864326303E-17,-1.,-9.31453278201692E-34));
#4155=DIRECTION('',(-1.,-1.52117864326303E-17,6.12323399573677E-17));
#4156=DIRECTION('',(-1.52117864326303E-17,1.,9.31453278201692E-34));
#4157=DIRECTION('',(1.,1.52117864326303E-17,-6.12323399573677E-17));
#4158=DIRECTION('',(-1.52117864326303E-17,1.,9.31453278201692E-34));
#4159=DIRECTION('',(6.12323399573677E-17,-8.67361737988404E-17,1.));
#4160=DIRECTION('',(0.,-1.,-8.67361737988404E-17));
#4161=DIRECTION('',(6.12323399573677E-17,-1.3010426069826E-16,1.));
#4162=DIRECTION('',(0.,-1.,-1.3010426069826E-16));
#4163=DIRECTION('',(4.37899634662852E-17,-0.866025403784439,0.5));
#4164=DIRECTION('',(0.,-0.5,-0.866025403784439));
#4165=DIRECTION('',(1.,1.52117864326303E-17,-6.12323399573677E-17));
#4166=DIRECTION('',(1.,1.52117864326303E-17,-6.12323399573677E-17));
#4167=DIRECTION('',(1.,1.52117864326303E-17,-6.12323399573677E-17));
#4168=DIRECTION('',(-6.12323399573677E-17,0.,-1.));
#4169=DIRECTION('',(1.,1.52117864326303E-17,-6.12323399573677E-17));
#4170=DIRECTION('',(-4.54228687199302E-17,-0.5,-0.866025403784439));
#4171=DIRECTION('',(0.,0.866025403784439,-0.5));
#4172=DIRECTION('',(1.,1.52117864326303E-17,-6.12323399573677E-17));
#4173=DIRECTION('',(1.,1.52117864326303E-17,-6.12323399573677E-17));
#4174=DIRECTION('',(-6.12323399573677E-17,0.,-1.));
#4175=DIRECTION('',(1.,1.52117864326303E-17,-6.12323399573677E-17));
#4176=DIRECTION('',(-4.37899634662852E-17,0.866025403784439,-0.5));
#4177=DIRECTION('',(0.,0.5,0.866025403784439));
#4178=DIRECTION('',(1.,1.52117864326303E-17,-6.12323399573677E-17));
#4179=DIRECTION('',(1.,1.52117864326303E-17,-6.12323399573677E-17));
#4180=DIRECTION('',(-6.12323399573677E-17,0.,-1.));
#4181=DIRECTION('',(1.,1.52117864326303E-17,-6.12323399573677E-17));
#4182=DIRECTION('',(4.54228687199302E-17,0.5,0.866025403784439));
#4183=DIRECTION('',(0.,-0.866025403784439,0.5));
#4184=DIRECTION('',(1.,1.52117864326303E-17,-6.12323399573677E-17));
#4185=DIRECTION('',(1.,1.52117864326303E-17,-6.12323399573677E-17));
#4186=DIRECTION('',(-6.12323399573677E-17,0.,-1.));
#4187=DIRECTION('',(-4.37899634662852E-17,0.866025403784439,-0.5));
#4188=DIRECTION('',(0.,0.5,0.866025403784439));
#4189=DIRECTION('',(1.,1.52117864326303E-17,-6.12323399573677E-17));
#4190=DIRECTION('',(1.,1.52117864326303E-17,-6.12323399573677E-17));
#4191=DIRECTION('',(1.,1.52117864326303E-17,-6.12323399573677E-17));
#4192=DIRECTION('',(-6.12323399573677E-17,0.,-1.));
#4193=DIRECTION('',(1.,1.52117864326303E-17,-6.12323399573677E-17));
#4194=DIRECTION('',(4.54228687199302E-17,0.5,0.866025403784439));
#4195=DIRECTION('',(0.,-0.866025403784439,0.5));
#4196=DIRECTION('',(1.,1.52117864326303E-17,-6.12323399573677E-17));
#4197=DIRECTION('',(1.,1.52117864326303E-17,-6.12323399573677E-17));
#4198=DIRECTION('',(-6.12323399573677E-17,0.,-1.));
#4199=DIRECTION('',(1.,1.52117864326303E-17,-6.12323399573677E-17));
#4200=DIRECTION('',(4.37899634662852E-17,-0.866025403784438,0.5));
#4201=DIRECTION('',(0.,-0.5,-0.866025403784438));
#4202=DIRECTION('',(1.,1.52117864326303E-17,-6.12323399573677E-17));
#4203=DIRECTION('',(1.,1.52117864326303E-17,-6.12323399573677E-17));
#4204=DIRECTION('',(-6.12323399573677E-17,0.,-1.));
#4205=DIRECTION('',(1.,1.52117864326303E-17,-6.12323399573677E-17));
#4206=DIRECTION('',(-4.54228687199302E-17,-0.5,-0.866025403784438));
#4207=DIRECTION('',(0.,0.866025403784438,-0.5));
#4208=DIRECTION('',(1.,1.52117864326303E-17,-6.12323399573677E-17));
#4209=DIRECTION('',(1.,1.52117864326303E-17,-6.12323399573677E-17));
#4210=DIRECTION('',(-6.12323399573677E-17,0.,-1.));
#4211=DIRECTION('',(-4.37899634662852E-17,0.866025403784439,-0.5));
#4212=DIRECTION('',(0.,0.5,0.866025403784439));
#4213=DIRECTION('',(1.,1.52117864326303E-17,-6.12323399573677E-17));
#4214=DIRECTION('',(1.,1.52117864326303E-17,-6.12323399573677E-17));
#4215=DIRECTION('',(1.,1.52117864326303E-17,-6.12323399573677E-17));
#4216=DIRECTION('',(-6.12323399573677E-17,0.,-1.));
#4217=DIRECTION('',(1.,1.52117864326303E-17,-6.12323399573677E-17));
#4218=DIRECTION('',(4.54228687199302E-17,0.5,0.866025403784439));
#4219=DIRECTION('',(0.,-0.866025403784439,0.5));
#4220=DIRECTION('',(1.,1.52117864326303E-17,-6.12323399573677E-17));
#4221=DIRECTION('',(1.,1.52117864326303E-17,-6.12323399573677E-17));
#4222=DIRECTION('',(-6.12323399573677E-17,0.,-1.));
#4223=DIRECTION('',(1.,1.52117864326303E-17,-6.12323399573677E-17));
#4224=DIRECTION('',(4.37899634662852E-17,-0.866025403784438,0.5));
#4225=DIRECTION('',(0.,-0.5,-0.866025403784438));
#4226=DIRECTION('',(1.,1.52117864326303E-17,-6.12323399573677E-17));
#4227=DIRECTION('',(1.,1.52117864326303E-17,-6.12323399573677E-17));
#4228=DIRECTION('',(-6.12323399573677E-17,0.,-1.));
#4229=DIRECTION('',(1.,1.52117864326303E-17,-6.12323399573677E-17));
#4230=DIRECTION('',(-4.54228687199302E-17,-0.5,-0.866025403784438));
#4231=DIRECTION('',(0.,0.866025403784438,-0.5));
#4232=DIRECTION('',(1.,1.52117864326303E-17,-6.12323399573677E-17));
#4233=DIRECTION('',(1.,1.52117864326303E-17,-6.12323399573677E-17));
#4234=DIRECTION('',(-6.12323399573677E-17,0.,-1.));
#4235=DIRECTION('',(-1.,-1.52117864326303E-17,6.12323399573677E-17));
#4236=DIRECTION('',(6.12323399573677E-17,1.37676466347366E-16,1.));
#4237=DIRECTION('',(3.04235728652606E-17,-1.,-1.86290655640339E-33));
#4238=DIRECTION('',(-1.,-1.52117864326303E-17,6.12323399573677E-17));
#4239=DIRECTION('',(6.12323399573677E-17,1.37676466347366E-16,1.));
#4240=DIRECTION('',(1.,3.04235728652606E-17,-1.22464679914735E-16));
#4241=DIRECTION('',(1.22464679914735E-16,1.86290655640339E-33,1.));
#4242=DIRECTION('',(1.,3.04235728652606E-17,-1.22464679914735E-16));
#4243=DIRECTION('',(3.04235728652606E-17,-1.,-1.86290655640339E-33));
#4244=DIRECTION('',(-1.,-1.52117864326303E-17,6.12323399573677E-17));
#4245=DIRECTION('',(6.12323399573677E-17,1.37676466347366E-16,1.));
#4246=DIRECTION('',(3.04235728652606E-17,-1.,-1.86290655640339E-33));
#4247=DIRECTION('',(1.,3.04235728652606E-17,-1.22464679914735E-16));
#4248=DIRECTION('',(3.04235728652606E-17,-1.,-1.86290655640339E-33));
#4249=DIRECTION('',(-1.,-1.52117864326303E-17,6.12323399573677E-17));
#4250=DIRECTION('',(6.12323399573677E-17,1.37676466347366E-16,1.));
#4251=DIRECTION('',(3.04235728652606E-17,-1.,-1.86290655640339E-33));
#4252=DIRECTION('',(1.,3.04235728652606E-17,-1.22464679914735E-16));
#4253=DIRECTION('',(3.04235728652606E-17,-1.,-1.86290655640339E-33));
#4254=DIRECTION('',(1.,3.04235728652606E-17,-1.22464679914735E-16));
#4255=DIRECTION('',(1.22464679914735E-16,1.86290655640339E-33,1.));
#4256=DIRECTION('',(-1.,-1.52117864326303E-17,6.12323399573677E-17));
#4257=DIRECTION('',(6.12323399573677E-17,1.37676466347366E-16,1.));
#4258=DIRECTION('',(1.,3.04235728652606E-17,-1.22464679914735E-16));
#4259=DIRECTION('',(3.04235728652606E-17,-1.,-1.86290655640339E-33));
#4260=DIRECTION('',(1.,3.04235728652606E-17,-1.22464679914735E-16));
#4261=DIRECTION('',(1.22464679914735E-16,1.86290655640339E-33,1.));
#4262=DIRECTION('',(-1.,-1.52117864326303E-17,6.12323399573677E-17));
#4263=DIRECTION('',(6.12323399573677E-17,1.37676466347366E-16,1.));
#4264=DIRECTION('',(1.22464679914735E-16,1.86290655640339E-33,1.));
#4265=DIRECTION('',(-1.,-3.04235728652606E-17,1.22464679914735E-16));
#4266=DIRECTION('',(1.,3.04235728652606E-17,-1.22464679914735E-16));
#4267=DIRECTION('',(3.04235728652606E-17,-1.,-1.86290655640339E-33));
#4268=DIRECTION('',(3.04235728652606E-17,-1.,-1.86290655640339E-33));
#4269=DIRECTION('',(1.,3.04235728652606E-17,-1.22464679914735E-16));
#4270=DIRECTION('',(3.04235728652606E-17,-1.,-1.86290655640339E-33));
#4271=DIRECTION('',(-1.,-3.04235728652606E-17,1.22464679914735E-16));
#4272=DIRECTION('',(3.04235728652606E-17,-1.,-1.86290655640339E-33));
#4273=DIRECTION('',(-1.,-3.04235728652606E-17,1.22464679914735E-16));
#4274=DIRECTION('',(3.04235728652606E-17,-1.,-1.86290655640339E-33));
#4275=DIRECTION('',(6.50828909426005E-17,0.707106781186548,0.707106781186548));
#4276=DIRECTION('',(1.08108320304498E-16,-0.707106781186548,0.707106781186548));
#4277=DIRECTION('',(1.,3.04235728652606E-17,-1.22464679914735E-16));
#4278=DIRECTION('',(1.08108320304498E-16,-0.707106781186548,0.707106781186548));
#4279=DIRECTION('',(1.08108320304498E-16,-0.707106781186548,0.707106781186548));
#4280=DIRECTION('',(-3.04235728652606E-17,1.,1.86290655640339E-33));
#4281=DIRECTION('',(1.22464679914735E-16,1.86290655640339E-33,1.));
#4282=DIRECTION('',(1.,3.04235728652606E-17,-1.22464679914735E-16));
#4283=DIRECTION('',(1.22464679914735E-16,1.86290655640339E-33,1.));
#4284=DIRECTION('',(1.22464679914735E-16,1.86290655640339E-33,1.));
#4285=DIRECTION('',(1.08108320304498E-16,-0.707106781186548,0.707106781186548));
#4286=DIRECTION('',(-6.50828909426006E-17,-0.707106781186548,-0.707106781186548));
#4287=DIRECTION('',(-6.50828909426006E-17,-0.707106781186548,-0.707106781186548));
#4288=DIRECTION('',(-6.50828909426006E-17,-0.707106781186548,-0.707106781186548));
#4289=DIRECTION('',(1.,3.04235728652606E-17,-1.22464679914735E-16));
#4290=DIRECTION('',(1.22464679914735E-16,1.86290655640339E-33,1.));
#4291=DIRECTION('',(-1.,-3.04235728652606E-17,1.22464679914735E-16));
#4292=DIRECTION('',(3.04235728652606E-17,-1.,-1.86290655640339E-33));
#4293=DIRECTION('',(3.04235728652606E-17,-1.,-1.86290655640339E-33));
#4294=DIRECTION('',(3.04235728652606E-17,-1.,-1.86290655640339E-33));
#4295=DIRECTION('',(1.,3.04235728652606E-17,-1.22464679914735E-16));
#4296=DIRECTION('',(-6.50828909426005E-17,-0.707106781186548,-0.707106781186547));
#4297=DIRECTION('',(-1.08108320304498E-16,0.707106781186548,-0.707106781186548));
#4298=DIRECTION('',(1.,3.04235728652606E-17,-1.22464679914735E-16));
#4299=DIRECTION('',(-1.08108320304498E-16,0.707106781186548,-0.707106781186548));
#4300=DIRECTION('',(-1.08108320304498E-16,0.707106781186548,-0.707106781186548));
#4301=DIRECTION('',(-3.04235728652606E-17,1.,1.86290655640339E-33));
#4302=DIRECTION('',(1.22464679914735E-16,1.86290655640339E-33,1.));
#4303=DIRECTION('',(1.22464679914735E-16,1.86290655640339E-33,1.));
#4304=DIRECTION('',(1.22464679914735E-16,1.86290655640339E-33,1.));
#4305=DIRECTION('',(1.,3.04235728652606E-17,-1.22464679914735E-16));
#4306=DIRECTION('',(-1.08108320304498E-16,0.707106781186548,-0.707106781186548));
#4307=DIRECTION('',(6.50828909426006E-17,0.707106781186548,0.707106781186548));
#4308=DIRECTION('',(6.50828909426006E-17,0.707106781186548,0.707106781186548));
#4309=DIRECTION('',(6.50828909426006E-17,0.707106781186548,0.707106781186548));
#4310=DIRECTION('',(1.22464679914735E-16,1.86290655640339E-33,1.));
#4311=DIRECTION('',(-1.,-3.04235728652606E-17,1.22464679914735E-16));
#4312=DIRECTION('',(1.,3.04235728652606E-17,-1.22464679914735E-16));
#4313=DIRECTION('',(1.,3.04235728652606E-17,-1.22464679914735E-16));
#4314=DIRECTION('',(3.04235728652606E-17,-1.,-1.86290655640339E-33));
#4315=DIRECTION('',(1.,3.04235728652606E-17,-1.22464679914735E-16));
#4316=DIRECTION('',(1.22464679914735E-16,1.86290655640339E-33,1.));
#4317=DIRECTION('',(1.,3.04235728652606E-17,-1.22464679914735E-16));
#4318=DIRECTION('',(1.,3.04235728652606E-17,-1.22464679914735E-16));
#4319=DIRECTION('',(1.22464679914735E-16,1.86290655640339E-33,1.));
#4320=DIRECTION('',(-3.04235728652606E-17,1.,9.50533411494141E-17));
#4321=DIRECTION('',(1.22464679914735E-16,-9.50533411494141E-17,1.));
#4322=DIRECTION('',(1.,3.04235728652606E-17,-1.22464679914735E-16));
#4323=DIRECTION('',(1.22464679914735E-16,-9.50533411494141E-17,1.));
#4324=DIRECTION('',(1.,3.04235728652606E-17,-1.22464679914735E-16));
#4325=DIRECTION('',(1.22464679914735E-16,1.86290655640339E-33,1.));
#4326=DIRECTION('',(1.,3.04235728652606E-17,-1.22464679914735E-16));
#4327=DIRECTION('',(1.,3.04235728652606E-17,-1.22464679914735E-16));
#4328=DIRECTION('',(1.22464679914735E-16,1.86290655640339E-33,1.));
#4329=DIRECTION('',(1.22464679914735E-16,1.86290655640339E-33,1.));
#4330=DIRECTION('',(-1.,-3.04235728652606E-17,1.22464679914735E-16));
#4331=DIRECTION('',(3.04235728652606E-17,-1.,-1.86290655640339E-33));
#4332=DIRECTION('',(1.,3.04235728652606E-17,-1.22464679914735E-16));
#4333=DIRECTION('',(-3.04235728652606E-17,1.,1.86290655640339E-33));
#4334=DIRECTION('',(1.,3.04235728652606E-17,-1.22464679914735E-16));
#4335=DIRECTION('',(3.04235728652606E-17,-1.,-1.86290655640339E-33));
#4336=DIRECTION('',(1.,3.04235728652606E-17,-1.22464679914735E-16));
#4337=DIRECTION('',(3.04235728652606E-17,-1.,-1.86290655640339E-33));
#4338=DIRECTION('',(1.,3.04235728652606E-17,-1.22464679914735E-16));
#4339=DIRECTION('',(1.22464679914735E-16,1.86290655640339E-33,1.));
#4340=DIRECTION('',(1.,3.04235728652606E-17,-1.22464679914735E-16));
#4341=DIRECTION('',(1.22464679914735E-16,1.86290655640339E-33,1.));
#4342=DIRECTION('',(1.,3.04235728652606E-17,-1.22464679914735E-16));
#4343=DIRECTION('',(1.22464679914735E-16,1.86290655640339E-33,1.));
#4344=DIRECTION('',(1.,3.04235728652606E-17,-1.22464679914735E-16));
#4345=DIRECTION('',(1.,3.04235728652606E-17,-1.22464679914735E-16));
#4346=DIRECTION('',(1.22464679914735E-16,1.86290655640339E-33,1.));
#4347=DIRECTION('',(-3.04235728652606E-17,1.,1.86290655640339E-33));
#4348=DIRECTION('',(1.22464679914735E-16,1.86290655640339E-33,1.));
#4349=DIRECTION('',(1.22464679914735E-16,1.86290655640339E-33,1.));
#4350=DIRECTION('',(1.22464679914735E-16,1.86290655640339E-33,1.));
#4351=DIRECTION('',(1.,3.04235728652606E-17,-1.22464679914735E-16));
#4352=DIRECTION('',(1.,3.04235728652606E-17,-1.22464679914735E-16));
#4353=DIRECTION('',(1.22464679914735E-16,1.86290655640339E-33,1.));
#4354=DIRECTION('',(1.,3.04235728652606E-17,-1.22464679914735E-16));
#4355=DIRECTION('',(1.22464679914735E-16,1.86290655640339E-33,1.));
#4356=DIRECTION('',(1.,3.04235728652606E-17,-1.22464679914735E-16));
#4357=DIRECTION('',(1.22464679914735E-16,1.86290655640339E-33,1.));
#4358=DIRECTION('',(1.,3.04235728652606E-17,-1.22464679914735E-16));
#4359=DIRECTION('',(3.04235728652606E-17,-1.,-1.86290655640339E-33));
#4360=DIRECTION('',(-1.22464679914735E-16,-1.86290655640339E-33,-1.));
#4361=DIRECTION('',(-1.22464679914735E-16,-1.86290655640339E-33,-1.));
#4362=DIRECTION('',(-3.04235728652606E-17,1.,1.86290655640339E-33));
#4363=DIRECTION('',(1.22464679914735E-16,1.86290655640339E-33,1.));
#4364=DIRECTION('',(-1.22464679914735E-16,-1.86290655640339E-33,-1.));
#4365=DIRECTION('',(-3.04235728652606E-17,1.,1.86290655640339E-33));
#4366=DIRECTION('',(1.22464679914735E-16,1.86290655640339E-33,1.));
#4367=DIRECTION('',(-1.22464679914735E-16,-1.86290655640339E-33,-1.));
#4368=DIRECTION('',(-1.,-3.04235728652606E-17,1.22464679914735E-16));
#4369=DIRECTION('',(-1.22464679914735E-16,-1.86290655640339E-33,-1.));
#4370=DIRECTION('',(-1.,-1.52117864326303E-17,6.12323399573677E-17));
#4371=DIRECTION('',(6.12323399573677E-17,1.37676466347366E-16,1.));
#4372=DIRECTION('',(-1.,-1.52117864326303E-17,6.12323399573677E-17));
#4373=DIRECTION('',(6.12323399573677E-17,1.37676466347366E-16,1.));
#4374=DIRECTION('',(-1.,-1.52117864326303E-17,6.12323399573677E-17));
#4375=DIRECTION('',(6.12323399573677E-17,1.37676466347366E-16,1.));
#4376=DIRECTION('',(-1.,-1.52117864326303E-17,6.12323399573677E-17));
#4377=DIRECTION('',(6.12323399573677E-17,1.37676466347366E-16,1.));
#4378=DIRECTION('',(-1.,-1.52117864326303E-17,6.12323399573677E-17));
#4379=DIRECTION('',(6.12323399573677E-17,1.37676466347366E-16,1.));
#4380=DIRECTION('',(-1.,-1.52117864326303E-17,6.12323399573677E-17));
#4381=DIRECTION('',(6.12323399573677E-17,1.37676466347366E-16,1.));
#4382=DIRECTION('',(-1.,-1.52117864326303E-17,6.12323399573677E-17));
#4383=DIRECTION('',(6.12323399573677E-17,1.37676466347366E-16,1.));
#4384=DIRECTION('',(-1.,-1.52117864326303E-17,6.12323399573677E-17));
#4385=DIRECTION('',(6.12323399573677E-17,1.37676466347366E-16,1.));
#4386=DIRECTION('',(-1.,-1.52117864326303E-17,6.12323399573677E-17));
#4387=DIRECTION('',(6.12323399573677E-17,1.37676466347366E-16,1.));
#4388=DIRECTION('',(-1.,-1.52117864326303E-17,6.12323399573677E-17));
#4389=DIRECTION('',(6.12323399573677E-17,1.37676466347366E-16,1.));
#4390=DIRECTION('',(-1.,-1.52117864326303E-17,6.12323399573677E-17));
#4391=DIRECTION('',(6.12323399573677E-17,1.37676466347366E-16,1.));
#4392=DIRECTION('',(-1.,-1.52117864326303E-17,6.12323399573677E-17));
#4393=DIRECTION('',(6.12323399573677E-17,1.37676466347366E-16,1.));
#4394=DIRECTION('',(-1.,-1.52117864326303E-17,6.12323399573677E-17));
#4395=DIRECTION('',(6.12323399573677E-17,1.37676466347366E-16,1.));
#4396=DIRECTION('',(-1.,-1.52117864326303E-17,6.12323399573677E-17));
#4397=DIRECTION('',(6.12323399573677E-17,1.37676466347366E-16,1.));
#4398=DIRECTION('',(-1.,-1.52117864326303E-17,6.12323399573677E-17));
#4399=DIRECTION('',(6.12323399573677E-17,1.37676466347366E-16,1.));
#4400=DIRECTION('',(-1.,-1.52117864326303E-17,6.12323399573677E-17));
#4401=DIRECTION('',(6.12323399573677E-17,1.37676466347366E-16,1.));
#4402=DIRECTION('',(-1.,-1.52117864326303E-17,6.12323399573677E-17));
#4403=DIRECTION('',(6.12323399573677E-17,1.37676466347366E-16,1.));
#4404=DIRECTION('',(-1.,-1.52117864326303E-17,6.12323399573677E-17));
#4405=DIRECTION('',(6.12323399573677E-17,1.37676466347366E-16,1.));
#4406=DIRECTION('',(-1.,-1.52117864326303E-17,6.12323399573677E-17));
#4407=DIRECTION('',(6.12323399573677E-17,1.37676466347366E-16,1.));
#4408=DIRECTION('',(-1.,-1.52117864326303E-17,6.12323399573677E-17));
#4409=DIRECTION('',(6.12323399573677E-17,1.37676466347366E-16,1.));
#4410=DIRECTION('',(-1.,-1.52117864326303E-17,6.12323399573677E-17));
#4411=DIRECTION('',(6.12323399573677E-17,1.37676466347366E-16,1.));
#4412=DIRECTION('',(-1.,-1.52117864326303E-17,6.12323399573677E-17));
#4413=DIRECTION('',(6.12323399573677E-17,1.37676466347366E-16,1.));
#4414=DIRECTION('',(-1.,-1.52117864326303E-17,6.12323399573677E-17));
#4415=DIRECTION('',(6.12323399573677E-17,1.37676466347366E-16,1.));
#4416=DIRECTION('',(-1.,-1.52117864326303E-17,6.12323399573677E-17));
#4417=DIRECTION('',(6.12323399573677E-17,1.37676466347366E-16,1.));
#4418=DIRECTION('',(-1.,-1.52117864326303E-17,6.12323399573677E-17));
#4419=DIRECTION('',(6.12323399573677E-17,1.37676466347366E-16,1.));
#4420=DIRECTION('',(-1.,-1.52117864326303E-17,6.12323399573677E-17));
#4421=DIRECTION('',(6.12323399573677E-17,1.37676466347366E-16,1.));
#4422=DIRECTION('',(-1.,-1.52117864326303E-17,6.12323399573677E-17));
#4423=DIRECTION('',(6.12323399573677E-17,1.37676466347366E-16,1.));
#4424=DIRECTION('',(-1.,-1.52117864326303E-17,6.12323399573677E-17));
#4425=DIRECTION('',(6.12323399573677E-17,1.37676466347366E-16,1.));
#4426=DIRECTION('',(-1.,-1.52117864326303E-17,6.12323399573677E-17));
#4427=DIRECTION('',(6.12323399573677E-17,1.37676466347366E-16,1.));
#4428=DIRECTION('',(-1.,-1.52117864326303E-17,6.12323399573677E-17));
#4429=DIRECTION('',(6.12323399573677E-17,1.37676466347366E-16,1.));
#4430=DIRECTION('',(-1.,-1.52117864326303E-17,6.12323399573677E-17));
#4431=DIRECTION('',(6.12323399573677E-17,1.37676466347366E-16,1.));
#4432=DIRECTION('',(-1.,-1.52117864326303E-17,6.12323399573677E-17));
#4433=DIRECTION('',(6.12323399573677E-17,1.37676466347366E-16,1.));
#4434=DIRECTION('',(-1.,-1.52117864326303E-17,6.12323399573677E-17));
#4435=DIRECTION('',(6.12323399573677E-17,1.37676466347366E-16,1.));
#4436=DIRECTION('',(1.,1.52117864326303E-17,-6.12323399573677E-17));
#4437=DIRECTION('',(-6.12323399573677E-17,-1.37676466347366E-16,-1.));
#4438=DIRECTION('',(-1.,-1.52117864326303E-17,6.12323399573677E-17));
#4439=DIRECTION('',(6.12323399573677E-17,1.37676466347366E-16,1.));
#4440=DIRECTION('',(-1.,-1.52117864326303E-17,6.12323399573677E-17));
#4441=DIRECTION('',(6.12323399573677E-17,1.37676466347366E-16,1.));
#4442=DIRECTION('',(-1.,-1.52117864326303E-17,6.12323399573677E-17));
#4443=DIRECTION('',(6.12323399573677E-17,1.37676466347366E-16,1.));
#4444=DIRECTION('',(-1.,-1.52117864326303E-17,6.12323399573677E-17));
#4445=DIRECTION('',(6.12323399573677E-17,1.37676466347366E-16,1.));
#4446=DIRECTION('',(-1.,-1.52117864326303E-17,6.12323399573677E-17));
#4447=DIRECTION('',(6.12323399573677E-17,1.37676466347366E-16,1.));
#4448=DIRECTION('',(-1.,-1.52117864326303E-17,6.12323399573677E-17));
#4449=DIRECTION('',(6.12323399573677E-17,1.37676466347366E-16,1.));
#4450=DIRECTION('',(-1.,-1.52117864326303E-17,6.12323399573677E-17));
#4451=DIRECTION('',(6.12323399573677E-17,1.37676466347366E-16,1.));
#4452=DIRECTION('',(-1.,-1.52117864326303E-17,6.12323399573677E-17));
#4453=DIRECTION('',(6.12323399573677E-17,1.37676466347366E-16,1.));
#4454=DIRECTION('',(-1.,-1.52117864326303E-17,6.12323399573677E-17));
#4455=DIRECTION('',(6.12323399573677E-17,1.37676466347366E-16,1.));
#4456=DIRECTION('',(-1.,-1.52117864326303E-17,6.12323399573677E-17));
#4457=DIRECTION('',(6.12323399573677E-17,1.37676466347366E-16,1.));
#4458=DIRECTION('',(-1.,-1.52117864326303E-17,6.12323399573677E-17));
#4459=DIRECTION('',(6.12323399573677E-17,1.37676466347366E-16,1.));
#4460=DIRECTION('',(-1.,-1.52117864326303E-17,6.12323399573677E-17));
#4461=DIRECTION('',(6.12323399573677E-17,1.37676466347366E-16,1.));
#4462=DIRECTION('',(-1.,-1.52117864326303E-17,6.12323399573677E-17));
#4463=DIRECTION('',(6.12323399573677E-17,1.37676466347366E-16,1.));
#4464=DIRECTION('',(-1.,-1.52117864326303E-17,6.12323399573677E-17));
#4465=DIRECTION('',(6.12323399573677E-17,1.37676466347366E-16,1.));
#4466=DIRECTION('',(-1.,-1.52117864326303E-17,6.12323399573677E-17));
#4467=DIRECTION('',(6.12323399573677E-17,1.37676466347366E-16,1.));
#4468=DIRECTION('',(-1.,-1.52117864326303E-17,6.12323399573677E-17));
#4469=DIRECTION('',(6.12323399573677E-17,1.37676466347366E-16,1.));
#4470=DIRECTION('',(-1.,-1.52117864326303E-17,6.12323399573677E-17));
#4471=DIRECTION('',(6.12323399573677E-17,1.37676466347366E-16,1.));
#4472=DIRECTION('',(-1.,-1.52117864326303E-17,6.12323399573677E-17));
#4473=DIRECTION('',(6.12323399573677E-17,1.37676466347366E-16,1.));
#4474=DIRECTION('',(-1.,-1.52117864326303E-17,6.12323399573677E-17));
#4475=DIRECTION('',(6.12323399573677E-17,1.37676466347366E-16,1.));
#4476=DIRECTION('',(1.,1.52117864326303E-17,-6.12323399573677E-17));
#4477=DIRECTION('',(-6.12323399573677E-17,-1.37676466347366E-16,-1.));
#4478=DIRECTION('',(1.,1.52117864326303E-17,-6.12323399573677E-17));
#4479=DIRECTION('',(-6.12323399573677E-17,-1.37676466347366E-16,-1.));
#4480=DIRECTION('',(1.,1.52117864326303E-17,-6.12323399573677E-17));
#4481=DIRECTION('',(-6.12323399573677E-17,-1.37676466347366E-16,-1.));
#4482=DIRECTION('',(1.,1.52117864326303E-17,-6.12323399573677E-17));
#4483=DIRECTION('',(-6.12323399573677E-17,-1.37676466347366E-16,-1.));
#4484=DIRECTION('',(-1.,-1.52117864326303E-17,6.12323399573677E-17));
#4485=DIRECTION('',(6.12323399573677E-17,1.37676466347366E-16,1.));
#4486=DIRECTION('',(-1.,-1.52117864326303E-17,6.12323399573677E-17));
#4487=DIRECTION('',(6.12323399573677E-17,1.37676466347366E-16,1.));
#4488=DIRECTION('',(-1.,-1.52117864326303E-17,6.12323399573677E-17));
#4489=DIRECTION('',(-1.,-1.52117864326303E-17,6.12323399573677E-17));
#4490=DIRECTION('',(6.12323399573677E-17,1.37676466347366E-16,1.));
#4491=DIRECTION('',(-1.,-1.52117864326303E-17,6.12323399573677E-17));
#4492=DIRECTION('',(-1.,-1.52117864326303E-17,6.12323399573677E-17));
#4493=DIRECTION('',(6.12323399573677E-17,1.37676466347366E-16,1.));
#4494=DIRECTION('',(-1.,-1.52117864326303E-17,6.12323399573677E-17));
#4495=DIRECTION('',(-1.,-1.52117864326303E-17,6.12323399573677E-17));
#4496=DIRECTION('',(6.12323399573677E-17,1.37676466347366E-16,1.));
#4497=DIRECTION('',(-1.,-1.52117864326303E-17,6.12323399573677E-17));
#4498=DIRECTION('',(-1.,-1.52117864326303E-17,6.12323399573677E-17));
#4499=DIRECTION('',(6.12323399573677E-17,1.37676466347366E-16,1.));
#4500=DIRECTION('',(-1.,-1.52117864326303E-17,6.12323399573677E-17));
#4501=DIRECTION('',(-1.,-1.52117864326303E-17,6.12323399573677E-17));
#4502=DIRECTION('',(6.12323399573677E-17,1.37676466347366E-16,1.));
#4503=DIRECTION('',(-1.,-1.52117864326303E-17,6.12323399573677E-17));
#4504=DIRECTION('',(-1.,-1.52117864326303E-17,6.12323399573677E-17));
#4505=DIRECTION('',(6.12323399573677E-17,1.37676466347366E-16,1.));
#4506=DIRECTION('',(-1.,-1.52117864326303E-17,6.12323399573677E-17));
#4507=DIRECTION('',(-1.,-1.52117864326303E-17,6.12323399573677E-17));
#4508=DIRECTION('',(6.12323399573677E-17,1.37676466347366E-16,1.));
#4509=DIRECTION('',(-1.,-1.52117864326303E-17,6.12323399573677E-17));
#4510=DIRECTION('',(-1.,-1.52117864326303E-17,6.12323399573677E-17));
#4511=DIRECTION('',(6.12323399573677E-17,1.37676466347366E-16,1.));
#4512=DIRECTION('',(-1.,-1.52117864326303E-17,6.12323399573677E-17));
#4513=DIRECTION('',(-1.,-1.52117864326303E-17,6.12323399573677E-17));
#4514=DIRECTION('',(6.12323399573677E-17,1.37676466347366E-16,1.));
#4515=DIRECTION('',(-1.,-1.52117864326303E-17,6.12323399573677E-17));
#4516=DIRECTION('',(-1.,-1.52117864326303E-17,6.12323399573677E-17));
#4517=DIRECTION('',(6.12323399573677E-17,1.37676466347366E-16,1.));
#4518=DIRECTION('',(-1.,-1.52117864326303E-17,6.12323399573677E-17));
#4519=DIRECTION('',(-1.,-1.52117864326303E-17,6.12323399573677E-17));
#4520=DIRECTION('',(6.12323399573677E-17,1.37676466347366E-16,1.));
#4521=DIRECTION('',(-1.,-1.52117864326303E-17,6.12323399573677E-17));
#4522=DIRECTION('',(-1.,-1.52117864326303E-17,6.12323399573677E-17));
#4523=DIRECTION('',(6.12323399573677E-17,1.37676466347366E-16,1.));
#4524=DIRECTION('',(-1.,-1.52117864326303E-17,6.12323399573677E-17));
#4525=DIRECTION('',(6.12323399573677E-17,1.37676466347366E-16,1.));
#4526=DIRECTION('',(-1.,-1.52117864326303E-17,6.12323399573677E-17));
#4527=DIRECTION('',(6.12323399573677E-17,1.37676466347366E-16,1.));
#4528=DIRECTION('',(-1.,-1.52117864326303E-17,6.12323399573677E-17));
#4529=DIRECTION('',(6.12323399573677E-17,1.37676466347366E-16,1.));
#4530=DIRECTION('',(-1.,-1.52117864326303E-17,6.12323399573677E-17));
#4531=DIRECTION('',(6.12323399573677E-17,1.37676466347366E-16,1.));
#4532=DIRECTION('',(-1.,-1.52117864326303E-17,6.12323399573677E-17));
#4533=DIRECTION('',(6.12323399573677E-17,1.37676466347366E-16,1.));
#4534=DIRECTION('',(-1.,-1.52117864326303E-17,6.12323399573677E-17));
#4535=DIRECTION('',(6.12323399573677E-17,1.37676466347366E-16,1.));
#4536=DIRECTION('',(-1.,-1.52117864326303E-17,6.12323399573677E-17));
#4537=DIRECTION('',(6.12323399573677E-17,1.37676466347366E-16,1.));
#4538=DIRECTION('',(-1.,-1.52117864326303E-17,6.12323399573677E-17));
#4539=DIRECTION('',(6.12323399573677E-17,1.37676466347366E-16,1.));
#4540=DIRECTION('',(1.,1.52117864326303E-17,-6.12323399573677E-17));
#4541=DIRECTION('',(-6.12323399573677E-17,-1.37676466347366E-16,-1.));
#4542=DIRECTION('',(1.,1.52117864326303E-17,-6.12323399573677E-17));
#4543=DIRECTION('',(-6.12323399573677E-17,-1.37676466347366E-16,-1.));
#4544=DIRECTION('',(-1.,-1.52117864326303E-17,6.12323399573677E-17));
#4545=DIRECTION('',(-1.,-1.52117864326303E-17,6.12323399573677E-17));
#4546=DIRECTION('',(6.12323399573677E-17,1.37676466347366E-16,1.));
#4547=DIRECTION('',(-1.,-1.52117864326303E-17,6.12323399573677E-17));
#4548=DIRECTION('',(1.,1.52117864326303E-17,-6.12323399573677E-17));
#4549=DIRECTION('',(6.12323399573677E-17,1.37676466347366E-16,1.));
#4550=DIRECTION('',(1.,1.52117864326303E-17,-6.12323399573677E-17));
#4551=DIRECTION('',(-6.12323399573677E-17,-1.37676466347366E-16,-1.));
#4552=DIRECTION('',(1.,1.52117864326303E-17,-6.12323399573677E-17));
#4553=DIRECTION('',(-6.12323399573677E-17,-1.37676466347366E-16,-1.));
#4554=DIRECTION('',(1.,1.52117864326303E-17,-6.12323399573677E-17));
#4555=DIRECTION('',(-6.12323399573677E-17,-1.37676466347366E-16,-1.));
#4556=DIRECTION('',(-1.,-1.52117864326303E-17,6.12323399573677E-17));
#4557=DIRECTION('',(-1.,-1.52117864326303E-17,6.12323399573677E-17));
#4558=DIRECTION('',(6.12323399573677E-17,1.37676466347366E-16,1.));
#4559=DIRECTION('',(-1.,-1.52117864326303E-17,6.12323399573677E-17));
#4560=DIRECTION('',(1.,1.52117864326303E-17,-6.12323399573677E-17));
#4561=DIRECTION('',(6.12323399573677E-17,1.37676466347366E-16,1.));
#4562=DIRECTION('',(1.,1.52117864326303E-17,-6.12323399573677E-17));
#4563=DIRECTION('',(-6.12323399573677E-17,-1.37676466347366E-16,-1.));
#4564=DIRECTION('',(1.,1.52117864326303E-17,-6.12323399573677E-17));
#4565=DIRECTION('',(-6.12323399573677E-17,-1.37676466347366E-16,-1.));
#4566=DIRECTION('',(-1.,-1.52117864326303E-17,6.12323399573677E-17));
#4567=DIRECTION('',(-1.,-1.52117864326303E-17,6.12323399573677E-17));
#4568=DIRECTION('',(6.12323399573677E-17,1.37676466347366E-16,1.));
#4569=DIRECTION('',(-1.,-1.52117864326303E-17,6.12323399573677E-17));
#4570=DIRECTION('',(1.,1.52117864326303E-17,-6.12323399573677E-17));
#4571=DIRECTION('',(-6.12323399573677E-17,-1.37676466347366E-16,-1.));
#4572=DIRECTION('',(1.,1.52117864326303E-17,-6.12323399573677E-17));
#4573=DIRECTION('',(6.12323399573677E-17,1.37676466347366E-16,1.));
#4574=DIRECTION('',(1.,1.52117864326303E-17,-6.12323399573677E-17));
#4575=DIRECTION('',(-6.12323399573677E-17,-1.37676466347366E-16,-1.));
#4576=DIRECTION('',(1.,1.52117864326303E-17,-6.12323399573677E-17));
#4577=DIRECTION('',(-6.12323399573677E-17,-1.37676466347366E-16,-1.));
#4578=DIRECTION('',(-1.,-1.52117864326303E-17,6.12323399573677E-17));
#4579=DIRECTION('',(-1.,-1.52117864326303E-17,6.12323399573677E-17));
#4580=DIRECTION('',(6.12323399573677E-17,1.37676466347366E-16,1.));
#4581=DIRECTION('',(-1.,-1.52117864326303E-17,6.12323399573677E-17));
#4582=DIRECTION('',(1.,1.52117864326303E-17,-6.12323399573677E-17));
#4583=DIRECTION('',(-6.12323399573677E-17,-1.37676466347366E-16,-1.));
#4584=DIRECTION('',(1.,1.52117864326303E-17,-6.12323399573677E-17));
#4585=DIRECTION('',(6.12323399573677E-17,1.37676466347366E-16,1.));
#4586=DIRECTION('',(1.,1.52117864326303E-17,-6.12323399573677E-17));
#4587=DIRECTION('',(-6.12323399573677E-17,-1.37676466347366E-16,-1.));
#4588=DIRECTION('',(-1.,-1.52117864326303E-17,6.12323399573677E-17));
#4589=DIRECTION('',(6.12323399573677E-17,1.37676466347366E-16,1.));
#4590=DIRECTION('',(-1.,-1.52117864326303E-17,6.12323399573677E-17));
#4591=DIRECTION('',(6.12323399573677E-17,1.37676466347366E-16,1.));
#4592=DIRECTION('',(-1.,-1.52117864326303E-17,6.12323399573677E-17));
#4593=DIRECTION('',(6.12323399573677E-17,1.37676466347366E-16,1.));
#4594=DIRECTION('',(-1.,-1.52117864326303E-17,6.12323399573677E-17));
#4595=DIRECTION('',(6.12323399573677E-17,1.37676466347366E-16,1.));
#4596=DIRECTION('',(-1.,-1.52117864326303E-17,6.12323399573677E-17));
#4597=DIRECTION('',(6.12323399573677E-17,1.37676466347366E-16,1.));
#4598=DIRECTION('',(-1.,-1.52117864326303E-17,6.12323399573677E-17));
#4599=DIRECTION('',(6.12323399573677E-17,1.37676466347366E-16,1.));
#4600=DIRECTION('',(-1.,-1.52117864326303E-17,6.12323399573677E-17));
#4601=DIRECTION('',(6.12323399573677E-17,1.37676466347366E-16,1.));
#4602=DIRECTION('',(-1.,-1.52117864326303E-17,6.12323399573677E-17));
#4603=DIRECTION('',(6.12323399573677E-17,1.37676466347366E-16,1.));
#4604=DIRECTION('',(-1.,-1.52117864326303E-17,6.12323399573677E-17));
#4605=DIRECTION('',(6.12323399573677E-17,1.37676466347366E-16,1.));
#4606=DIRECTION('',(-1.,-1.52117864326303E-17,6.12323399573677E-17));
#4607=DIRECTION('',(6.12323399573677E-17,1.37676466347366E-16,1.));
#4608=DIRECTION('',(-1.,-1.52117864326303E-17,6.12323399573677E-17));
#4609=DIRECTION('',(6.12323399573677E-17,1.37676466347366E-16,1.));
#4610=DIRECTION('',(-1.,-1.52117864326303E-17,6.12323399573677E-17));
#4611=DIRECTION('',(6.12323399573677E-17,1.37676466347366E-16,1.));
#4612=DIRECTION('',(-1.,-1.52117864326303E-17,6.12323399573677E-17));
#4613=DIRECTION('',(6.12323399573677E-17,1.37676466347366E-16,1.));
#4614=DIRECTION('',(-1.,-1.52117864326303E-17,6.12323399573677E-17));
#4615=DIRECTION('',(6.12323399573677E-17,1.37676466347366E-16,1.));
#4616=DIRECTION('',(-1.,-1.52117864326303E-17,6.12323399573677E-17));
#4617=DIRECTION('',(6.12323399573677E-17,1.37676466347366E-16,1.));
#4618=DIRECTION('',(-1.,-1.52117864326303E-17,6.12323399573677E-17));
#4619=DIRECTION('',(6.12323399573677E-17,1.37676466347366E-16,1.));
#4620=DIRECTION('',(-1.,-1.52117864326303E-17,6.12323399573677E-17));
#4621=DIRECTION('',(6.12323399573677E-17,1.37676466347366E-16,1.));
#4622=DIRECTION('',(-1.,-1.52117864326303E-17,6.12323399573677E-17));
#4623=DIRECTION('',(6.12323399573677E-17,1.37676466347366E-16,1.));
#4624=DIRECTION('',(4.54228687199302E-17,0.5,0.866025403784438));
#4625=DIRECTION('',(0.,-0.866025403784438,0.5));
#4626=DIRECTION('',(-1.,-1.52117864326303E-17,6.12323399573677E-17));
#4627=DIRECTION('',(-1.,-1.52117864326303E-17,6.12323399573677E-17));
#4628=DIRECTION('',(-4.37899634662852E-17,0.866025403784438,-0.5));
#4629=DIRECTION('',(-1.,-1.52117864326303E-17,6.12323399573677E-17));
#4630=DIRECTION('',(6.12323399573677E-17,0.,1.));
#4631=DIRECTION('',(-1.,-1.52117864326303E-17,6.12323399573677E-17));
#4632=DIRECTION('',(1.,1.52117864326303E-17,-6.12323399573677E-17));
#4633=DIRECTION('',(-6.12323399573677E-17,0.,-1.));
#4634=DIRECTION('',(-4.37899634662852E-17,0.866025403784439,-0.5));
#4635=DIRECTION('',(0.,0.5,0.866025403784439));
#4636=DIRECTION('',(-1.,-1.52117864326303E-17,6.12323399573677E-17));
#4637=DIRECTION('',(-4.54228687199302E-17,-0.5,-0.866025403784439));
#4638=DIRECTION('',(-1.,-1.52117864326303E-17,6.12323399573677E-17));
#4639=DIRECTION('',(6.12323399573677E-17,0.,1.));
#4640=DIRECTION('',(-1.,-1.52117864326303E-17,6.12323399573677E-17));
#4641=DIRECTION('',(1.,1.52117864326303E-17,-6.12323399573677E-17));
#4642=DIRECTION('',(-6.12323399573677E-17,0.,-1.));
#4643=DIRECTION('',(4.54228687199302E-17,0.5,0.866025403784439));
#4644=DIRECTION('',(0.,-0.866025403784439,0.5));
#4645=DIRECTION('',(-1.,-1.52117864326303E-17,6.12323399573677E-17));
#4646=DIRECTION('',(-4.37899634662852E-17,0.866025403784439,-0.5));
#4647=DIRECTION('',(1.,1.52117864326303E-17,-6.12323399573677E-17));
#4648=DIRECTION('',(-4.37899634662852E-17,0.866025403784439,-0.5));
#4649=DIRECTION('',(1.,1.52117864326303E-17,-6.12323399573677E-17));
#4650=DIRECTION('',(-4.37899634662852E-17,0.866025403784439,-0.5));
#4651=DIRECTION('',(-1.,-1.52117864326303E-17,6.12323399573677E-17));
#4652=DIRECTION('',(6.12323399573677E-17,0.,1.));
#4653=DIRECTION('',(-1.,-1.52117864326303E-17,6.12323399573677E-17));
#4654=DIRECTION('',(1.,1.52117864326303E-17,-6.12323399573677E-17));
#4655=DIRECTION('',(-6.12323399573677E-17,0.,-1.));
#4656=DIRECTION('',(-4.37899634662852E-17,0.866025403784438,-0.5));
#4657=DIRECTION('',(0.,0.5,0.866025403784438));
#4658=DIRECTION('',(-1.,-1.52117864326303E-17,6.12323399573677E-17));
#4659=DIRECTION('',(-4.54228687199302E-17,-0.5,-0.866025403784438));
#4660=DIRECTION('',(-1.,-1.52117864326303E-17,6.12323399573677E-17));
#4661=DIRECTION('',(6.12323399573677E-17,0.,1.));
#4662=DIRECTION('',(1.,1.52117864326303E-17,-6.12323399573677E-17));
#4663=DIRECTION('',(-6.12323399573677E-17,0.,-1.));
#4664=DIRECTION('',(1.,1.52117864326303E-17,-6.12323399573677E-17));
#4665=DIRECTION('',(-1.52117864326303E-17,1.,9.31453278201692E-34));
#4666=DIRECTION('',(-4.54228687199302E-17,-0.5,-0.866025403784439));
#4667=DIRECTION('',(-4.37899634662852E-17,0.866025403784438,-0.5));
#4668=DIRECTION('',(-4.54228687199302E-17,-0.5,-0.866025403784439));
#4669=DIRECTION('',(-4.54228687199302E-17,-0.5,-0.866025403784438));
#4670=DIRECTION('',(0.,0.866025403784438,-0.5));
#4671=DIRECTION('',(1.,1.52117864326303E-17,-6.12323399573677E-17));
#4672=DIRECTION('',(-4.37899634662852E-17,0.866025403784438,-0.5));
#4673=DIRECTION('',(1.,1.52117864326303E-17,-6.12323399573677E-17));
#4674=DIRECTION('',(4.37899634662852E-17,-0.866025403784439,0.5));
#4675=DIRECTION('',(0.,-0.5,-0.866025403784439));
#4676=DIRECTION('',(-4.54228687199302E-17,-0.5,-0.866025403784439));
#4677=DIRECTION('',(4.37899634662852E-17,-0.866025403784439,0.5));
#4678=DIRECTION('',(0.,-0.5,-0.866025403784439));
#4679=DIRECTION('',(-4.54228687199302E-17,-0.5,-0.866025403784439));
#4680=DIRECTION('',(1.,1.52117864326303E-17,-6.12323399573677E-17));
#4681=DIRECTION('',(-1.52117864326303E-17,1.,9.31453278201692E-34));
#4682=DIRECTION('',(1.,1.52117864326303E-17,-6.12323399573677E-17));
#4683=DIRECTION('',(-6.12323399573677E-17,0.,-1.));
#4684=DIRECTION('',(-1.,-1.52117864326303E-17,6.12323399573677E-17));
#4685=DIRECTION('',(6.12323399573677E-17,0.,1.));
#4686=DIRECTION('',(-1.,-1.52117864326303E-17,6.12323399573677E-17));
#4687=DIRECTION('',(6.12323399573677E-17,0.,1.));
#4688=DIRECTION('',(1.,1.52117864326303E-17,-6.12323399573677E-17));
#4689=DIRECTION('',(-6.12323399573677E-17,0.,-1.));
#4690=DIRECTION('',(-1.,-1.52117864326303E-17,6.12323399573677E-17));
#4691=DIRECTION('',(6.12323399573677E-17,0.,1.));
#4692=DIRECTION('',(-1.,-1.52117864326303E-17,6.12323399573677E-17));
#4693=DIRECTION('',(1.52117864326303E-17,-1.,-9.31453278201692E-34));
#4694=DIRECTION('',(-1.,-1.52117864326303E-17,6.12323399573677E-17));
#4695=DIRECTION('',(1.52117864326303E-17,-1.,-9.31453278201692E-34));
#4696=CARTESIAN_POINT('',(0.,0.,0.));
#4697=CARTESIAN_POINT('',(0.0140606601717798,0.138645699646251,0.00921143633583304));
#4698=CARTESIAN_POINT('',(0.0140606601717798,0.142975826665173,0.00671143633583304));
#4699=CARTESIAN_POINT('',(0.0140606601717798,0.143506156751063,0.00762999498937673));
#4700=CARTESIAN_POINT('',(0.013,0.142975826665173,0.00671143633583304));
#4701=CARTESIAN_POINT('',(0.0140606601717798,0.139176029732141,0.0101299949893767));
#4702=CARTESIAN_POINT('',(0.0140606601717798,0.139176029732141,0.0101299949893767));
#4703=CARTESIAN_POINT('',(0.0140606601717798,0.138645699646251,0.00921143633583304));
#4704=CARTESIAN_POINT('',(0.013,0.138645699646251,0.00921143633583304));
#4705=CARTESIAN_POINT('',(0.013,0.138645699646251,0.00921143633583304));
#4706=CARTESIAN_POINT('',(0.0140606601717798,0.139676029732141,0.0109960203931612));
#4707=CARTESIAN_POINT('',(0.0140606601717798,0.139676029732141,0.0109960203931612));
#4708=CARTESIAN_POINT('',(0.0140606601717798,0.138810004328356,0.0114960203931612));
#4709=CARTESIAN_POINT('',(0.0140606601717798,0.137891445674813,0.0120263504790511));
#4710=CARTESIAN_POINT('',(0.0130023309708907,0.137952310088956,0.0119912103931612));
#4711=CARTESIAN_POINT('',(0.013,0.137685520003327,0.0115291164098962));
#4712=CARTESIAN_POINT('',(0.013,0.137774451775187,0.0116831507571648));
#4713=CARTESIAN_POINT('',(0.0130023309708907,0.137863377722932,0.0118371750167693));
#4714=CARTESIAN_POINT('',(0.0130023309708907,0.137952310088956,0.0119912103931612));
#4715=CARTESIAN_POINT('',(0.013,0.137685520003327,0.0115291164098962));
#4716=CARTESIAN_POINT('',(0.013,0.139676029732141,0.0109960203931612));
#4717=CARTESIAN_POINT('',(0.0140606601717798,0.141391445674813,0.0180885283055422));
#4718=CARTESIAN_POINT('',(0.0140606601717798,0.142310004328356,0.0175581982196523));
#4719=CARTESIAN_POINT('',(0.0140606601717798,0.142310004328356,0.0175581982196523));
#4720=CARTESIAN_POINT('',(0.0140606601717798,0.141391445674813,0.0180885283055422));
#4721=CARTESIAN_POINT('',(0.0130023309708907,0.141452310088956,0.0180533882196523));
#4722=CARTESIAN_POINT('',(0.0130023309708907,0.141452310088956,0.0180533882196523));
#4723=CARTESIAN_POINT('',(0.0140606601717798,0.144042055135925,0.0165581982196522));
#4724=CARTESIAN_POINT('',(0.0140606601717798,0.144042055135925,0.0165581982196522));
#4725=CARTESIAN_POINT('',(0.0140606601717798,0.145042055135925,0.0182902490272211));
#4726=CARTESIAN_POINT('',(0.0140606601717798,0.145572385221815,0.0192088076807648));
#4727=CARTESIAN_POINT('',(0.013,0.145572385221815,0.0192088076807648));
#4728=CARTESIAN_POINT('',(0.013,0.144042055135925,0.0165581982196522));
#4729=CARTESIAN_POINT('',(0.013,0.141778373021041,0.0186181457844882));
#4730=CARTESIAN_POINT('',(0.0130023309708907,0.141452310088956,0.0180533882196523));
#4731=CARTESIAN_POINT('',(0.0130023309708907,0.141560963368776,0.0182415812207085));
#4732=CARTESIAN_POINT('',(0.013,0.141669719741222,0.0184299527834318));
#4733=CARTESIAN_POINT('',(0.013,0.141778373021041,0.0186181457844881));
#4734=CARTESIAN_POINT('',(0.0140606601717798,0.148170461433168,0.0177088076807648));
#4735=CARTESIAN_POINT('',(0.0140606601717798,0.146341093241602,0.0175402490272211));
#4736=CARTESIAN_POINT('',(0.0140606601717798,0.147640131347279,0.0167902490272211));
#4737=CARTESIAN_POINT('',(0.0140606601717798,0.148170461433169,0.0177088076807648));
#4738=CARTESIAN_POINT('',(0.013,0.148170461433168,0.0177088076807648));
#4739=CARTESIAN_POINT('',(0.013,0.159122959080898,0.0113853802155496));
#4740=CARTESIAN_POINT('',(0.0140606601717798,0.146640131347279,0.0150581982196522));
#4741=CARTESIAN_POINT('',(0.0140606601717798,0.146640131347279,0.0150581982196522));
#4742=CARTESIAN_POINT('',(0.0140606601717798,0.148372182154847,0.0140581982196522));
#4743=CARTESIAN_POINT('',(0.0140606601717798,0.149290740808391,0.0135278681337623));
#4744=CARTESIAN_POINT('',(0.01300233083054,0.149229878224621,0.0135630071628857));
#4745=CARTESIAN_POINT('',(0.013,0.149555936310773,0.0141277563343194));
#4746=CARTESIAN_POINT('',(0.013,0.149447243827952,0.0139394954316723));
#4747=CARTESIAN_POINT('',(0.01300233083054,0.149338570707442,0.0137512680655329));
#4748=CARTESIAN_POINT('',(0.01300233083054,0.149229878224621,0.0135630071628858));
#4749=CARTESIAN_POINT('',(0.013,0.149555936310773,0.0141277563343194));
#4750=CARTESIAN_POINT('',(0.013,0.146640131347279,0.0150581982196522));
#4751=CARTESIAN_POINT('',(0.0140606601717798,0.145790740808391,0.00746569030727125));
#4752=CARTESIAN_POINT('',(0.0140606601717798,0.146622182154847,0.0110271093064067));
#4753=CARTESIAN_POINT('',(0.0140606601717798,0.144872182154847,0.00799602039316116));
#4754=CARTESIAN_POINT('',(0.0140606601717798,0.145790740808391,0.00746569030727123));
#4755=CARTESIAN_POINT('',(0.013,0.145790740808391,0.00746569030727123));
#4756=CARTESIAN_POINT('',(0.013,0.155343752639609,0.0240119921642462));
#4757=CARTESIAN_POINT('',(0.013,0.146302128727304,0.00835144016520447));
#4758=CARTESIAN_POINT('',(0.01300233083054,0.146699086439471,0.00917954720762742));
#4759=CARTESIAN_POINT('',(0.01300233083054,0.146544493747382,0.00891178481045033));
#4760=CARTESIAN_POINT('',(0.013,0.146412476683864,0.00863561083395033));
#4761=CARTESIAN_POINT('',(0.013,0.146302128727304,0.00835144016520442));
#4762=CARTESIAN_POINT('',(0.01300233083054,0.146699086439471,0.00917954720762741));
#4763=CARTESIAN_POINT('',(0.01300233083054,0.145729878224621,0.00750082933639456));
#4764=CARTESIAN_POINT('',(0.0140606601717798,0.144006156751063,0.00849602039316119));
#4765=CARTESIAN_POINT('',(0.0140606601717798,0.144006156751063,0.00849602039316119));
#4766=CARTESIAN_POINT('',(0.013,0.144006156751063,0.00849602039316119));
#4767=CARTESIAN_POINT('',(0.013,0.163645640826225,0.0192188947849208));
#4768=CARTESIAN_POINT('',(0.013,0.184949086439471,0.0234689663700707));
#4769=CARTESIAN_POINT('',(0.013,0.176699086439471,0.00917954720762742));
#4770=CARTESIAN_POINT('',(0.013,0.193199086439471,0.0377583855325139));
#4771=CARTESIAN_POINT('',(0.013,0.198395238862178,0.034758385532514));
#4772=CARTESIAN_POINT('',(0.013,0.201395238862178,0.0399545379552206));
#4773=CARTESIAN_POINT('',(0.013,0.203560302371638,0.0387045379552206));
#4774=CARTESIAN_POINT('',(0.013,0.205725365881099,0.0374545379552206));
#4775=CARTESIAN_POINT('',(0.013,0.202725365881099,0.0322583855325139));
#4776=CARTESIAN_POINT('',(0.013,0.207921518303806,0.029258385532514));
#4777=CARTESIAN_POINT('',(0.013,0.199671518303806,0.0149689663700707));
#4778=CARTESIAN_POINT('',(0.013,0.191421518303806,0.000679547207627438));
#4779=CARTESIAN_POINT('',(0.013,0.186225365881099,0.00367954720762742));
#4780=CARTESIAN_POINT('',(0.013,0.1832253658811,-0.00151660521507919));
#4781=CARTESIAN_POINT('',(0.013,0.181060302371639,-0.000266605215079193));
#4782=CARTESIAN_POINT('',(0.013,0.178895238862178,0.000983394784920818));
#4783=CARTESIAN_POINT('',(0.013,0.181895238862178,0.00617954720762744));
#4784=CARTESIAN_POINT('',(0.013,0.243645640826225,0.0192188947849208));
#4785=CARTESIAN_POINT('',(0.013,0.243612893222186,-0.0075310851701078));
#4786=CARTESIAN_POINT('',(0.013,0.243612893222186,0.0459688747399493));
#4787=CARTESIAN_POINT('',(0.013,0.241524320482665,0.0455975744413613));
#4788=CARTESIAN_POINT('',(0.013,0.241524320482665,0.0477188947849208));
#4789=CARTESIAN_POINT('',(0.013,0.163645640826225,0.0477188947849208));
#4790=CARTESIAN_POINT('',(0.013,0.0836456408262252,0.0477188947849208));
#4791=CARTESIAN_POINT('',(0.013,0.0836456408262252,0.0192188947849208));
#4792=CARTESIAN_POINT('',(0.013,0.0836456408262252,-0.00928110521507917));
#4793=CARTESIAN_POINT('',(0.013,0.163645640826225,-0.00928110521507917));
#4794=CARTESIAN_POINT('',(0.013,0.241524320482665,-0.00928110521507916));
#4795=CARTESIAN_POINT('',(0.013,0.241524320482665,-0.00715978487151951));
#4796=CARTESIAN_POINT('',(0.013,0.154949086439471,0.0234689663700707));
#4797=CARTESIAN_POINT('',(0.013,0.163199086439471,0.0377583855325139));
#4798=CARTESIAN_POINT('',(0.013,0.168395238862178,0.034758385532514));
#4799=CARTESIAN_POINT('',(0.013,0.171395238862178,0.0399545379552206));
#4800=CARTESIAN_POINT('',(0.013,0.173560302371638,0.0387045379552206));
#4801=CARTESIAN_POINT('',(0.013,0.175725365881099,0.0374545379552206));
#4802=CARTESIAN_POINT('',(0.013,0.172725365881099,0.032258385532514));
#4803=CARTESIAN_POINT('',(0.013,0.177921518303806,0.029258385532514));
#4804=CARTESIAN_POINT('',(0.013,0.169671518303806,0.0149689663700707));
#4805=CARTESIAN_POINT('',(0.013,0.161421518303806,0.000679547207627438));
#4806=CARTESIAN_POINT('',(0.013,0.156225365881099,0.00367954720762745));
#4807=CARTESIAN_POINT('',(0.013,0.1532253658811,-0.00151660521507919));
#4808=CARTESIAN_POINT('',(0.013,0.151060302371639,-0.000266605215079187));
#4809=CARTESIAN_POINT('',(0.013,0.148895238862177,0.000983394784920818));
#4810=CARTESIAN_POINT('',(0.013,0.151895238862178,0.00617954720762742));
#4811=CARTESIAN_POINT('',(0.013,0.139671518303806,0.0149689663700707));
#4812=CARTESIAN_POINT('',(0.013,0.131421518303806,0.000679547207627438));
#4813=CARTESIAN_POINT('',(0.013,0.126225365881099,0.00367954720762739));
#4814=CARTESIAN_POINT('',(0.013,0.123225365881099,-0.0015166052150792));
#4815=CARTESIAN_POINT('',(0.013,0.121060302371638,-0.000266605215079187));
#4816=CARTESIAN_POINT('',(0.013,0.118895238862177,0.000983394784920818));
#4817=CARTESIAN_POINT('',(0.013,0.121895238862177,0.00617954720762743));
#4818=CARTESIAN_POINT('',(0.013,0.116699086439471,0.00917954720762742));
#4819=CARTESIAN_POINT('',(0.013,0.124949086439471,0.0234689663700707));
#4820=CARTESIAN_POINT('',(0.013,0.133199086439471,0.0377583855325139));
#4821=CARTESIAN_POINT('',(0.013,0.138395238862177,0.034758385532514));
#4822=CARTESIAN_POINT('',(0.013,0.141395238862177,0.0399545379552206));
#4823=CARTESIAN_POINT('',(0.013,0.143560302371638,0.0387045379552206));
#4824=CARTESIAN_POINT('',(0.013,0.145725365881099,0.0374545379552206));
#4825=CARTESIAN_POINT('',(0.013,0.142725365881099,0.0322583855325139));
#4826=CARTESIAN_POINT('',(0.013,0.147921518303806,0.029258385532514));
#4827=CARTESIAN_POINT('',(0.013,0.139671518303806,0.0149689663700707));
#4828=CARTESIAN_POINT('',(-0.00353553390593275,0.225395640826225,0.000968894784920743));
#4829=CARTESIAN_POINT('',(-0.00353553390593275,0.225395640826225,-0.00356663912101201));
#4830=CARTESIAN_POINT('',(-6.93889390390723E-18,0.225395640826225,-0.00356663912101201));
#4831=CARTESIAN_POINT('',(-0.00353553390593275,0.225395640826225,-3.11052150792646E-5));
#4832=CARTESIAN_POINT('',(-6.93889390390723E-18,0.225395640826225,0.000968894784920743));
#4833=CARTESIAN_POINT('',(-6.93889390390723E-18,0.220860106920293,0.000968894784920712));
#4834=CARTESIAN_POINT('',(-0.00353553390593275,0.220860106920293,0.000968894784920737));
#4835=CARTESIAN_POINT('',(-0.00353553390593275,0.224395640826225,0.000968894784920736));
#4836=CARTESIAN_POINT('',(-0.00353553390593275,0.225395640826225,0.000968894784920743));
#4837=CARTESIAN_POINT('',(-0.00353553390593274,0.220860106920293,0.0374688947849207));
#4838=CARTESIAN_POINT('',(-5.55672410564396E-18,0.220860106920293,0.0192188947849208));
#4839=CARTESIAN_POINT('',(-4.33680868994202E-18,0.220860106920293,0.0374688947849207));
#4840=CARTESIAN_POINT('',(-0.00353553390593274,0.220860106920293,0.0374688947849207));
#4841=CARTESIAN_POINT('',(-0.00353553390593274,0.224395640826225,0.0374688947849207));
#4842=CARTESIAN_POINT('',(-0.00353553390593275,0.224395640826225,0.0192188947849208));
#4843=CARTESIAN_POINT('',(-0.00353553390593274,0.225395640826225,0.0374688947849207));
#4844=CARTESIAN_POINT('',(-4.33680868994202E-18,0.225395640826225,0.0374688947849207));
#4845=CARTESIAN_POINT('',(-4.33680868994202E-18,0.225395640826225,0.0420044286908535));
#4846=CARTESIAN_POINT('',(-0.00353553390593274,0.225395640826225,0.0420044286908535));
#4847=CARTESIAN_POINT('',(-0.00353553390593274,0.225395640826225,0.0384688947849207));
#4848=CARTESIAN_POINT('',(-0.00353553390593274,0.225395640826225,0.0374688947849207));
#4849=CARTESIAN_POINT('',(-0.00353553390593275,0.243645640826225,0.0420044286908535));
#4850=CARTESIAN_POINT('',(-4.50812122293627E-18,0.243645640826225,0.0420044286908535));
#4851=CARTESIAN_POINT('',(-4.50812122293627E-18,0.243645640826225,0.0420044286908535));
#4852=CARTESIAN_POINT('',(-0.00353553390593276,0.247181174732158,0.0420044286908535));
#4853=CARTESIAN_POINT('',(-0.00353553390593276,0.247181174732158,0.0384688947849207));
#4854=CARTESIAN_POINT('',(-0.00353553390593275,0.243645640826225,0.0384688947849207));
#4855=CARTESIAN_POINT('',(-0.00353553390593275,0.225395640826225,-0.00356663912101201));
#4856=CARTESIAN_POINT('',(-6.08160142480225E-18,0.163645640826225,-0.00356663912101201));
#4857=CARTESIAN_POINT('',(-7.29854433941267E-18,0.243645640826225,-0.003566639121012));
#4858=CARTESIAN_POINT('',(-0.00353553390593275,0.243645640826225,-3.11052150792646E-5));
#4859=CARTESIAN_POINT('',(-0.00353553390593275,0.247181174732158,-3.11052150792669E-5));
#4860=CARTESIAN_POINT('',(-0.00353553390593275,0.247181174732158,-0.003566639121012));
#4861=CARTESIAN_POINT('',(-7.35232612611504E-18,0.247181174732158,-0.003566639121012));
#4862=CARTESIAN_POINT('',(0.013,0.243645640826225,-0.00356663912101201));
#4863=CARTESIAN_POINT('',(0.013,0.243645640826225,-0.00356663912101201));
#4864=CARTESIAN_POINT('',(-0.0124,0.247181174732158,-3.11052150792635E-5));
#4865=CARTESIAN_POINT('',(0.013,0.247181174732158,-3.11052150792704E-5));
#4866=CARTESIAN_POINT('',(0.013,0.247181174732158,-0.00356663912101201));
#4867=CARTESIAN_POINT('',(-0.0124,0.247181174732158,0.0420044286908535));
#4868=CARTESIAN_POINT('',(-0.0124,0.247181174732158,0.0384688947849207));
#4869=CARTESIAN_POINT('',(0.013,0.247181174732158,0.0384688947849207));
#4870=CARTESIAN_POINT('',(-0.0124,0.243645640826225,0.0420044286908535));
#4871=CARTESIAN_POINT('',(0.013,0.243645640826225,0.0420044286908535));
#4872=CARTESIAN_POINT('',(0.013,0.247181174732158,0.0420044286908535));
#4873=CARTESIAN_POINT('',(0.013,0.241524320482665,0.0455975744413613));
#4874=CARTESIAN_POINT('',(0.0130000000000002,0.241524320482665,0.0477188947849208));
#4875=CARTESIAN_POINT('',(-4.12594202036806E-18,0.241524320482665,0.0477188947849208));
#4876=CARTESIAN_POINT('',(0.013,0.241524320482665,0.0455975744413613));
#4877=CARTESIAN_POINT('',(0.013,0.243645640826225,0.0455975744413612));
#4878=CARTESIAN_POINT('',(0.013,0.243645640826225,0.0455975744413613));
#4879=CARTESIAN_POINT('',(-4.2881045008248E-18,0.243645640826225,0.0455975744413612));
#4880=CARTESIAN_POINT('',(-5.20417042793042E-18,0.241524320482665,0.0455975744413613));
#4881=CARTESIAN_POINT('',(0.013,0.241524320482665,-0.00715978487151951));
#4882=CARTESIAN_POINT('',(0.013,0.243645640826225,-0.00715978487151951));
#4883=CARTESIAN_POINT('',(0.013,0.243645640826225,-0.00715978487151951));
#4884=CARTESIAN_POINT('',(-7.51856106152412E-18,0.243645640826225,-0.00715978487151951));
#4885=CARTESIAN_POINT('',(0.013,0.241524320482665,-0.00715978487151951));
#4886=CARTESIAN_POINT('',(0.013,0.241524320482665,-0.00928110521507916));
#4887=CARTESIAN_POINT('',(-7.61618539793802E-18,0.241524320482665,-0.00928110521507916));
#4888=CARTESIAN_POINT('',(-8.67361737988404E-18,0.241524320482665,-0.00715978487151951));
#4889=CARTESIAN_POINT('',(-4.68638986656404E-18,0.163645640826225,0.0192188947849208));
#4890=CARTESIAN_POINT('',(-3.97143590423042E-18,0.116645640826225,0.0192188947849208));
#4891=CARTESIAN_POINT('',(-3.72650654440094E-18,0.116645640826225,0.0232188947849208));
#4892=CARTESIAN_POINT('',(-5.90333278117446E-18,0.243645640826225,0.0192188947849208));
#4893=CARTESIAN_POINT('',(-5.90333278117446E-18,0.243645640826225,0.0192188947849208));
#4894=CARTESIAN_POINT('',(-6.43151155534902E-18,0.163645640826225,-0.00928110521507917));
#4895=CARTESIAN_POINT('',(-5.21456864073859E-18,0.0836456408262252,-0.00928110521507917));
#4896=CARTESIAN_POINT('',(-3.46944695195361E-18,0.0836456408262252,0.0192188947849208));
#4897=CARTESIAN_POINT('',(-1.72432526316863E-18,0.0836456408262252,0.0477188947849208));
#4898=CARTESIAN_POINT('',(-2.94126817777906E-18,0.163645640826225,0.0477188947849208));
#4899=CARTESIAN_POINT('',(-6.93889390390723E-18,0.126225365881099,0.00367954720762739));
#4900=CARTESIAN_POINT('',(-7.20163368470494E-18,0.131421518303806,0.00067954720762745));
#4901=CARTESIAN_POINT('',(-6.93889390390723E-18,0.123225365881099,-0.00151660521507919));
#4902=CARTESIAN_POINT('',(-3.87026602984791E-18,0.147505321920174,0.0285375122501361));
#4903=CARTESIAN_POINT('',(-5.20417042793042E-18,0.147921518303806,0.029258385532514));
#4904=CARTESIAN_POINT('',(-5.20417042793042E-18,0.142725365881099,0.0322583855325139));
#4905=CARTESIAN_POINT('',(-3.46944695195361E-18,0.145725365881099,0.0374545379552206));
#4906=CARTESIAN_POINT('',(-4.37604298685356E-18,0.167061837209858,0.0251359204900053));
#4907=CARTESIAN_POINT('',(-3.46944695195361E-18,0.141395238862177,0.0399545379552206));
#4908=CARTESIAN_POINT('',(-3.46944695195361E-18,0.138395238862177,0.034758385532514));
#4909=CARTESIAN_POINT('',(-3.46944695195361E-18,0.133199086439471,0.0377583855325139));
#4910=CARTESIAN_POINT('',(-3.12583665092107E-18,0.132782890055838,0.037037512250136));
#4911=CARTESIAN_POINT('',(-5.20417042793042E-18,0.116699086439471,0.00917954720762742));
#4912=CARTESIAN_POINT('',(-5.20417042793042E-18,0.121895238862177,0.00617954720762743));
#4913=CARTESIAN_POINT('',(-5.20417042793042E-18,0.118895238862177,0.000983394784920819));
#4914=CARTESIAN_POINT('',(-6.42007207925042E-18,0.144561837209858,-0.0138352226802944));
#4915=CARTESIAN_POINT('',(-3.46944695195361E-18,0.198395238862178,0.034758385532514));
#4916=CARTESIAN_POINT('',(-3.2067071711559E-18,0.193199086439471,0.0377583855325139));
#4917=CARTESIAN_POINT('',(-3.46944695195361E-18,0.201395238862178,0.0399545379552206));
#4918=CARTESIAN_POINT('',(-5.40122989847679E-18,0.177782890055838,0.0110567501366029));
#4919=CARTESIAN_POINT('',(-5.20417042793042E-18,0.176699086439471,0.00917954720762742));
#4920=CARTESIAN_POINT('',(-5.20417042793042E-18,0.181895238862178,0.00617954720762744));
#4921=CARTESIAN_POINT('',(-6.93889390390723E-18,0.178895238862178,0.000983394784920819));
#4922=CARTESIAN_POINT('',(-5.05738601765252E-18,0.159561837209858,0.0121455394332387));
#4923=CARTESIAN_POINT('',(-6.93889390390723E-18,0.1832253658811,-0.00151660521507919));
#4924=CARTESIAN_POINT('',(-6.93889390390723E-18,0.186225365881099,0.00367954720762742));
#4925=CARTESIAN_POINT('',(-5.20417042793042E-18,0.191421518303806,0.000679547207627439));
#4926=CARTESIAN_POINT('',(-6.14565927740364E-18,0.192505321920173,0.00255675013660289));
#4927=CARTESIAN_POINT('',(-5.20417042793042E-18,0.207921518303806,0.029258385532514));
#4928=CARTESIAN_POINT('',(-5.20417042793042E-18,0.202725365881099,0.0322583855325139));
#4929=CARTESIAN_POINT('',(-3.46944695195361E-18,0.205725365881099,0.0374545379552206));
#4930=CARTESIAN_POINT('',(-3.01335692525565E-18,0.182061837209857,0.0511166826035385));
#4931=CARTESIAN_POINT('',(-3.46944695195361E-18,0.168395238862178,0.034758385532514));
#4932=CARTESIAN_POINT('',(-3.2067071711559E-18,0.163199086439471,0.0377583855325139));
#4933=CARTESIAN_POINT('',(-3.46944695195361E-18,0.171395238862178,0.0399545379552206));
#4934=CARTESIAN_POINT('',(-4.26353327469893E-18,0.155282890055838,0.0240471311933695));
#4935=CARTESIAN_POINT('',(-5.20417042793042E-18,0.146699086439471,0.00917954720762742));
#4936=CARTESIAN_POINT('',(-5.20417042793042E-18,0.151895238862178,0.00617954720762742));
#4937=CARTESIAN_POINT('',(-5.20417042793042E-18,0.148895238862177,0.000983394784920819));
#4938=CARTESIAN_POINT('',(-5.73872904845147E-18,0.152061837209857,-0.000844841623527853));
#4939=CARTESIAN_POINT('',(-6.93889390390723E-18,0.1532253658811,-0.00151660521507919));
#4940=CARTESIAN_POINT('',(-6.93889390390723E-18,0.156225365881099,0.00367954720762745));
#4941=CARTESIAN_POINT('',(-5.20417042793042E-18,0.161421518303806,0.000679547207627439));
#4942=CARTESIAN_POINT('',(-5.00796265362578E-18,0.170005321920174,0.0155471311933695));
#4943=CARTESIAN_POINT('',(-5.20417042793042E-18,0.177921518303806,0.029258385532514));
#4944=CARTESIAN_POINT('',(-5.20417042793042E-18,0.172725365881099,0.032258385532514));
#4945=CARTESIAN_POINT('',(-3.46944695195361E-18,0.175725365881099,0.0374545379552206));
#4946=CARTESIAN_POINT('',(-3.69469995605461E-18,0.174561837209857,0.0381263015467719));
#4947=CARTESIAN_POINT('',(0.013,0.243645640826225,0.0192188947849208));
#4948=CARTESIAN_POINT('',(0.013,0.243645640826225,0.0192188947849208));
#4949=CARTESIAN_POINT('',(0.013,0.243645640826225,0.0192188947849208));
#4950=CARTESIAN_POINT('',(0.013,0.243645640826225,0.0192188947849208));
#4951=CARTESIAN_POINT('',(0.017,0.0836456408262252,0.0192188947849208));
#4952=CARTESIAN_POINT('',(0.014,0.0836456408262252,0.0192188947849208));
#4953=CARTESIAN_POINT('',(0.014,0.110545640826225,0.0192188947849208));
#4954=CARTESIAN_POINT('',(0.018,0.0836456408262252,0.0192188947849208));
#4955=CARTESIAN_POINT('',(0.018,0.110545640826225,0.0192188947849208));
#4956=CARTESIAN_POINT('',(0.013,0.0836456408262252,0.0192188947849208));
#4957=CARTESIAN_POINT('',(0.013,0.107645640826225,0.0192188947849208));
#4958=CARTESIAN_POINT('',(0.013,0.108067515826225,0.0211738938857838));
#4959=CARTESIAN_POINT('',(0.01299999975,0.105673227072516,0.0195506460071539));
#4960=CARTESIAN_POINT('',(0.013,0.107997268323731,0.0191927505263796));
#4961=CARTESIAN_POINT('',(0.013,0.105645821348084,0.0192188984471641));
#4962=CARTESIAN_POINT('',(0.013,0.108015738417777,0.0192459536027596));
#4963=CARTESIAN_POINT('',(0.01299999975,0.105673297770209,0.0188868923035707));
#4964=CARTESIAN_POINT('',(0.013,0.107645640826225,0.0192188947849208));
#4965=CARTESIAN_POINT('',(0.013,0.108067515826225,0.0172638956840578));
#4966=CARTESIAN_POINT('',(0.013,0.0836456408262252,0.0192188947849208));
#4967=CARTESIAN_POINT('',(0.013,0.106497232216891,0.0103840336703334));
#4968=CARTESIAN_POINT('',(0.013,0.105268893655877,0.00880568504612933));
#4969=CARTESIAN_POINT('',(0.013,0.104895320631602,0.0107704861035933));
#4970=CARTESIAN_POINT('',(0.013,0.104887016132049,0.010768870718064));
#4971=CARTESIAN_POINT('',(0.013,0.104878711632497,0.0107672553325349));
#4972=CARTESIAN_POINT('',(0.013,0.105268893655877,0.00880568504612933));
#4973=CARTESIAN_POINT('',(0.013,0.10480074757719,0.00686124701702943));
#4974=CARTESIAN_POINT('',(0.013,0.0836456408262252,0.0192188947849208));
#4975=CARTESIAN_POINT('',(0.013,0.100400910676245,0.00134402605105298));
#4976=CARTESIAN_POINT('',(0.013,0.0986093960708348,0.000454939205688103));
#4977=CARTESIAN_POINT('',(0.013,0.0973439509857426,-0.00109381795300914));
#4978=CARTESIAN_POINT('',(0.013,0.0836456408262252,0.0192188947849208));
#4979=CARTESIAN_POINT('',(0.013,0.0909860024519112,-0.00415564459458686));
#4980=CARTESIAN_POINT('',(0.013,0.0889861432411767,-0.00417937510744295));
#4981=CARTESIAN_POINT('',(0.013,0.0871740360684679,-0.00502570104620242));
#4982=CARTESIAN_POINT('',(0.013,0.0836456408262252,0.0192188947849208));
#4983=CARTESIAN_POINT('',(0.013,0.0801172455839825,-0.00502570104620243));
#4984=CARTESIAN_POINT('',(0.013,0.0783051384112736,-0.00417937510744295));
#4985=CARTESIAN_POINT('',(0.013,0.0763052792005391,-0.00415564459458688));
#4986=CARTESIAN_POINT('',(0.013,0.0836456408262252,0.0192188947849208));
#4987=CARTESIAN_POINT('',(0.013,0.0699473306667078,-0.00109381795300913));
#4988=CARTESIAN_POINT('',(0.013,0.0686818855816156,0.000454939205688107));
#4989=CARTESIAN_POINT('',(0.013,0.0668903709762051,0.00134402605105295));
#4990=CARTESIAN_POINT('',(0.013,0.0836456408262252,0.0192188947849208));
#4991=CARTESIAN_POINT('',(0.013,0.0624905340752747,0.00686124701700445));
#4992=CARTESIAN_POINT('',(0.013,0.0620223879965671,0.00880568504609943));
#4993=CARTESIAN_POINT('',(0.013,0.0607940494355669,0.010384033670314));
#4994=CARTESIAN_POINT('',(0.013,0.0836456408262252,0.0192188947849208));
#4995=CARTESIAN_POINT('',(0.013,0.0592237658262252,0.0172638956840578));
#4996=CARTESIAN_POINT('',(0.013,0.0596456408262252,0.0192188947849208));
#4997=CARTESIAN_POINT('',(0.013,0.0592237658262252,0.0211738938857838));
#4998=CARTESIAN_POINT('',(0.013,0.0836456408262252,0.0192188947849208));
#4999=CARTESIAN_POINT('',(0.013,0.0607940494355669,0.0280537558995277));
#5000=CARTESIAN_POINT('',(0.013,0.0620223879965671,0.0296321045237423));
#5001=CARTESIAN_POINT('',(0.013,0.0624905340752747,0.0315765425528372));
#5002=CARTESIAN_POINT('',(0.013,0.0836456408262252,0.0192188947849208));
#5003=CARTESIAN_POINT('',(0.013,0.0668903709762051,0.0370937635187887));
#5004=CARTESIAN_POINT('',(0.013,0.0686818855816156,0.0379828503641536));
#5005=CARTESIAN_POINT('',(0.013,0.0699473306667078,0.0395316075228508));
#5006=CARTESIAN_POINT('',(0.013,0.0836456408262252,0.0192188947849208));
#5007=CARTESIAN_POINT('',(0.013,0.0763052792005391,0.0425934341644285));
#5008=CARTESIAN_POINT('',(0.013,0.0783051384112737,0.0426171646772846));
#5009=CARTESIAN_POINT('',(0.013,0.0801172455839825,0.0434634906160441));
#5010=CARTESIAN_POINT('',(0.013,0.0836456408262252,0.0192188947849208));
#5011=CARTESIAN_POINT('',(0.013,0.0871740360684679,0.0434634906160441));
#5012=CARTESIAN_POINT('',(0.013,0.0889861432411767,0.0426171646772846));
#5013=CARTESIAN_POINT('',(0.013,0.0909860024519112,0.0425934341644285));
#5014=CARTESIAN_POINT('',(0.013,0.0836456408262252,0.0192188947849208));
#5015=CARTESIAN_POINT('',(0.013,0.0973439509857426,0.0395316075228508));
#5016=CARTESIAN_POINT('',(0.013,0.0986093960708348,0.0379828503641536));
#5017=CARTESIAN_POINT('',(0.013,0.100400910676245,0.0370937635187887));
#5018=CARTESIAN_POINT('',(0.013,0.0836456408262252,0.0192188947849208));
#5019=CARTESIAN_POINT('',(0.013,0.104800747577231,0.0315765425527432));
#5020=CARTESIAN_POINT('',(0.013,0.105268893655862,0.0296321045236299));
#5021=CARTESIAN_POINT('',(0.013,0.1048787100076,0.0276705345605208));
#5022=CARTESIAN_POINT('',(0.013,0.104887015972404,0.0276689188892655));
#5023=CARTESIAN_POINT('',(0.013,0.104895321937208,0.0276673032180102));
#5024=CARTESIAN_POINT('',(0.013,0.105268893655862,0.0296321045236299));
#5025=CARTESIAN_POINT('',(0.013,0.106497232216912,0.0280537558994543));
#5026=CARTESIAN_POINT('',(0.013,0.0836456408262252,0.0192188947849208));
#5027=CARTESIAN_POINT('',(0.013,0.0836456408262252,0.0192188947849208));
#5028=CARTESIAN_POINT('',(0.013,0.0586456408262252,0.0192188947849208));
#5029=CARTESIAN_POINT('',(0.004,0.0836456408262252,0.0192188947849208));
#5030=CARTESIAN_POINT('',(0.013,0.0836456408262252,-0.00928110521507917));
#5031=CARTESIAN_POINT('',(0.013,0.0836456408262252,0.0477188947849208));
#5032=CARTESIAN_POINT('',(-0.005,0.0836456408262252,0.0192188947849208));
#5033=CARTESIAN_POINT('',(-0.005,0.112145640826225,0.0192188947849208));
#5034=CARTESIAN_POINT('',(0.018,0.0836456408262252,0.0192188947849208));
#5035=CARTESIAN_POINT('',(0.018,0.112145640826225,0.0192188947849208));
#5036=CARTESIAN_POINT('',(0.01,0.104895321937208,0.0276673032180102));
#5037=CARTESIAN_POINT('',(0.01,0.1048787100076,0.0276705345605208));
#5038=CARTESIAN_POINT('',(0.004,0.1048787100076,0.0276705345605208));
#5039=CARTESIAN_POINT('',(0.004,0.104887015972404,0.0276689188892655));
#5040=CARTESIAN_POINT('',(0.004,0.104895321937208,0.0276673032180102));
#5041=CARTESIAN_POINT('',(0.01,0.104895321937208,0.0276673032180102));
#5042=CARTESIAN_POINT('',(0.01,0.105268893655862,0.0296321045236299));
#5043=CARTESIAN_POINT('',(0.007,0.104800747577231,0.0315765425527432));
#5044=CARTESIAN_POINT('',(0.004,0.104800747577231,0.0315765425527432));
#5045=CARTESIAN_POINT('',(0.004,0.105268893655862,0.0296321045236299));
#5046=CARTESIAN_POINT('',(0.01,0.0836456408262252,0.0192188947849208));
#5047=CARTESIAN_POINT('',(0.007,0.100400910676245,0.0370937635187887));
#5048=CARTESIAN_POINT('',(0.004,0.100400910676245,0.0370937635187887));
#5049=CARTESIAN_POINT('',(0.004,0.0836456408262252,0.0192188947849208));
#5050=CARTESIAN_POINT('',(0.01,0.0986093960708348,0.0379828503641536));
#5051=CARTESIAN_POINT('',(0.007,0.0973439509857426,0.0395316075228508));
#5052=CARTESIAN_POINT('',(0.004,0.0973439509857426,0.0395316075228508));
#5053=CARTESIAN_POINT('',(0.004,0.0986093960708348,0.0379828503641536));
#5054=CARTESIAN_POINT('',(0.01,0.0836456408262252,0.0192188947849208));
#5055=CARTESIAN_POINT('',(0.007,0.0909860024519112,0.0425934341644285));
#5056=CARTESIAN_POINT('',(0.004,0.0909860024519112,0.0425934341644285));
#5057=CARTESIAN_POINT('',(0.004,0.0836456408262252,0.0192188947849208));
#5058=CARTESIAN_POINT('',(0.01,0.0889861432411767,0.0426171646772846));
#5059=CARTESIAN_POINT('',(0.007,0.0871740360684679,0.0434634906160441));
#5060=CARTESIAN_POINT('',(0.004,0.0871740360684679,0.0434634906160441));
#5061=CARTESIAN_POINT('',(0.004,0.0889861432411767,0.0426171646772846));
#5062=CARTESIAN_POINT('',(0.01,0.0836456408262252,0.0192188947849208));
#5063=CARTESIAN_POINT('',(0.007,0.0801172455839825,0.0434634906160441));
#5064=CARTESIAN_POINT('',(0.004,0.0801172455839825,0.0434634906160441));
#5065=CARTESIAN_POINT('',(0.004,0.0836456408262252,0.0192188947849208));
#5066=CARTESIAN_POINT('',(0.01,0.0783051384112737,0.0426171646772846));
#5067=CARTESIAN_POINT('',(0.007,0.0763052792005391,0.0425934341644285));
#5068=CARTESIAN_POINT('',(0.004,0.0763052792005391,0.0425934341644285));
#5069=CARTESIAN_POINT('',(0.004,0.0783051384112737,0.0426171646772846));
#5070=CARTESIAN_POINT('',(0.01,0.0836456408262252,0.0192188947849208));
#5071=CARTESIAN_POINT('',(0.007,0.0699473306667078,0.0395316075228508));
#5072=CARTESIAN_POINT('',(0.004,0.0699473306667078,0.0395316075228508));
#5073=CARTESIAN_POINT('',(0.004,0.0836456408262252,0.0192188947849208));
#5074=CARTESIAN_POINT('',(0.01,0.0686818855816156,0.0379828503641536));
#5075=CARTESIAN_POINT('',(0.007,0.0668903709762051,0.0370937635187887));
#5076=CARTESIAN_POINT('',(0.004,0.0668903709762051,0.0370937635187887));
#5077=CARTESIAN_POINT('',(0.004,0.0686818855816156,0.0379828503641536));
#5078=CARTESIAN_POINT('',(0.01,0.0836456408262252,0.0192188947849208));
#5079=CARTESIAN_POINT('',(0.007,0.0624905340752747,0.0315765425528372));
#5080=CARTESIAN_POINT('',(0.004,0.0624905340752747,0.0315765425528372));
#5081=CARTESIAN_POINT('',(0.004,0.0836456408262252,0.0192188947849208));
#5082=CARTESIAN_POINT('',(0.01,0.0620223879965671,0.0296321045237423));
#5083=CARTESIAN_POINT('',(0.007,0.0607940494355669,0.0280537558995277));
#5084=CARTESIAN_POINT('',(0.004,0.0607940494355669,0.0280537558995277));
#5085=CARTESIAN_POINT('',(0.004,0.0620223879965671,0.0296321045237423));
#5086=CARTESIAN_POINT('',(0.01,0.0836456408262252,0.0192188947849208));
#5087=CARTESIAN_POINT('',(0.007,0.0592237658262252,0.0211738938857838));
#5088=CARTESIAN_POINT('',(0.004,0.0592237658262252,0.0211738938857838));
#5089=CARTESIAN_POINT('',(0.004,0.0836456408262252,0.0192188947849208));
#5090=CARTESIAN_POINT('',(0.01,0.0596456408262252,0.0192188947849208));
#5091=CARTESIAN_POINT('',(0.007,0.0592237658262252,0.0172638956840578));
#5092=CARTESIAN_POINT('',(0.004,0.0592237658262252,0.0172638956840578));
#5093=CARTESIAN_POINT('',(0.004,0.0596456408262252,0.0192188947849208));
#5094=CARTESIAN_POINT('',(0.01,0.0836456408262252,0.0192188947849208));
#5095=CARTESIAN_POINT('',(0.007,0.0607940494355669,0.010384033670314));
#5096=CARTESIAN_POINT('',(0.004,0.0607940494355669,0.010384033670314));
#5097=CARTESIAN_POINT('',(0.004,0.0836456408262252,0.0192188947849208));
#5098=CARTESIAN_POINT('',(0.01,0.0620223879965671,0.00880568504609943));
#5099=CARTESIAN_POINT('',(0.007,0.0624905340752747,0.00686124701700445));
#5100=CARTESIAN_POINT('',(0.004,0.0624905340752747,0.00686124701700445));
#5101=CARTESIAN_POINT('',(0.004,0.0620223879965671,0.00880568504609943));
#5102=CARTESIAN_POINT('',(0.01,0.0836456408262252,0.0192188947849208));
#5103=CARTESIAN_POINT('',(0.007,0.0668903709762051,0.00134402605105295));
#5104=CARTESIAN_POINT('',(0.004,0.0668903709762051,0.00134402605105295));
#5105=CARTESIAN_POINT('',(0.004,0.0836456408262252,0.0192188947849208));
#5106=CARTESIAN_POINT('',(0.01,0.0686818855816156,0.000454939205688107));
#5107=CARTESIAN_POINT('',(0.007,0.0699473306667078,-0.00109381795300914));
#5108=CARTESIAN_POINT('',(0.004,0.0699473306667078,-0.00109381795300914));
#5109=CARTESIAN_POINT('',(0.004,0.0686818855816156,0.000454939205688107));
#5110=CARTESIAN_POINT('',(0.01,0.0836456408262252,0.0192188947849208));
#5111=CARTESIAN_POINT('',(0.007,0.0763052792005391,-0.00415564459458688));
#5112=CARTESIAN_POINT('',(0.004,0.0763052792005391,-0.00415564459458688));
#5113=CARTESIAN_POINT('',(0.004,0.0836456408262252,0.0192188947849208));
#5114=CARTESIAN_POINT('',(0.01,0.0783051384112736,-0.00417937510744295));
#5115=CARTESIAN_POINT('',(0.007,0.0801172455839825,-0.00502570104620244));
#5116=CARTESIAN_POINT('',(0.004,0.0801172455839825,-0.00502570104620244));
#5117=CARTESIAN_POINT('',(0.004,0.0783051384112736,-0.00417937510744295));
#5118=CARTESIAN_POINT('',(0.01,0.0836456408262252,0.0192188947849208));
#5119=CARTESIAN_POINT('',(0.007,0.0871740360684679,-0.00502570104620242));
#5120=CARTESIAN_POINT('',(0.004,0.0871740360684679,-0.00502570104620242));
#5121=CARTESIAN_POINT('',(0.004,0.0836456408262252,0.0192188947849208));
#5122=CARTESIAN_POINT('',(0.01,0.0889861432411767,-0.00417937510744295));
#5123=CARTESIAN_POINT('',(0.007,0.0909860024519112,-0.00415564459458686));
#5124=CARTESIAN_POINT('',(0.004,0.0909860024519112,-0.00415564459458686));
#5125=CARTESIAN_POINT('',(0.004,0.0889861432411767,-0.00417937510744295));
#5126=CARTESIAN_POINT('',(0.01,0.0836456408262252,0.0192188947849208));
#5127=CARTESIAN_POINT('',(0.007,0.0973439509857426,-0.00109381795300914));
#5128=CARTESIAN_POINT('',(0.004,0.0973439509857426,-0.00109381795300914));
#5129=CARTESIAN_POINT('',(0.004,0.0836456408262252,0.0192188947849208));
#5130=CARTESIAN_POINT('',(0.01,0.0986093960708348,0.000454939205688103));
#5131=CARTESIAN_POINT('',(0.007,0.100400910676245,0.00134402605105297));
#5132=CARTESIAN_POINT('',(0.004,0.100400910676245,0.00134402605105297));
#5133=CARTESIAN_POINT('',(0.004,0.0986093960708348,0.000454939205688103));
#5134=CARTESIAN_POINT('',(0.01,0.0836456408262252,0.0192188947849208));
#5135=CARTESIAN_POINT('',(0.007,0.10480074757719,0.00686124701702943));
#5136=CARTESIAN_POINT('',(0.004,0.10480074757719,0.00686124701702943));
#5137=CARTESIAN_POINT('',(0.004,0.0836456408262252,0.0192188947849208));
#5138=CARTESIAN_POINT('',(0.01,0.105268893655877,0.00880568504612933));
#5139=CARTESIAN_POINT('',(0.01,0.104878711632497,0.0107672553325349));
#5140=CARTESIAN_POINT('',(0.004,0.104878711632497,0.0107672553325349));
#5141=CARTESIAN_POINT('',(0.004,0.105268893655877,0.00880568504612933));
#5142=CARTESIAN_POINT('',(0.01,0.104878711632497,0.0107672553325349));
#5143=CARTESIAN_POINT('',(0.01,0.104895320631602,0.0107704861035933));
#5144=CARTESIAN_POINT('',(0.004,0.104895320631602,0.0107704861035933));
#5145=CARTESIAN_POINT('',(0.004,0.104887016132049,0.010768870718064));
#5146=CARTESIAN_POINT('',(0.01,0.108015738417777,0.0192459536027596));
#5147=CARTESIAN_POINT('',(0.01,0.105645640826225,0.0192188947849208));
#5148=CARTESIAN_POINT('',(0.004,0.105645821482834,0.019218896591249));
#5149=CARTESIAN_POINT('',(0.004,0.108015738417777,0.0192459536027596));
#5150=CARTESIAN_POINT('',(0.004,0.105673297770209,0.0188868923035707));
#5151=CARTESIAN_POINT('',(0.01,0.105673387425298,0.0188869060463618));
#5152=CARTESIAN_POINT('',(0.01,0.107997268323731,0.0191927505263796));
#5153=CARTESIAN_POINT('',(0.01,0.105673344419389,0.0195506279360825));
#5154=CARTESIAN_POINT('',(0.00400000025,0.105673227072516,0.0195506460071539));
#5155=CARTESIAN_POINT('',(0.004,0.107997268323731,0.0191927505263796));
#5156=CARTESIAN_POINT('',(-0.005,0.0836456408262252,0.0192188947849208));
#5157=CARTESIAN_POINT('',(0.0025,0.0836456408262252,0.0192188947849208));
#5158=CARTESIAN_POINT('',(0.0025,0.110545640826225,0.0192188947849208));
#5159=CARTESIAN_POINT('',(-0.005,0.0836456408262252,0.0192188947849208));
#5160=CARTESIAN_POINT('',(-0.005,0.110545640826225,0.0192188947849208));
#5161=CARTESIAN_POINT('',(-0.005,0.0836456408262252,0.0192188947849208));
#5162=CARTESIAN_POINT('',(0.0025,0.0836456408262252,0.0192188947849208));
#5163=CARTESIAN_POINT('',(0.0025,0.0836456408262252,0.0192188947849208));
#5164=CARTESIAN_POINT('',(0.0025,0.0586456408262252,0.0192188947849208));
#5165=CARTESIAN_POINT('',(0.004,0.0836456408262252,0.0192188947849208));
#5166=CARTESIAN_POINT('',(0.004,0.0586456408262252,0.0192188947849208));
#5167=CARTESIAN_POINT('',(0.0025,0.0836456408262252,0.0192188947849208));
#5168=CARTESIAN_POINT('',(-0.015,0.0836456408262252,0.0192188947849208));
#5169=CARTESIAN_POINT('',(-0.015,0.106497232216912,0.0280537558994543));
#5170=CARTESIAN_POINT('',(0.004,0.106497232216912,0.0280537558994543));
#5171=CARTESIAN_POINT('',(0.004,0.0836456408262252,0.0192188947849208));
#5172=CARTESIAN_POINT('',(0.004,0.108067515826225,0.0211738938857838));
#5173=CARTESIAN_POINT('',(-0.015,0.108067515826225,0.0211738938857838));
#5174=CARTESIAN_POINT('',(-0.015,0.107645640826225,0.0192188947849208));
#5175=CARTESIAN_POINT('',(0.004,0.107645640826225,0.0192188947849208));
#5176=CARTESIAN_POINT('',(-0.015,0.105268893655862,0.0296321045236299));
#5177=CARTESIAN_POINT('',(0.004,0.105268893655862,0.0296321045236299));
#5178=CARTESIAN_POINT('',(-0.015,0.107645640826225,0.0192188947849208));
#5179=CARTESIAN_POINT('',(0.004,0.107645640826225,0.0192188947849208));
#5180=CARTESIAN_POINT('',(0.004,0.108067515826225,0.0172638956840578));
#5181=CARTESIAN_POINT('',(-0.015,0.108067515826225,0.0172638956840578));
#5182=CARTESIAN_POINT('',(-0.015,0.0836456408262252,0.0192188947849208));
#5183=CARTESIAN_POINT('',(0.004,0.0836456408262252,0.0192188947849208));
#5184=CARTESIAN_POINT('',(0.004,0.106497232216891,0.0103840336703334));
#5185=CARTESIAN_POINT('',(-0.015,0.106497232216891,0.0103840336703334));
#5186=CARTESIAN_POINT('',(-0.015,0.105268893655877,0.00880568504612933));
#5187=CARTESIAN_POINT('',(0.004,0.105268893655877,0.00880568504612933));
#5188=CARTESIAN_POINT('',(0.004,0.146642862705427,0.0192188947849208));
#5189=CARTESIAN_POINT('',(0.014,0.0836456408262252,0.0192188947849208));
#5190=CARTESIAN_POINT('',(0.014,0.0836456408262252,0.0192188947849208));
#5191=CARTESIAN_POINT('',(0.014,0.0586456408262252,0.0192188947849208));
#5192=CARTESIAN_POINT('',(0.014,0.0836456408262252,0.0192188947849208));
#5193=CARTESIAN_POINT('',(0.018,0.0836456408262252,0.0192188947849208));
#5194=CARTESIAN_POINT('',(0.013,0.163645640826225,0.0477188947849208));
#5195=CARTESIAN_POINT('',(0.013,0.163645640826225,-0.00928110521507917));
#5196=CARTESIAN_POINT('',(-0.012,0.139671518303806,0.0149689663700707));
#5197=CARTESIAN_POINT('',(-0.012,0.131421518303806,0.000679547207627439));
#5198=CARTESIAN_POINT('',(-0.012,0.147921518303806,0.029258385532514));
#5199=CARTESIAN_POINT('',(-0.012,0.142725365881099,0.0322583855325139));
#5200=CARTESIAN_POINT('',(-0.012,0.145725365881099,0.0374545379552206));
#5201=CARTESIAN_POINT('',(-0.012,0.143560302371638,0.0387045379552206));
#5202=CARTESIAN_POINT('',(-0.012,0.141395238862177,0.0399545379552206));
#5203=CARTESIAN_POINT('',(-0.012,0.138395238862177,0.034758385532514));
#5204=CARTESIAN_POINT('',(-0.012,0.133199086439471,0.0377583855325139));
#5205=CARTESIAN_POINT('',(-0.012,0.124949086439471,0.0234689663700707));
#5206=CARTESIAN_POINT('',(-0.012,0.116699086439471,0.00917954720762742));
#5207=CARTESIAN_POINT('',(-0.012,0.121895238862177,0.00617954720762743));
#5208=CARTESIAN_POINT('',(-0.012,0.118895238862177,0.000983394784920819));
#5209=CARTESIAN_POINT('',(-0.012,0.121060302371638,-0.000266605215079185));
#5210=CARTESIAN_POINT('',(-0.012,0.123225365881099,-0.00151660521507919));
#5211=CARTESIAN_POINT('',(-0.012,0.126225365881099,0.00367954720762739));
#5212=CARTESIAN_POINT('',(-0.012,0.184949086439471,0.0234689663700707));
#5213=CARTESIAN_POINT('',(-0.012,0.193199086439471,0.0377583855325139));
#5214=CARTESIAN_POINT('',(-0.012,0.176699086439471,0.00917954720762742));
#5215=CARTESIAN_POINT('',(-0.012,0.181895238862178,0.00617954720762744));
#5216=CARTESIAN_POINT('',(-0.012,0.178895238862178,0.000983394784920819));
#5217=CARTESIAN_POINT('',(-0.012,0.181060302371639,-0.000266605215079192));
#5218=CARTESIAN_POINT('',(-0.012,0.1832253658811,-0.00151660521507919));
#5219=CARTESIAN_POINT('',(-0.012,0.186225365881099,0.00367954720762742));
#5220=CARTESIAN_POINT('',(-0.012,0.191421518303806,0.000679547207627439));
#5221=CARTESIAN_POINT('',(-0.012,0.199671518303806,0.0149689663700707));
#5222=CARTESIAN_POINT('',(-0.012,0.207921518303806,0.029258385532514));
#5223=CARTESIAN_POINT('',(-0.012,0.202725365881099,0.0322583855325139));
#5224=CARTESIAN_POINT('',(-0.012,0.205725365881099,0.0374545379552206));
#5225=CARTESIAN_POINT('',(-0.012,0.203560302371638,0.0387045379552206));
#5226=CARTESIAN_POINT('',(-0.012,0.201395238862178,0.0399545379552206));
#5227=CARTESIAN_POINT('',(-0.012,0.198395238862178,0.034758385532514));
#5228=CARTESIAN_POINT('',(-0.012,0.154949086439471,0.0234689663700707));
#5229=CARTESIAN_POINT('',(-0.012,0.163199086439471,0.0377583855325139));
#5230=CARTESIAN_POINT('',(-0.012,0.146699086439471,0.00917954720762742));
#5231=CARTESIAN_POINT('',(-0.012,0.151895238862178,0.00617954720762742));
#5232=CARTESIAN_POINT('',(-0.012,0.148895238862177,0.000983394784920819));
#5233=CARTESIAN_POINT('',(-0.012,0.151060302371639,-0.000266605215079185));
#5234=CARTESIAN_POINT('',(-0.012,0.1532253658811,-0.00151660521507919));
#5235=CARTESIAN_POINT('',(-0.012,0.156225365881099,0.00367954720762745));
#5236=CARTESIAN_POINT('',(-0.012,0.161421518303806,0.000679547207627439));
#5237=CARTESIAN_POINT('',(-0.012,0.169671518303806,0.0149689663700707));
#5238=CARTESIAN_POINT('',(-0.012,0.177921518303806,0.029258385532514));
#5239=CARTESIAN_POINT('',(-0.012,0.172725365881099,0.032258385532514));
#5240=CARTESIAN_POINT('',(-0.012,0.175725365881099,0.0374545379552206));
#5241=CARTESIAN_POINT('',(-0.012,0.173560302371638,0.0387045379552206));
#5242=CARTESIAN_POINT('',(-0.012,0.171395238862178,0.0399545379552206));
#5243=CARTESIAN_POINT('',(-0.012,0.168395238862178,0.034758385532514));
#5244=CARTESIAN_POINT('',(0.013,0.243645640826225,0.0192188947849208));
#5245=CARTESIAN_POINT('',(0.013,0.243645640826225,0.0384688947849207));
#5246=CARTESIAN_POINT('',(0.013,0.261895640826225,0.0384688947849207));
#5247=CARTESIAN_POINT('',(0.013,0.243645640826225,0.0192188947849208));
#5248=CARTESIAN_POINT('',(0.013,0.262314768155799,0.0383768222498672));
#5249=CARTESIAN_POINT('',(0.013,0.261895640826225,0.0374688947849207));
#5250=CARTESIAN_POINT('',(0.013,0.243645640826225,0.0192188947849208));
#5251=CARTESIAN_POINT('',(0.013,0.243645640826225,0.00393889478492075));
#5252=CARTESIAN_POINT('',(0.013,0.245348315193214,0.00146889478492073));
#5253=CARTESIAN_POINT('',(0.013,0.241942966459237,0.00146889478492073));
#5254=CARTESIAN_POINT('',(0.013,0.243645640826225,0.00146889478492073));
#5255=CARTESIAN_POINT('',(0.013,0.243645640826225,0.0192188947849208));
#5256=CARTESIAN_POINT('',(0.013,0.243645640826225,0.0344988947849207));
#5257=CARTESIAN_POINT('',(0.013,0.241942966459237,0.0369688947849207));
#5258=CARTESIAN_POINT('',(0.013,0.245348315193214,0.0369688947849207));
#5259=CARTESIAN_POINT('',(0.013,0.243645640826225,0.0369688947849207));
#5260=CARTESIAN_POINT('',(0.013,0.243645640826225,0.0192188947849208));
#5261=CARTESIAN_POINT('',(0.013,0.261895640826225,0.0374688947849207));
#5262=CARTESIAN_POINT('',(0.013,0.262803568291171,0.0378880221144949));
#5263=CARTESIAN_POINT('',(0.013,0.243645640826225,0.0192188947849208));
#5264=CARTESIAN_POINT('',(0.013,0.243645640826225,0.0192188947849208));
#5265=CARTESIAN_POINT('',(0.013,0.261895640826225,0.000968894784920724));
#5266=CARTESIAN_POINT('',(0.013,0.262314768155799,6.09673199742714E-5));
#5267=CARTESIAN_POINT('',(0.013,0.262803568291171,0.000549767455346621));
#5268=CARTESIAN_POINT('',(0.013,0.243645640826225,0.0192188947849208));
#5269=CARTESIAN_POINT('',(-0.0124,0.243645640826225,0.00146889478492074));
#5270=CARTESIAN_POINT('',(-0.0124,0.227895640826225,0.00146889478492074));
#5271=CARTESIAN_POINT('',(-0.0124,0.227895640826225,0.00146889478492074));
#5272=CARTESIAN_POINT('',(0.013,0.227895640826225,0.00146889478492073));
#5273=CARTESIAN_POINT('',(0.013,0.243645640826225,0.00146889478492073));
#5274=CARTESIAN_POINT('',(0.013,0.243645640826225,0.00146889478492073));
#5275=CARTESIAN_POINT('',(0.013,0.259395640826225,0.00146889478492073));
#5276=CARTESIAN_POINT('',(-0.0124,0.259395640826225,0.00146889478492074));
#5277=CARTESIAN_POINT('',(-0.0124,0.259395640826225,0.00146889478492074));
#5278=CARTESIAN_POINT('',(-0.0124,0.243645640826225,0.00146889478492074));
#5279=CARTESIAN_POINT('',(-0.0124,0.246895640826225,0.00146889478492074));
#5280=CARTESIAN_POINT('',(-0.0124,0.246895640826225,0.00146889478492074));
#5281=CARTESIAN_POINT('',(-0.0049,0.246895640826225,0.00146889478492073));
#5282=CARTESIAN_POINT('',(-0.0049,0.243645640826225,0.00146889478492073));
#5283=CARTESIAN_POINT('',(-0.0049,0.240395640826225,0.00146889478492073));
#5284=CARTESIAN_POINT('',(-0.0124,0.240395640826225,0.00146889478492074));
#5285=CARTESIAN_POINT('',(-0.0124,0.240395640826225,0.00146889478492074));
#5286=CARTESIAN_POINT('',(-0.0124,0.243645640826225,0.00146889478492074));
#5287=CARTESIAN_POINT('',(-0.0124,0.226895640826225,0.00246889478492074));
#5288=CARTESIAN_POINT('',(-0.0124,0.225895640826225,0.00346889478492074));
#5289=CARTESIAN_POINT('',(-0.0124,0.225895640826225,0.00346889478492074));
#5290=CARTESIAN_POINT('',(0.013,0.225895640826225,0.00346889478492073));
#5291=CARTESIAN_POINT('',(0.013,0.226895640826225,0.00246889478492073));
#5292=CARTESIAN_POINT('',(-0.0124,0.226895640826225,0.00246889478492074));
#5293=CARTESIAN_POINT('',(-0.0124,0.225895640826225,0.0192188947849208));
#5294=CARTESIAN_POINT('',(-0.0124,0.225895640826225,0.0349688947849208));
#5295=CARTESIAN_POINT('',(-0.0124,0.225895640826225,0.0349688947849208));
#5296=CARTESIAN_POINT('',(0.013,0.225895640826225,0.0349688947849208));
#5297=CARTESIAN_POINT('',(0.013,0.225895640826225,0.0192188947849208));
#5298=CARTESIAN_POINT('',(-0.0124,0.225895640826225,0.0192188947849208));
#5299=CARTESIAN_POINT('',(-0.0124,0.226895640826225,0.0359688947849207));
#5300=CARTESIAN_POINT('',(0.013,0.226895640826225,0.0359688947849207));
#5301=CARTESIAN_POINT('',(0.013,0.227895640826225,0.0369688947849207));
#5302=CARTESIAN_POINT('',(-0.0124,0.226895640826225,0.0359688947849207));
#5303=CARTESIAN_POINT('',(-0.0124,0.227895640826225,0.0369688947849207));
#5304=CARTESIAN_POINT('',(-0.0124,0.227895640826225,0.0369688947849207));
#5305=CARTESIAN_POINT('',(-0.0124,0.243645640826225,0.0369688947849207));
#5306=CARTESIAN_POINT('',(0.013,0.243645640826225,0.0369688947849207));
#5307=CARTESIAN_POINT('',(0.013,0.259395640826225,0.0369688947849207));
#5308=CARTESIAN_POINT('',(0.013,0.243645640826225,0.0369688947849207));
#5309=CARTESIAN_POINT('',(-0.0124,0.243645640826225,0.0369688947849207));
#5310=CARTESIAN_POINT('',(-0.0124,0.259395640826225,0.0369688947849207));
#5311=CARTESIAN_POINT('',(-0.0124,0.259395640826225,0.0369688947849207));
#5312=CARTESIAN_POINT('',(-0.0124,0.260395640826225,0.0359688947849207));
#5313=CARTESIAN_POINT('',(-0.0124,0.261395640826225,0.0349688947849208));
#5314=CARTESIAN_POINT('',(-0.0124,0.261395640826225,0.0349688947849208));
#5315=CARTESIAN_POINT('',(0.013,0.261395640826225,0.0349688947849208));
#5316=CARTESIAN_POINT('',(0.013,0.260395640826225,0.0359688947849207));
#5317=CARTESIAN_POINT('',(-0.0124,0.260395640826225,0.0359688947849207));
#5318=CARTESIAN_POINT('',(-0.0124,0.261395640826225,0.0192188947849208));
#5319=CARTESIAN_POINT('',(0.013,0.261395640826225,0.0192188947849208));
#5320=CARTESIAN_POINT('',(0.013,0.261395640826225,0.00346889478492073));
#5321=CARTESIAN_POINT('',(-0.0124,0.261395640826225,0.0192188947849208));
#5322=CARTESIAN_POINT('',(-0.0124,0.261395640826225,0.00346889478492074));
#5323=CARTESIAN_POINT('',(-0.0124,0.261395640826225,0.00346889478492074));
#5324=CARTESIAN_POINT('',(-0.0124,0.260395640826225,0.00246889478492074));
#5325=CARTESIAN_POINT('',(0.013,0.260395640826225,0.00246889478492073));
#5326=CARTESIAN_POINT('',(-0.0124,0.260395640826225,0.00246889478492074));
#5327=CARTESIAN_POINT('',(-0.0124,0.243645640826225,0.0384688947849207));
#5328=CARTESIAN_POINT('',(-0.0124,0.225395640826225,0.0384688947849207));
#5329=CARTESIAN_POINT('',(-0.0124,0.225395640826225,0.0384688947849207));
#5330=CARTESIAN_POINT('',(-0.0124,0.261895640826225,0.0384688947849207));
#5331=CARTESIAN_POINT('',(-0.0124,0.261895640826225,0.0384688947849207));
#5332=CARTESIAN_POINT('',(-0.0124,0.243645640826225,0.0384688947849207));
#5333=CARTESIAN_POINT('',(-0.0124,0.225395640826225,0.0374688947849207));
#5334=CARTESIAN_POINT('',(-0.0124,0.224395640826225,0.0374688947849207));
#5335=CARTESIAN_POINT('',(-0.0124,0.224395640826225,0.0374688947849207));
#5336=CARTESIAN_POINT('',(-0.0124,0.225395640826225,0.0374688947849207));
#5337=CARTESIAN_POINT('',(-0.0124,0.224395640826225,0.0192188947849208));
#5338=CARTESIAN_POINT('',(-0.0124,0.224395640826225,0.000968894784920737));
#5339=CARTESIAN_POINT('',(-0.0124,0.224395640826225,0.000968894784920737));
#5340=CARTESIAN_POINT('',(-0.0124,0.224395640826225,0.0192188947849208));
#5341=CARTESIAN_POINT('',(-0.0124,0.225395640826225,0.000968894784920744));
#5342=CARTESIAN_POINT('',(-0.0124,0.225395640826225,-3.11052150792635E-5));
#5343=CARTESIAN_POINT('',(-0.0124,0.225395640826225,-3.11052150792635E-5));
#5344=CARTESIAN_POINT('',(-0.0124,0.225395640826225,0.000968894784920744));
#5345=CARTESIAN_POINT('',(-0.0124,0.243645640826225,-3.11052150792635E-5));
#5346=CARTESIAN_POINT('',(-0.0124,0.243645640826225,-3.11052150792635E-5));
#5347=CARTESIAN_POINT('',(-0.0124,0.240395640826225,-3.11052150792635E-5));
#5348=CARTESIAN_POINT('',(-0.00865,0.240395640826225,-3.11052150792704E-5));
#5349=CARTESIAN_POINT('',(-0.0049,0.240395640826225,-3.11052150792704E-5));
#5350=CARTESIAN_POINT('',(-0.0049,0.243645640826225,-3.11052150792704E-5));
#5351=CARTESIAN_POINT('',(-0.0049,0.246895640826225,-3.11052150792704E-5));
#5352=CARTESIAN_POINT('',(-0.00865,0.246895640826225,-3.11052150792704E-5));
#5353=CARTESIAN_POINT('',(-0.0124,0.246895640826225,-3.11052150792635E-5));
#5354=CARTESIAN_POINT('',(-0.0124,0.243645640826225,-3.11052150792635E-5));
#5355=CARTESIAN_POINT('',(-0.0124,0.261895640826225,-3.11052150792635E-5));
#5356=CARTESIAN_POINT('',(-0.0124,0.261895640826225,-3.11052150792635E-5));
#5357=CARTESIAN_POINT('',(0.013,0.261895640826225,-3.11052150792704E-5));
#5358=CARTESIAN_POINT('',(0.013,0.243645640826225,-3.11052150792704E-5));
#5359=CARTESIAN_POINT('',(-0.0124,0.261895640826225,0.000968894784920731));
#5360=CARTESIAN_POINT('',(0.013,0.261895640826225,0.000968894784920724));
#5361=CARTESIAN_POINT('',(-0.0124,0.261895640826225,0.000968894784920731));
#5362=CARTESIAN_POINT('',(-0.0124,0.262895640826225,0.000968894784920744));
#5363=CARTESIAN_POINT('',(-0.0124,0.262895640826225,0.000968894784920744));
#5364=CARTESIAN_POINT('',(0.013,0.262895640826225,0.000968894784920737));
#5365=CARTESIAN_POINT('',(0.013,0.261895640826225,0.000968894784920724));
#5366=CARTESIAN_POINT('',(-0.0124,0.262895640826225,0.0192188947849208));
#5367=CARTESIAN_POINT('',(0.013,0.262895640826225,0.0192188947849208));
#5368=CARTESIAN_POINT('',(0.013,0.262895640826225,0.0374688947849207));
#5369=CARTESIAN_POINT('',(-0.0124,0.262895640826225,0.0192188947849208));
#5370=CARTESIAN_POINT('',(-0.0124,0.262895640826225,0.0374688947849207));
#5371=CARTESIAN_POINT('',(-0.0124,0.262895640826225,0.0374688947849207));
#5372=CARTESIAN_POINT('',(-0.0124,0.261895640826225,0.0374688947849207));
#5373=CARTESIAN_POINT('',(0.013,0.261895640826225,0.0374688947849207));
#5374=CARTESIAN_POINT('',(-0.0124,0.261895640826225,0.0374688947849207));
#5375=CARTESIAN_POINT('',(-0.0124,0.243645640826225,0.0192188947849208));
#5376=CARTESIAN_POINT('',(-0.0124,0.240395640826225,0.00466889478492074));
#5377=CARTESIAN_POINT('',(-0.0124,0.246895640826225,0.00466889478492074));
#5378=CARTESIAN_POINT('',(-0.00865,0.240395640826225,0.00466889478492073));
#5379=CARTESIAN_POINT('',(-0.0049,0.240395640826225,0.00466889478492073));
#5380=CARTESIAN_POINT('',(-0.00865,0.246895640826225,0.00466889478492073));
#5381=CARTESIAN_POINT('',(-0.0049,0.246895640826225,0.00466889478492073));
#5382=CARTESIAN_POINT('',(-0.0049,0.243645640826225,0.00466889478492073));
#5383=CARTESIAN_POINT('',(0.013,0.243645640826225,0.0192188947849208));
#5384=CARTESIAN_POINT('',(0.013,0.243645640826225,0.0192188947849208));
#5385=CARTESIAN_POINT('',(0.013,0.243645640826225,0.0192188947849208));
#5386=CARTESIAN_POINT('',(0.013,0.243645640826225,0.0192188947849208));
#5387=CARTESIAN_POINT('',(0.013,0.243645640826225,0.0192188947849208));
#5388=CARTESIAN_POINT('',(0.013,0.230616902660037,0.00624769847935507));
#5389=CARTESIAN_POINT('',(0.013,0.230616902660037,0.00799769847935507));
#5390=CARTESIAN_POINT('',(0.013,0.230674378992414,0.032247698479355));
#5391=CARTESIAN_POINT('',(0.013,0.230674378992414,0.033997698479355));
#5392=CARTESIAN_POINT('',(0.013,0.243645640826225,0.00393889478492075));
#5393=CARTESIAN_POINT('',(0.013,0.240660131119641,0.0042333974027218));
#5394=CARTESIAN_POINT('',(0.013,0.243645640826225,0.0344988947849207));
#5395=CARTESIAN_POINT('',(0.013,0.240660131119641,0.0342043921671197));
#5396=CARTESIAN_POINT('',(0.013,0.243645640826225,0.0192188947849209));
#5397=CARTESIAN_POINT('',(0.013,0.232160574258188,0.0292971707251671));
#5398=CARTESIAN_POINT('',(0.013,0.230412772656399,0.0268588947849208));
#5399=CARTESIAN_POINT('',(0.013,0.229175064551604,0.0241261162268733));
#5400=CARTESIAN_POINT('',(0.013,0.243645640826225,0.0192188947849208));
#5401=CARTESIAN_POINT('',(0.013,0.229175064551604,0.0143116733429682));
#5402=CARTESIAN_POINT('',(0.013,0.230412772656399,0.0115788947849208));
#5403=CARTESIAN_POINT('',(0.013,0.232160574258188,0.00914061884467436));
#5404=CARTESIAN_POINT('',(0.013,0.243645640826225,0.0192188947849208));
#5405=CARTESIAN_POINT('',(0.02,0.230412772656399,0.0268588947849208));
#5406=CARTESIAN_POINT('',(0.02,0.230412772656399,0.0268588947849208));
#5407=CARTESIAN_POINT('',(0.02,0.230412772656399,0.0285588947849208));
#5408=CARTESIAN_POINT('',(0.018,0.230412772656399,0.0268588947849208));
#5409=CARTESIAN_POINT('',(0.018,0.230412772656399,0.0285588947849208));
#5410=CARTESIAN_POINT('',(0.02,0.243645640826225,0.0344988947849207));
#5411=CARTESIAN_POINT('',(0.018,0.243645640826225,0.0344988947849207));
#5412=CARTESIAN_POINT('',(0.018,0.243645640826225,0.0361988947849207));
#5413=CARTESIAN_POINT('',(0.02,0.243645640826225,0.0344988947849207));
#5414=CARTESIAN_POINT('',(0.02,0.243645640826225,0.0361988947849207));
#5415=CARTESIAN_POINT('',(0.02,0.256878508996052,0.0268588947849208));
#5416=CARTESIAN_POINT('',(0.02,0.256878508996052,0.0268588947849208));
#5417=CARTESIAN_POINT('',(0.02,0.256878508996052,0.0285588947849208));
#5418=CARTESIAN_POINT('',(0.018,0.256878508996052,0.0268588947849208));
#5419=CARTESIAN_POINT('',(0.018,0.256878508996052,0.0285588947849208));
#5420=CARTESIAN_POINT('',(0.02,0.256878508996052,0.0115788947849208));
#5421=CARTESIAN_POINT('',(0.02,0.256878508996052,0.0115788947849208));
#5422=CARTESIAN_POINT('',(0.02,0.256878508996052,0.0132788947849208));
#5423=CARTESIAN_POINT('',(0.018,0.256878508996052,0.0115788947849208));
#5424=CARTESIAN_POINT('',(0.018,0.256878508996052,0.0132788947849208));
#5425=CARTESIAN_POINT('',(0.02,0.243645640826225,0.00393889478492076));
#5426=CARTESIAN_POINT('',(0.018,0.243645640826225,0.00393889478492076));
#5427=CARTESIAN_POINT('',(0.018,0.243645640826225,0.00563889478492076));
#5428=CARTESIAN_POINT('',(0.02,0.243645640826225,0.00393889478492076));
#5429=CARTESIAN_POINT('',(0.02,0.243645640826225,0.00563889478492076));
#5430=CARTESIAN_POINT('',(0.02,0.230412772656399,0.0115788947849207));
#5431=CARTESIAN_POINT('',(0.02,0.230412772656399,0.0115788947849207));
#5432=CARTESIAN_POINT('',(0.02,0.230412772656399,0.0132788947849207));
#5433=CARTESIAN_POINT('',(0.018,0.230412772656399,0.0115788947849207));
#5434=CARTESIAN_POINT('',(0.018,0.230412772656399,0.0132788947849207));
#5435=CARTESIAN_POINT('',(0.029,0.243645640826225,0.0192188947849208));
#5436=CARTESIAN_POINT('',(0.02,0.243645640826225,0.0192188947849208));
#5437=CARTESIAN_POINT('',(0.02,0.243645640826225,-0.00753110521507925));
#5438=CARTESIAN_POINT('',(0.02,0.230616902660037,0.00624769847935507));
#5439=CARTESIAN_POINT('',(0.015,0.230616902660037,0.00624769847935507));
#5440=CARTESIAN_POINT('',(0.015,0.230616902660037,0.00799769847935507));
#5441=CARTESIAN_POINT('',(0.02,0.230674378992414,0.032247698479355));
#5442=CARTESIAN_POINT('',(0.015,0.230674378992414,0.032247698479355));
#5443=CARTESIAN_POINT('',(0.015,0.230674378992414,0.033997698479355));
#5444=CARTESIAN_POINT('',(0.02,0.256674378992414,0.0321900910904864));
#5445=CARTESIAN_POINT('',(0.013,0.256674378992414,0.0321900910904864));
#5446=CARTESIAN_POINT('',(0.013,0.256674378992414,0.0339400910904865));
#5447=CARTESIAN_POINT('',(0.015,0.256674378992414,0.0321900910904864));
#5448=CARTESIAN_POINT('',(0.015,0.256674378992414,0.0339400910904865));
#5449=CARTESIAN_POINT('',(0.02,0.256616902660037,0.00619009109048645));
#5450=CARTESIAN_POINT('',(0.013,0.256616902660037,0.00619009109048645));
#5451=CARTESIAN_POINT('',(0.013,0.256616902660037,0.00794009109048645));
#5452=CARTESIAN_POINT('',(0.015,0.256616902660037,0.00619009109048645));
#5453=CARTESIAN_POINT('',(0.015,0.256616902660037,0.00794009109048645));
#5454=CARTESIAN_POINT('',(0.013,0.243645640826225,0.0192188947849208));
#5455=CARTESIAN_POINT('',(0.013,0.243645640826225,0.00393889478492075));
#5456=CARTESIAN_POINT('',(0.013,0.246631150532809,0.00423339740272181));
#5457=CARTESIAN_POINT('',(0.013,0.243645640826225,0.0192188947849208));
#5458=CARTESIAN_POINT('',(0.013,0.255130707394263,0.00914061884467436));
#5459=CARTESIAN_POINT('',(0.013,0.256878508996052,0.0115788947849208));
#5460=CARTESIAN_POINT('',(0.013,0.258116217100846,0.0143116733429682));
#5461=CARTESIAN_POINT('',(0.013,0.243645640826225,0.0192188947849208));
#5462=CARTESIAN_POINT('',(0.013,0.258116217100846,0.0241261162268733));
#5463=CARTESIAN_POINT('',(0.013,0.256878508996052,0.0268588947849208));
#5464=CARTESIAN_POINT('',(0.013,0.255130707394263,0.0292971707251671));
#5465=CARTESIAN_POINT('',(0.013,0.243645640826225,0.0192188947849208));
#5466=CARTESIAN_POINT('',(0.013,0.246631150532809,0.0342043921671197));
#5467=CARTESIAN_POINT('',(0.013,0.243645640826225,0.0344988947849207));
#5468=CARTESIAN_POINT('',(0.02,0.243645640826225,0.0192188947849208));
#5469=CARTESIAN_POINT('',(0.02,0.256616902660037,0.00619009109048645));
#5470=CARTESIAN_POINT('',(0.02,0.256616902660037,0.00319009109048645));
#5471=CARTESIAN_POINT('',(0.02,0.256674378992414,0.0321900910904864));
#5472=CARTESIAN_POINT('',(0.02,0.256674378992414,0.0291900910904864));
#5473=CARTESIAN_POINT('',(0.02,0.230674378992414,0.032247698479355));
#5474=CARTESIAN_POINT('',(0.02,0.230674378992414,0.029247698479355));
#5475=CARTESIAN_POINT('',(0.02,0.230616902660037,0.00624769847935507));
#5476=CARTESIAN_POINT('',(0.02,0.230616902660037,0.00324769847935507));
#5477=CARTESIAN_POINT('',(0.02,0.243645640826225,0.0192188947849208));
#5478=CARTESIAN_POINT('',(0.02,0.243645640826225,0.0220188947849208));
#5479=CARTESIAN_POINT('',(0.016,0.243645640826225,0.0192188947849208));
#5480=CARTESIAN_POINT('',(0.016,0.229175064551604,0.0241261162268733));
#5481=CARTESIAN_POINT('',(0.016,0.229175064551604,0.0241261162268733));
#5482=CARTESIAN_POINT('',(0.016,0.243645640826225,0.0192188947849208));
#5483=CARTESIAN_POINT('',(0.016,0.229175064551604,0.0143116733429682));
#5484=CARTESIAN_POINT('',(0.016,0.229175064551604,0.0143116733429682));
#5485=CARTESIAN_POINT('',(0.016,0.243645640826225,0.0192188947849209));
#5486=CARTESIAN_POINT('',(0.016,0.240660131119641,0.0342043921671197));
#5487=CARTESIAN_POINT('',(0.016,0.240660131119641,0.0342043921671197));
#5488=CARTESIAN_POINT('',(0.016,0.243645640826225,0.0192188947849209));
#5489=CARTESIAN_POINT('',(0.016,0.232160574258188,0.0292971707251671));
#5490=CARTESIAN_POINT('',(0.016,0.232160574258188,0.0292971707251671));
#5491=CARTESIAN_POINT('',(0.016,0.243645640826225,0.0192188947849208));
#5492=CARTESIAN_POINT('',(0.016,0.255130707394263,0.0292971707251671));
#5493=CARTESIAN_POINT('',(0.016,0.255130707394263,0.0292971707251671));
#5494=CARTESIAN_POINT('',(0.016,0.243645640826225,0.0192188947849208));
#5495=CARTESIAN_POINT('',(0.016,0.246631150532809,0.0342043921671197));
#5496=CARTESIAN_POINT('',(0.016,0.246631150532809,0.0342043921671197));
#5497=CARTESIAN_POINT('',(0.016,0.243645640826225,0.0192188947849208));
#5498=CARTESIAN_POINT('',(0.016,0.258116217100846,0.0143116733429682));
#5499=CARTESIAN_POINT('',(0.016,0.258116217100846,0.0143116733429682));
#5500=CARTESIAN_POINT('',(0.016,0.243645640826225,0.0192188947849208));
#5501=CARTESIAN_POINT('',(0.016,0.258116217100846,0.0241261162268733));
#5502=CARTESIAN_POINT('',(0.016,0.258116217100846,0.0241261162268733));
#5503=CARTESIAN_POINT('',(0.016,0.243645640826225,0.0192188947849208));
#5504=CARTESIAN_POINT('',(0.016,0.246631150532809,0.00423339740272181));
#5505=CARTESIAN_POINT('',(0.016,0.246631150532809,0.00423339740272181));
#5506=CARTESIAN_POINT('',(0.016,0.243645640826225,0.0192188947849208));
#5507=CARTESIAN_POINT('',(0.016,0.255130707394263,0.00914061884467437));
#5508=CARTESIAN_POINT('',(0.016,0.255130707394263,0.00914061884467437));
#5509=CARTESIAN_POINT('',(0.016,0.243645640826225,0.0192188947849208));
#5510=CARTESIAN_POINT('',(0.016,0.232160574258188,0.00914061884467436));
#5511=CARTESIAN_POINT('',(0.016,0.232160574258188,0.00914061884467436));
#5512=CARTESIAN_POINT('',(0.016,0.243645640826225,0.0192188947849208));
#5513=CARTESIAN_POINT('',(0.016,0.240660131119641,0.00423339740272181));
#5514=CARTESIAN_POINT('',(0.016,0.240660131119641,0.00423339740272181));
#5515=CARTESIAN_POINT('',(0.016,0.243645640826225,0.0192188947849208));
#5516=CARTESIAN_POINT('',(0.016,0.243645640826225,0.0192188947849208));
#5517=CARTESIAN_POINT('',(0.016,0.243645640826225,0.0220188947849208));
#5518=CARTESIAN_POINT('',(0.016,0.230412772656399,0.0115788947849207));
#5519=CARTESIAN_POINT('',(0.016,0.230412772656399,0.0268588947849208));
#5520=CARTESIAN_POINT('',(0.016,0.243645640826225,0.0344988947849207));
#5521=CARTESIAN_POINT('',(0.016,0.256878508996052,0.0268588947849208));
#5522=CARTESIAN_POINT('',(0.016,0.256878508996052,0.0115788947849207));
#5523=CARTESIAN_POINT('',(0.016,0.243645640826225,0.00393889478492075));
#5524=CARTESIAN_POINT('',(0.038,0.243645640826225,0.0192188947849208));
#5525=CARTESIAN_POINT('',(0.015,0.256616902660037,0.00619009109048645));
#5526=CARTESIAN_POINT('',(0.015,0.256616902660037,0.00619009109048645));
#5527=CARTESIAN_POINT('',(0.015,0.255436584975299,0.00894814296873251));
#5528=CARTESIAN_POINT('',(0.015,0.258058826680789,0.0088208429066747));
#5529=CARTESIAN_POINT('',(0.0155,0.255436584975299,0.00894814296873251));
#5530=CARTESIAN_POINT('',(0.018,0.255436584975299,0.00894814296873251));
#5531=CARTESIAN_POINT('',(0.018,0.256616902660037,0.00619009109048645));
#5532=CARTESIAN_POINT('',(0.018,0.258058826680789,0.0088208429066747));
#5533=CARTESIAN_POINT('',(0.0155,0.258058826680789,0.0088208429066747));
#5534=CARTESIAN_POINT('',(0.015,0.243645640826225,0.0192188947849208));
#5535=CARTESIAN_POINT('',(0.015,0.256878508996052,0.0115788947849208));
#5536=CARTESIAN_POINT('',(0.015,0.256674378992414,0.0321900910904864));
#5537=CARTESIAN_POINT('',(0.015,0.256674378992414,0.0321900910904864));
#5538=CARTESIAN_POINT('',(0.015,0.258148089313572,0.0295770128503044));
#5539=CARTESIAN_POINT('',(0.015,0.255404798674893,0.0294719730251028));
#5540=CARTESIAN_POINT('',(0.0155,0.258148089313572,0.0295770128503044));
#5541=CARTESIAN_POINT('',(0.018,0.258148089313572,0.0295770128503044));
#5542=CARTESIAN_POINT('',(0.018,0.256674378992414,0.0321900910904864));
#5543=CARTESIAN_POINT('',(0.018,0.255404798674893,0.0294719730251028));
#5544=CARTESIAN_POINT('',(0.0155,0.255404798674893,0.0294719730251028));
#5545=CARTESIAN_POINT('',(0.015,0.243645640826225,0.0192188947849208));
#5546=CARTESIAN_POINT('',(0.015,0.256878508996052,0.0268588947849208));
#5547=CARTESIAN_POINT('',(0.015,0.230674378992414,0.032247698479355));
#5548=CARTESIAN_POINT('',(0.0155,0.231854696677151,0.029489646601109));
#5549=CARTESIAN_POINT('',(0.015,0.231854696677151,0.029489646601109));
#5550=CARTESIAN_POINT('',(0.018,0.231854696677151,0.029489646601109));
#5551=CARTESIAN_POINT('',(0.018,0.230674378992414,0.032247698479355));
#5552=CARTESIAN_POINT('',(0.018,0.229232454971662,0.0296169466631668));
#5553=CARTESIAN_POINT('',(0.0155,0.229232454971662,0.0296169466631668));
#5554=CARTESIAN_POINT('',(0.015,0.229232454971662,0.0296169466631668));
#5555=CARTESIAN_POINT('',(0.015,0.230674378992414,0.032247698479355));
#5556=CARTESIAN_POINT('',(0.015,0.243645640826225,0.0192188947849208));
#5557=CARTESIAN_POINT('',(0.015,0.230412772656399,0.0268588947849208));
#5558=CARTESIAN_POINT('',(0.015,0.230616902660037,0.00624769847935507));
#5559=CARTESIAN_POINT('',(0.0155,0.229143192338879,0.00886077671953713));
#5560=CARTESIAN_POINT('',(0.015,0.229143192338879,0.00886077671953713));
#5561=CARTESIAN_POINT('',(0.018,0.229143192338879,0.00886077671953713));
#5562=CARTESIAN_POINT('',(0.018,0.230616902660037,0.00624769847935507));
#5563=CARTESIAN_POINT('',(0.018,0.231886482977557,0.00896581654473871));
#5564=CARTESIAN_POINT('',(0.0155,0.231886482977557,0.00896581654473871));
#5565=CARTESIAN_POINT('',(0.015,0.231886482977557,0.00896581654473871));
#5566=CARTESIAN_POINT('',(0.015,0.230616902660037,0.00624769847935507));
#5567=CARTESIAN_POINT('',(0.015,0.243645640826225,0.0192188947849208));
#5568=CARTESIAN_POINT('',(0.015,0.230412772656399,0.0115788947849208));
#5569=CARTESIAN_POINT('',(0.018,0.243645640826225,0.0192188947849208));
#5570=CARTESIAN_POINT('',(0.018,0.230412772656399,0.0115788947849208));
#5571=CARTESIAN_POINT('',(0.018,0.230412772656399,0.0115788947849208));
#5572=CARTESIAN_POINT('',(0.018,0.243645640826225,0.0192188947849208));
#5573=CARTESIAN_POINT('',(0.018,0.230412772656399,0.0268588947849208));
#5574=CARTESIAN_POINT('',(0.018,0.230412772656399,0.0268588947849208));
#5575=CARTESIAN_POINT('',(0.018,0.243645640826225,0.0192188947849208));
#5576=CARTESIAN_POINT('',(0.018,0.256878508996052,0.0268588947849208));
#5577=CARTESIAN_POINT('',(0.018,0.256878508996052,0.0268588947849208));
#5578=CARTESIAN_POINT('',(0.018,0.243645640826225,0.0192188947849208));
#5579=CARTESIAN_POINT('',(0.018,0.256878508996052,0.0115788947849208));
#5580=CARTESIAN_POINT('',(0.018,0.256878508996052,0.0115788947849208));
#5581=CARTESIAN_POINT('',(0.018,0.243645640826225,0.0344988947849207));
#5582=CARTESIAN_POINT('',(0.018,0.243645640826225,0.0344988947849207));
#5583=CARTESIAN_POINT('',(0.018,0.243645640826225,0.0374988947849208));
#5584=CARTESIAN_POINT('',(0.018,0.243645640826225,0.0192188947849208));
#5585=CARTESIAN_POINT('',(0.018,0.243645640826225,0.00393889478492075));
#5586=CARTESIAN_POINT('',(0.018,0.243645640826225,0.00393889478492075));
#5587=CARTESIAN_POINT('',(0.018,0.243645640826225,0.00693889478492075));
#5588=CARTESIAN_POINT('',(0.018,0.243645640826225,0.0192188947849208));
#5589=CARTESIAN_POINT('',(0.02,0.146341093241602,0.0175402490272211));
#5590=CARTESIAN_POINT('',(0.02,0.147640131347279,0.0167902490272211));
#5591=CARTESIAN_POINT('',(0.02,0.147640131347279,0.0167902490272211));
#5592=CARTESIAN_POINT('',(0.02,0.145042055135925,0.0182902490272211));
#5593=CARTESIAN_POINT('',(0.02,0.145042055135925,0.0182902490272211));
#5594=CARTESIAN_POINT('',(0.02,0.146341093241602,0.0175402490272211));
#5595=CARTESIAN_POINT('',(0.02,0.144042055135925,0.0165581982196522));
#5596=CARTESIAN_POINT('',(0.02,0.142310004328356,0.0175581982196523));
#5597=CARTESIAN_POINT('',(0.02,0.142310004328356,0.0175581982196523));
#5598=CARTESIAN_POINT('',(0.02,0.144042055135925,0.0165581982196522));
#5599=CARTESIAN_POINT('',(0.02,0.140560004328356,0.0145271093064067));
#5600=CARTESIAN_POINT('',(0.02,0.138810004328356,0.0114960203931612));
#5601=CARTESIAN_POINT('',(0.02,0.138810004328356,0.0114960203931612));
#5602=CARTESIAN_POINT('',(0.02,0.140560004328356,0.0145271093064067));
#5603=CARTESIAN_POINT('',(0.02,0.139676029732141,0.0109960203931612));
#5604=CARTESIAN_POINT('',(0.02,0.139176029732141,0.0101299949893767));
#5605=CARTESIAN_POINT('',(0.02,0.139176029732141,0.0101299949893767));
#5606=CARTESIAN_POINT('',(0.02,0.139676029732141,0.0109960203931612));
#5607=CARTESIAN_POINT('',(0.02,0.141341093241602,0.00887999498937673));
#5608=CARTESIAN_POINT('',(0.02,0.143506156751063,0.00762999498937673));
#5609=CARTESIAN_POINT('',(0.02,0.143506156751063,0.00762999498937673));
#5610=CARTESIAN_POINT('',(0.02,0.141341093241602,0.00887999498937673));
#5611=CARTESIAN_POINT('',(0.02,0.143289650400117,0.00775499498937673));
#5612=CARTESIAN_POINT('',(0.019,0.143289650400117,0.00775499498937673));
#5613=CARTESIAN_POINT('',(0.019,0.143289650400117,0.00775499498937673));
#5614=CARTESIAN_POINT('',(0.019,0.141341093241602,0.00887999498937673));
#5615=CARTESIAN_POINT('',(0.019,0.139392536083087,0.0100049949893767));
#5616=CARTESIAN_POINT('',(0.019,0.139392536083087,0.0100049949893767));
#5617=CARTESIAN_POINT('',(0.02,0.139392536083087,0.0100049949893767));
#5618=CARTESIAN_POINT('',(0.02,0.141341093241602,0.00887999498937673));
#5619=CARTESIAN_POINT('',(0.02,0.144006156751063,0.00849602039316119));
#5620=CARTESIAN_POINT('',(0.02,0.144872182154847,0.00799602039316116));
#5621=CARTESIAN_POINT('',(0.02,0.144872182154847,0.00799602039316116));
#5622=CARTESIAN_POINT('',(0.02,0.144006156751063,0.00849602039316119));
#5623=CARTESIAN_POINT('',(0.02,0.146622182154847,0.0110271093064067));
#5624=CARTESIAN_POINT('',(0.02,0.148372182154847,0.0140581982196522));
#5625=CARTESIAN_POINT('',(0.02,0.148372182154847,0.0140581982196522));
#5626=CARTESIAN_POINT('',(0.02,0.146622182154847,0.0110271093064067));
#5627=CARTESIAN_POINT('',(0.02,0.146640131347279,0.0150581982196522));
#5628=CARTESIAN_POINT('',(0.02,0.146640131347279,0.0150581982196522));
#5629=CARTESIAN_POINT('',(0.02,0.163629267024205,0.0192188947849208));
#5630=CARTESIAN_POINT('',(0.02,0.141567536083087,0.013772205495839));
#5631=CARTESIAN_POINT('',(0.02,0.143742536083087,0.0175394160023013));
#5632=CARTESIAN_POINT('',(0.02,0.145691093241602,0.0164144160023014));
#5633=CARTESIAN_POINT('',(0.02,0.147639650400117,0.0152894160023014));
#5634=CARTESIAN_POINT('',(0.02,0.145464650400117,0.011522205495839));
#5635=CARTESIAN_POINT('',(0.019,0.145691093241602,0.0164144160023014));
#5636=CARTESIAN_POINT('',(0.019,0.143742536083087,0.0175394160023013));
#5637=CARTESIAN_POINT('',(0.019,0.143742536083087,0.0175394160023013));
#5638=CARTESIAN_POINT('',(0.019,0.145691093241602,0.0164144160023014));
#5639=CARTESIAN_POINT('',(0.019,0.147639650400117,0.0152894160023014));
#5640=CARTESIAN_POINT('',(0.019,0.147639650400117,0.0152894160023014));
#5641=CARTESIAN_POINT('',(0.019,0.141567536083087,0.013772205495839));
#5642=CARTESIAN_POINT('',(0.019,0.141567536083087,0.013772205495839));
#5643=CARTESIAN_POINT('',(0.019,0.145464650400117,0.011522205495839));
#5644=CARTESIAN_POINT('',(0.019,0.145464650400117,0.011522205495839));
#5645=CARTESIAN_POINT('',(0.019,0.14365808053971,0.0130271093064067));
#5646=CARTESIAN_POINT('',(-0.0015,0.116645640826225,0.0192188947849208));
#5647=CARTESIAN_POINT('',(-0.0015,0.116645640826225,0.0192188947849208));
#5648=CARTESIAN_POINT('',(-0.0015,0.116645640826225,0.0222188947849208));
#5649=CARTESIAN_POINT('',(-4.11996825544492E-18,0.116645640826225,0.0192188947849208));
#5650=CARTESIAN_POINT('',(-3.93627123557281E-18,0.116645640826225,0.0222188947849208));
#5651=CARTESIAN_POINT('',(-0.0015,0.116645640826225,0.0192188947849208));
#5652=CARTESIAN_POINT('',(-0.0015,0.116645640826225,0.0192188947849208));
#5653=CARTESIAN_POINT('',(-0.0015,0.116645640826225,0.0232188947849208));
#5654=CARTESIAN_POINT('',(-0.0015,0.163645640826225,0.0192188947849208));
#5655=CARTESIAN_POINT('',(-4.68638986656404E-18,0.163645640826225,0.0192188947849208));
#5656=MECHANICAL_DESIGN_GEOMETRIC_PRESENTATION_REPRESENTATION('',(#3226),
#5657);
#5657=(
GEOMETRIC_REPRESENTATION_CONTEXT(3)
GLOBAL_UNCERTAINTY_ASSIGNED_CONTEXT((#5658))
GLOBAL_UNIT_ASSIGNED_CONTEXT((#5661,#5660,#5659))
REPRESENTATION_CONTEXT('output shell + arm','TOP_LEVEL_ASSEMBLY_PART')
);
#5658=UNCERTAINTY_MEASURE_WITH_UNIT(LENGTH_MEASURE(2.E-5),#5661,
'DISTANCE_ACCURACY_VALUE','Maximum Tolerance applied to model');
#5659=(
NAMED_UNIT(*)
SI_UNIT($,.STERADIAN.)
SOLID_ANGLE_UNIT()
);
#5660=(
NAMED_UNIT(*)
PLANE_ANGLE_UNIT()
SI_UNIT($,.RADIAN.)
);
#5661=(
LENGTH_UNIT()
NAMED_UNIT(*)
SI_UNIT($,.METRE.)
);
#5662=PRODUCT_DEFINITION_SHAPE('','',#5663);
#5663=PRODUCT_DEFINITION('','',#5665,#5664);
#5664=PRODUCT_DEFINITION_CONTEXT('',#5671,'design');
#5665=PRODUCT_DEFINITION_FORMATION_WITH_SPECIFIED_SOURCE('','',#5667,
 .NOT_KNOWN.);
#5666=PRODUCT_RELATED_PRODUCT_CATEGORY('','',(#5667));
#5667=PRODUCT('output shell + arm','output shell + arm',
'output shell + arm',(#5669));
#5668=PRODUCT_CATEGORY('','');
#5669=PRODUCT_CONTEXT('',#5671,'mechanical');
#5670=APPLICATION_PROTOCOL_DEFINITION('international standard',
'ap242_managed_model_based_3d_engineering',2020,#5671);
#5671=APPLICATION_CONTEXT('managed model based 3d engineering');
ENDSEC;
END-ISO-10303-21;
